time,tip_u_z,elbow_u_z
0.010000,-2.15724915198935e-13,1.016572551374539e-05
0.020000,-5.619409286040271e-13,4.546933454628038e-05
0.030000,4.607804849731358e-12,0.0001058739009358779
0.040000,1.217012935077575e-10,0.0001920359673527009
0.050000,1.844937663023299e-09,0.0003118472431435239
0.060000,2.004087982824938e-08,0.0004672396552479413
0.070000,1.615589348065379e-07,0.0006639655971765778
0.080000,9.840986743058883e-07,0.0009108547288052581
0.090000,4.576043679139875e-06,0.00121208781095394
0.100000,1.634048658850383e-05,0.001575636391655504
0.110000,4.503565534389764e-05,0.002010393209960513
0.120000,9.667013038353933e-05,0.002521343699864265
0.130000,0.0001650547501180736,0.003116987710927896
0.140000,0.0002344114681688724,0.003805306795379212
0.150000,0.0002980256631746039,0.004591114591506721
0.160000,0.0003651237394962975,0.005482501736749126
0.170000,0.0004422033275183179,0.006486125798460806
0.180000,0.0005251104352814698,0.007606325993944606
0.190000,0.0006157539652652094,0.008850505713425882
0.200000,0.0007223510258685674,0.01022405616267219
0.210000,0.0008438245320544768,0.01173095326748512
0.220000,0.0009775609744162776,0.01337813327335179
0.230000,0.001128550004868605,0.015170510723347
0.240000,0.001296474726318111,0.01711280718223292
0.250000,0.001476952221310236,0.01921245602559872
0.260000,0.001672636759897102,0.02147422525545064
0.270000,0.001883497102272302,0.02390270753266415
0.280000,0.002104813124757948,0.0265044616571582
0.290000,0.00233842010045778,0.02928366046797998
0.300000,0.002586058785754259,0.03224533997956358
0.310000,0.002847011236451649,0.03539593566717005
0.320000,0.003128347092364854,0.03873931013020639
0.330000,0.003436125556810418,0.0422807325249264
0.340000,0.003766854148815611,0.04602641021147171
0.350000,0.00411445286662331,0.0499799382485332
0.360000,0.00446943963395283,0.05414648128090015
0.370000,0.004825482852219821,0.0585316400528005
0.380000,0.005192717540406747,0.06313888075361314
0.390000,0.005583470384980711,0.06797393397270945
0.400000,0.005997276907352639,0.07304321786549253
0.410000,0.006431205140968668,0.07835183328966071
0.420000,0.006886052731650929,0.08390612908840679
0.430000,0.007364500396813601,0.08970925560484755
0.440000,0.007867736493614431,0.09575933837459823
0.450000,0.008388859601690137,0.1020550850871689
0.460000,0.008922909331918086,0.1085984218406101
0.470000,0.009475113842096705,0.1153989967942204
0.480000,0.0100443014973662,0.1224739878629862
0.490000,0.01062385495272447,0.1298349289381022
0.500000,0.01121831875218706,0.1374819091053211
0.510000,0.01183182270588088,0.1454109213134662
0.520000,0.01245906761025972,0.1536215894227206
0.530000,0.01309849609176659,0.1621205970788536
0.540000,0.01375149316702722,0.1709137469230778
0.550000,0.01441662486274274,0.1799986488982536
0.560000,0.01509725750532017,0.1893758685644453
0.570000,0.01580253112805501,0.1990553210597028
0.580000,0.01653843069124215,0.2090449036935725
0.590000,0.01730044950141362,0.2193465608359799
0.600000,0.01807587672600957,0.2299636189203653
0.610000,0.01885570758983814,0.2409036672717778
0.620000,0.01963833216035126,0.252173335936207
0.630000,0.02042639933951033,0.2637730601739771
0.640000,0.02122530460384586,0.2757038238189123
0.650000,0.02203368849088419,0.2879726932610761
0.660000,0.02284577542351151,0.3005823447048457
0.670000,0.02366809555614232,0.3135304181186613
0.680000,0.02450838484185276,0.3268216004729967
0.690000,0.02536043087949459,0.3404620251183098
0.700000,0.0262204717867867,0.3544517335751719
0.710000,0.02709158075421953,0.368794171040592
0.720000,0.0279717959054093,0.383496946509801
0.730000,0.02885798931432558,0.3985631551455521
0.740000,0.02974548466339359,0.4139945788760289
0.750000,0.03062759866829364,0.4297966189134529
0.760000,0.03150615076590169,0.4459740270088571
0.770000,0.03238342913089868,0.4625283181509883
0.780000,0.03325777340466557,0.4794621505447227
0.790000,0.03413826595033728,0.4967805502379446
0.800000,0.03503131398671351,0.514485496516573
0.810000,0.03592406452524795,0.5325774770225367
0.820000,0.03680513720021334,0.551060754019617
0.830000,0.03767321914729913,0.5699372168449141
0.840000,0.03852671569028719,0.589205254580642
0.850000,0.03936986663915783,0.6088690603475494
0.860000,0.0402100076686714,0.6289344497365256
0.870000,0.04104409830212999,0.6494041639361268
0.880000,0.0418662482516977,0.6702853198293711
0.890000,0.04267797390667023,0.6915830852776552
0.900000,0.04348284448105871,0.7132923049177678
0.910000,0.04427842611845546,0.7354084164044832
0.920000,0.04505579505044194,0.757931683222133
0.930000,0.04581031662592529,0.7808646231328868
0.940000,0.04654599402532011,0.8042183864560076
0.950000,0.04726386637809658,0.8280056662051937
0.960000,0.04796116682732664,0.8522269687501223
0.970000,0.04863974366514601,0.8768776477125411
0.980000,0.04930159669661691,0.9019563692934818
0.990000,0.04994468382711793,0.9274633336210025
1.000000,0.05056490495392096,0.9534012665063014
1.010000,0.05115702890183329,0.9797515392556391
1.020000,0.05172301401100341,1.006480455788336
1.030000,0.05227391760651957,1.033587902042158
1.040000,0.05281423411344212,1.061080891987049
1.050000,0.05333846526170076,1.088949711998963
1.060000,0.05384184869546948,1.117189951984412
1.070000,0.05431791211033459,1.145790721376275
1.080000,0.05475675289799233,1.174738747984024
1.090000,0.05515620104281541,1.204030032690249
1.100000,0.05551572561773538,1.233649814536844
1.110000,0.05581817060498045,1.263578099727056
1.120000,0.05604626715426151,1.293804720869478
1.130000,0.05621743845664819,1.324317199695789
1.140000,0.05637102236207044,1.355100704249855
1.150000,0.05651997288556847,1.386141608571704
1.160000,0.05664380622459702,1.417425268217546
1.170000,0.05672906158551503,1.448944215522749
1.180000,0.05678365204803574,1.480690516072752
1.190000,0.05680596137353365,1.512650075888662
1.200000,0.05677785047473544,1.544817511360681
1.210000,0.0566929776954242,1.577188172295115
1.220000,0.05655336837494383,1.609748690508499
1.230000,0.05635360217294659,1.642490695920649
1.240000,0.05610091490473812,1.675406791919916
1.250000,0.05581175995162607,1.708484126115963
1.260000,0.05548439021229887,1.741712450624463
1.270000,0.05511857826033096,1.775081386406819
1.280000,0.05472369794711097,1.808582982957102
1.290000,0.05428998219858348,1.842212182377932
1.300000,0.05381025204000865,1.875953599211994
1.310000,0.05329764747776069,1.909794074772276
1.320000,0.05274566793822161,1.943732874369149
1.330000,0.05213600238139581,1.977763092252287
1.340000,0.05147566207899339,2.011877175286767
1.350000,0.05078117293116752,2.046074328433408
1.360000,0.05007001516489403,2.080341883886472
1.370000,0.04935787738191658,2.114663323520983
1.380000,0.0486290606621317,2.149031650576524
1.390000,0.04785534255137765,2.183437550838349
1.400000,0.04703570335964002,2.217873049723672
1.410000,0.04618054416097356,2.252335067570337
1.420000,0.04529457847781884,2.286815580517001
1.430000,0.04437920369741728,2.321308649227313
1.440000,0.04343458587988543,2.355812997354655
1.450000,0.04247346376127818,2.390327814961637
1.460000,0.04150767287456083,2.424855631611144
1.470000,0.0405283023580613,2.459384560453963
1.480000,0.03953723138341703,2.493882107133483
1.490000,0.03855306824839741,2.528326407604965
1.500000,0.03757632412123244,2.562716319506623
1.510000,0.03660137377454983,2.597060255379288
1.520000,0.03563367109157269,2.631367860512606
1.530000,0.03467405027494469,2.665630574193758
1.540000,0.033721893335362,2.699831645858552
1.550000,0.03277978985222498,2.7339762540887
1.560000,0.03184621558133071,2.768069587625717
1.570000,0.03091862493777885,2.802094042295241
1.580000,0.02999169377346438,2.836034863823806
1.590000,0.02906704594082611,2.869889237938323
1.600000,0.02816789518452613,2.903651129163408
1.610000,0.02731802396938481,2.937310259931976
1.620000,0.02652773650057097,2.97085737371761
1.630000,0.02579799546654047,3.004288795533201
1.640000,0.0251162852735633,3.037601703230944
1.650000,0.02448230374400786,3.070787142800296
1.660000,0.02391595864402623,3.103844034007913
1.670000,0.02341052792773326,3.136779186729613
1.680000,0.02294505194124947,3.169586463268892
1.690000,0.02252985066963622,3.202257317301193
1.700000,0.02217998770414859,3.234793236333636
1.710000,0.02189862497703632,3.267187879686985
1.720000,0.02169540305835008,3.299427101961179
1.730000,0.02157529119599627,3.331502663263402
1.740000,0.02154252941198525,3.363408621689928
1.750000,0.02161074495332297,3.395139554596184
1.760000,0.02178506881831619,3.426691063857269
1.770000,0.02207134805179339,3.458055510089089
1.780000,0.02247646291311274,3.489224809558868
1.790000,0.02298419028850627,3.520195347171861
1.800000,0.02358664717690145,3.550970360274035
1.810000,0.02430352555757322,3.581553351786572
1.820000,0.0251439797919074,3.61193608381641
1.830000,0.0261132117224211,3.642109820548147
1.840000,0.02722876609869014,3.672075891039155
1.850000,0.02849049871453947,3.701828779977499
1.860000,0.02988619146920687,3.731359060970492
1.870000,0.03141878817522481,3.760667251934817
1.880000,0.03309809341074295,3.78974523105012
1.890000,0.03493319408846102,3.818575501254713
1.900000,0.03692904917814409,3.84715694187261
1.910000,0.03908535963871818,3.87549693050946
1.920000,0.04140924455981362,3.903597101176817
1.930000,0.04390768528248058,3.931458716630842
1.940000,0.04657876212835271,3.95907408864829
1.950000,0.0494258364999108,3.986425014586538
1.960000,0.05245409037257344,4.013500910484225
1.970000,0.05566497490426328,4.040300799071597
1.980000,0.05906306895771549,4.066829009521651
1.990000,0.06264552046687592,4.093093795896418
2.000000,0.06640871912258013,4.119092575619278
2.010000,0.07036737096433275,4.144821545217148
2.020000,0.07453219700113393,4.170292341541299
2.030000,0.07889584895842447,4.195509816054786
2.040000,0.08345435198831694,4.220466141574351
2.050000,0.08820890086403732,4.245154917532498
2.060000,0.09316037096071569,4.269572417283147
2.070000,0.09831939174452765,4.293720394224301
2.080000,0.1037030136390261,4.317604498022273
2.090000,0.1093197482392568,4.34122734757922
2.100000,0.1151646922953134,4.364588924403994
2.110000,0.1212346560272329,4.387690276795787
2.120000,0.1275389845476056,4.410535498582558
2.130000,0.1340763174234602,4.433127445596241
2.140000,0.1408270204217149,4.455466540046328
2.150000,0.1477829606044498,4.477560314485017
2.160000,0.1549509593359085,4.499418015897837
2.170000,0.1623391069885201,4.521039147947954
2.180000,0.1699601536873805,4.542423588467963
2.190000,0.1778212232520707,4.563573183919719
2.200000,0.1859181266530378,4.584481389073767
2.210000,0.1942515233848691,4.605143865040255
2.220000,0.2028258086197357,4.625563512115676
2.230000,0.2116464222626243,4.645738091279933
2.240000,0.220721296272573,4.665664720673654
2.250000,0.2300455194518138,4.68534868399006
2.260000,0.2396070449719915,4.704798803033786
2.270000,0.249400642948257,4.724022152460387
2.280000,0.2594188168702353,4.743018399126083
2.290000,0.2696612399885369,4.761783685272907
2.300000,0.2801391172932959,4.780318765866757
2.310000,0.2908503765223868,4.798620829405074
2.320000,0.3017907364703168,4.816688036126163
2.330000,0.3129698534834313,4.834532367028223
2.340000,0.3243896817552412,4.852157749858719
2.350000,0.3360498023442063,4.869549886230274
2.360000,0.3479574572233922,4.886702302076656
2.370000,0.3601052781146566,4.903617762433356
2.380000,0.3724815073817182,4.920296953373692
2.390000,0.3850916019950766,4.936745541233956
2.400000,0.3979401414838381,4.95296998782395
2.410000,0.4110220692554875,4.968971320102183
2.420000,0.4243329688148915,4.984749789823203
2.430000,0.4378731560025649,5.000302278861628
2.440000,0.4516458685034635,5.015626268590616
2.450000,0.4656423517574474,5.030724436204275
2.460000,0.4798484912716401,5.04559469784538
2.470000,0.4942700054406826,5.06023116559917
2.480000,0.5089146649331309,5.0746332002644
2.490000,0.5237746289958349,5.088805458640813
2.500000,0.5388485204632988,5.102756621391313
2.510000,0.5541414621346427,5.116487980965317
2.520000,0.5696512976716126,5.129984704663862
2.530000,0.585374651585529,5.14323866781487
2.540000,0.6013069884610515,5.156259654289819
2.550000,0.617447813035524,5.169051695084289
2.560000,0.6338024504583277,5.181609489210915
2.570000,0.6503638723258707,5.193934583101231
2.580000,0.6671227168193919,5.206031347031986
2.590000,0.6840817400173099,5.217899104573311
2.600000,0.7012373357872269,5.229536603350975
2.610000,0.7185802501266559,5.240943805122095
2.620000,0.7361029681995568,5.252119644062738
2.630000,0.7537958070699283,5.263062053262387
2.640000,0.7716676829179295,5.273771563768544
2.650000,0.7897360616144994,5.284250888207231
2.660000,0.8079897429631838,5.294496762064255
2.670000,0.8264138642749617,5.304503235731556
2.680000,0.845011602596161,5.31427144008908
2.690000,0.8637801617740347,5.323802302649847
2.700000,0.8827181703952904,5.333091258424932
2.710000,0.9018296385870194,5.342136099936148
2.720000,0.9211040048941621,5.350939499096754
2.730000,0.9405332349934419,5.35951007931552
2.740000,0.9601200214792271,5.367857917370791
2.750000,0.979857718723567,5.375982879764949
2.760000,0.9997360832192022,5.38387873190953
2.770000,1.019746708866495,5.391542119645658
2.780000,1.039886135224867,5.398970108037627
2.790000,1.060163249844574,5.406162143350862
2.800000,1.08057431391712,5.413121392543355
2.810000,1.101105406844586,5.419847716772217
2.820000,1.121768080068263,5.426338163362368
2.830000,1.142574586654894,5.432588422130689
2.840000,1.163510767238021,5.438593458142297
2.850000,1.18456277832899,5.444356260751294
2.860000,1.205722485394399,5.449885020905697
2.870000,1.226983162986016,5.455180461029311
2.880000,1.248344602848804,5.460242691054216
2.890000,1.269795018458416,5.465080117434893
2.900000,1.291321119483026,5.469695646860582
2.910000,1.312931412329648,5.474083917295073
2.920000,1.334629673800022,5.478244794624204
2.930000,1.356404698857882,5.482178038283692
2.940000,1.378252757178413,5.485874208864423
2.950000,1.400177783849978,5.489327116353119
2.960000,1.422187179178419,5.492543583617953
2.970000,1.444279454285991,5.495531317004136
2.980000,1.466434041046133,5.498287344996997
2.990000,1.488640596204245,5.500804462525266
3.000000,1.510901688360783,5.503082645976869
3.010000,1.533205301304635,5.505127853519332
3.020000,1.5555403762459,5.506943921034056
3.030000,1.577904995895619,5.508530977917673
3.040000,1.600293092136204,5.509888876259309
3.050000,1.62270988991187,5.511020051364113
3.060000,1.645165477300732,5.511927449642771
3.070000,1.667651053169742,5.51261010364145
3.080000,1.69015263320374,5.513063641799024
3.090000,1.712660088037996,5.513284215939461
3.100000,1.735171063686445,5.513271819990396
3.110000,1.757697153698104,5.513027726108587
3.120000,1.780236097843185,5.512550060162011
3.130000,1.802773205254533,5.511839410391084
3.140000,1.825311314949852,5.510901512342533
3.150000,1.847847031394116,5.509737873394316
3.160000,1.87036309178392,5.508345382344206
3.170000,1.892859127398361,5.506722517973457
3.180000,1.915335527537061,5.504866805192244
3.190000,1.937781770384766,5.502776986875378
3.200000,1.960193713211981,5.500459856306146
3.210000,1.982564031330791,5.497922990010246
3.220000,2.004889658397954,5.495163885390042
3.230000,2.027181726651071,5.492176370822932
3.240000,2.049435364341017,5.488959201646196
3.250000,2.071637003449823,5.485510533710456
3.260000,2.093789226104056,5.481826302326799
3.270000,2.115891615261166,5.47790923402775
3.280000,2.137941244159284,5.473766276317574
3.290000,2.159941584258678,5.469396951711546
3.300000,2.181884840124649,5.464795940119905
3.310000,2.203762482527209,5.459963261617753
3.320000,2.225573892326773,5.454903741342565
3.330000,2.247310076371368,5.44961816851874
3.340000,2.268964905043058,5.444103169206857
3.350000,2.290538220196078,5.438359219356955
3.360000,2.312022501428087,5.432391345141954
3.370000,2.333418807195685,5.426202813491502
3.380000,2.354735294654371,5.419792806101881
3.390000,2.375965539019429,5.413158245245766
3.400000,2.397098984510471,5.406293930250843
3.410000,2.41813420780373,5.399195248735531
3.420000,2.439077924120825,5.391861307810004
3.430000,2.459936874855754,5.384293878078211
3.440000,2.480704891930636,5.376497481473117
3.450000,2.501381265791023,5.368477688982193
3.460000,2.521978511306491,5.360233752624938
3.470000,2.542486824073709,5.351763606130596
3.480000,2.562884546395082,5.343075248576971
3.490000,2.583169431273622,5.334175366294555
3.500000,2.603337985218429,5.325059619637007
3.510000,2.623384500188833,5.315724562738133
3.520000,2.643317153192651,5.306171452005465
3.530000,2.663141319224475,5.296401496718619
3.540000,2.682863530534386,5.286415029685911
3.550000,2.702493701157477,5.276208600719888
3.560000,2.722023896706493,5.265779343735456
3.570000,2.74144955635196,5.255128789577847
3.580000,2.76078324290868,5.244257046564807
3.590000,2.780026970970448,5.233167428866899
3.600000,2.799173697197637,5.221869525623106
3.610000,2.818212691394678,5.210367683574316
3.620000,2.837129475016055,5.198664304226718
3.630000,2.855931685403194,5.186768074745125
3.640000,2.874633895713558,5.174680197419402
3.650000,2.893230140641067,5.162392499380394
3.660000,2.911722770529869,5.149905322569158
3.670000,2.930124316991693,5.137226984037928
3.680000,2.94843742542822,5.124361996918716
3.690000,2.966671693068496,5.111309637715502
3.700000,2.984831470931564,5.098065595794787
3.710000,3.002902417319735,5.084626440519966
3.720000,3.020885244410871,5.070995784837177
3.730000,3.038791071549559,5.057180856220969
3.740000,3.056615895445407,5.043188426451584
3.750000,3.074356148046624,5.02902590455566
3.760000,3.092017228090965,5.014701000778651
3.770000,3.109611679697947,5.000220826483877
3.780000,3.127150830191395,4.98558772373131
3.790000,3.14462211492198,4.97080091537752
3.800000,3.162013693002363,4.955863690538417
3.810000,3.179342547309629,4.940777378595944
3.820000,3.196620048789117,4.925539183949598
3.830000,3.213844843694921,4.910154762647115
3.840000,3.231027242977091,4.894634903972624
3.850000,3.248177476360935,4.878983898999985
3.860000,3.265303146983364,4.863203516542393
3.870000,3.282409997062068,4.84729568703001
3.880000,3.299485481796037,4.831261944765567
3.890000,3.316521319878245,4.815104760174661
3.900000,3.333529977481302,4.798827097975583
3.910000,3.350517418737621,4.782436472635888
3.920000,3.367481699490888,4.765940188443385
3.930000,3.384426460625365,4.749336343614199
3.940000,3.401360330252054,4.732627627982356
3.950000,3.418297392237779,4.715828600729534
3.960000,3.435238083062079,4.698946342577278
3.970000,3.452169168873152,4.681978096649757
3.980000,3.469099690699764,4.664924854176766
3.990000,3.486049008611527,4.647789387407471
4.000000,3.503019947955175,4.630575749948307
4.010000,3.520013735588715,4.613290527255207
4.020000,3.537027188804265,4.595932440882917
4.030000,3.554054706617585,4.578496828254083
4.040000,3.571114459567656,4.560989893888616
4.050000,3.588225681530737,4.543421634628076
4.060000,3.60538295093137,4.525796670926344
4.070000,3.622578148794216,4.50811920227587
4.080000,3.639807836574052,4.490397292611757
4.090000,3.657070818116746,4.472641734231787
4.100000,3.674370600069469,4.454857022654362
4.110000,3.691703095407342,4.437037080354575
4.120000,3.709068058164667,4.419178687192613
4.130000,3.726481814496034,4.401288462956858
4.140000,3.743955305487849,4.383375501651654
4.150000,3.761497535970571,4.365447489810756
4.160000,3.779125786085606,4.347505341124478
4.170000,3.796842217849439,4.329545059381685
4.180000,3.814638252603696,4.311569807773716
4.190000,3.832511602043434,4.293586456468479
4.200000,3.850453752604883,4.275598398390936
4.210000,3.868455825812944,4.257612074678335
4.220000,3.88652121641556,4.239641109713345
4.230000,3.904654285957245,4.22169863400651
4.240000,3.922859516352847,4.203788404703255
4.250000,3.941143909929197,4.185908936927283
4.260000,3.959510411177468,4.168065291566903
4.270000,3.977960324527092,4.150260741222582
4.280000,3.996493894488662,4.132484740863654
4.290000,4.015111701365734,4.114729688806071
4.300000,4.033818595499461,4.097003257759289
4.310000,4.052618424126637,4.079317003946377
4.320000,4.0715188167549,4.061679252940614
4.330000,4.090527145374047,4.044095916517483
4.340000,4.109628996267805,4.0265720788847
4.350000,4.128808650639241,4.009116939958001
4.360000,4.148074756683362,3.991740541460773
4.370000,4.167431959182164,3.974446156466909
4.380000,4.186868048562916,3.957232866117597
4.390000,4.206375841879965,3.940098578491323
4.400000,4.2259614135476,3.92304249270693
4.410000,4.245641751099716,3.906068265781331
4.420000,4.265423359301672,3.889177810904004
4.430000,4.285290410736605,3.872371521063325
4.440000,4.305240405287136,3.855654257701451
4.450000,4.325288949701162,3.839026693757541
4.460000,4.345436046696735,3.822489958888763
4.470000,4.365672933675777,3.806058005820886
4.480000,4.385989306186717,3.789737827845737
4.490000,4.406368133240311,3.773522129189753
4.500000,4.426809374385345,3.757413201300076
4.510000,4.447324398641299,3.741419570650385
4.520000,4.467911893268757,3.725541158037422
4.530000,4.488575095648125,3.709778580307112
4.540000,4.509320877709919,3.694137187577486
4.550000,4.530141886261551,3.67862235552098
4.560000,4.551032057537819,3.663236791093658
4.570000,4.571989076036301,3.647975719428948
4.580000,4.593007006931309,3.632832129914651
4.590000,4.614082988223161,3.617804133411789
4.600000,4.635207333400623,3.602894405469474
4.610000,4.656372264628407,3.588111380845453
4.620000,4.677592024301075,3.573463249238125
4.630000,4.698875849145675,3.558948862319198
4.640000,4.720216330806561,3.544564538331914
4.650000,4.741608544510198,3.530309406372814
4.660000,4.763039312171057,3.516180361627432
4.670000,4.784493375713666,3.502176107103796
4.680000,4.805972957174137,3.488300332708652
4.690000,4.827474865456783,3.474555483340909
4.700000,4.848989451995196,3.460942215776091
4.710000,4.870524718404688,3.447463794663228
4.720000,4.892089612754646,3.434127009567766
4.730000,4.913679641172056,3.420934602573256
4.740000,4.935285440027529,3.407877058526473
4.750000,4.956896930286908,3.394940869775887
4.760000,4.978513532196897,3.382120196018112
4.770000,5.000137384209863,3.369413521254665
4.780000,5.0217593963736,3.356823388517951
4.790000,5.043376037226369,3.344353815033657
4.800000,5.064987283176657,3.331999530899904
4.810000,5.086580997051939,3.31976110440466
4.820000,5.108151453620568,3.307655244752438
4.830000,5.129696189911142,3.295688034225587
4.840000,5.151198734382496,3.28385063452247
4.850000,5.172651425413394,3.272139980590985
4.860000,5.194059741698044,3.260554964925336
4.870000,5.215424053654704,3.249090612488466
4.880000,5.236747099181083,3.237742004768332
4.890000,5.258030550184373,3.226504210586189
4.900000,5.279267842637568,3.215377542909904
4.910000,5.300460810786992,3.204363485808903
4.920000,5.32161696262594,3.193458286392338
4.930000,5.342733997467016,3.182666876904013
4.940000,5.363795744877594,3.172001380040324
4.950000,5.384772936124371,3.161463763444692
4.960000,5.405648649376544,3.151051501423804
4.970000,5.426427839654611,3.140762743433093
4.980000,5.447106117222552,3.130593045400393
4.990000,5.467679121701584,3.120543362761729
5.000000,5.48816396635775,3.110616882151532
5.010000,5.508566557103856,3.100810226327912
5.020000,5.528879006298439,3.091122034845963
5.030000,5.549110129621207,3.081553739397045
5.040000,5.569265387328833,3.072099305065717
5.050000,5.589328778405817,3.062749034140528
5.060000,5.609281481806383,3.053498962680879
5.070000,5.629109066988873,3.044356710946107
5.080000,5.648808533916779,3.03533643089524
5.090000,5.668391620348308,3.026443663656758
5.100000,5.687862864506215,3.017678916084999
5.110000,5.707213447215833,3.009044013240248
5.120000,5.726436315226453,3.000531862340754
5.130000,5.745530295381914,2.992134618250538
5.140000,5.764495842960668,2.983852932296291
5.150000,5.783326376692711,2.975677451176419
5.160000,5.802010593471599,2.967593892527663
5.170000,5.820551938489893,2.959605008346116
5.180000,5.838965092133828,2.9517206610629
5.190000,5.857254277235426,2.943947034721484
5.200000,5.875412521529039,2.936286292461444
5.210000,5.893430879744731,2.928733266006317
5.220000,5.911303170721355,2.921283702451993
5.230000,5.929028441852227,2.913937056881731
5.240000,5.946606821075082,2.906690892133402
5.250000,5.964034961699451,2.899544398419994
5.260000,5.981307839562503,2.892491798439307
5.270000,5.998425799468034,2.885523589998172
5.280000,6.015398235923037,2.878645562831199
5.290000,6.032227986185009,2.871865901860146
5.300000,6.048904639232632,2.865178243758056
5.310000,6.06542723079708,2.85857932741991
5.320000,6.081802661461643,2.852069059496188
5.330000,6.098024355002086,2.845640003313597
5.340000,6.114086010101458,2.83929037494401
5.350000,6.129992453916098,2.833019237572879
5.360000,6.145742752489735,2.826816629458075
5.370000,6.161333718427181,2.820679347367878
5.380000,6.17677322343357,2.81460981869196
5.390000,6.192073566317665,2.808605610945418
5.400000,6.207241405407554,2.802669543634411
5.410000,6.222270591611468,2.79680875778425
5.420000,6.237145997812386,2.791024943447033
5.430000,6.251859197863864,2.785314285456039
5.440000,6.266409823006209,2.779665404027255
5.450000,6.280799828210652,2.774071520650085
5.460000,6.295034318601099,2.768539815104198
5.470000,6.30911667622086,2.763068565121506
5.480000,6.32305132733612,2.757647652445144
5.490000,6.336853179368877,2.752281215882835
5.500000,6.350535843655191,2.746972055969646
5.510000,6.364099737277331,2.741707246619218
5.520000,6.37753716695313,2.736474927589736
5.530000,6.390833813298247,2.731272467852865
5.540000,6.403975545672843,2.726106104876871
5.550000,6.416963625457458,2.720988370329045
5.560000,6.429811147309349,2.715925080160287
5.570000,6.442523939515174,2.710914147446697
5.580000,6.45509768300588,2.705954792503014
5.590000,6.467536190999454,2.701050008188119
5.600000,6.479854709266839,2.696200853521173
5.610000,6.492057819232984,2.691395117376545
5.620000,6.504138438491728,2.686614483444234
5.630000,6.516100280927187,2.681853468282452
5.640000,6.527955246270964,2.677115863895406
5.650000,6.53970924431413,2.672406570922488
5.660000,6.551362531732837,2.667734448585926
5.670000,6.562908021841761,2.663103646278076
5.680000,6.574337274780179,2.658511765956377
5.690000,6.585652725115966,2.653963438189761
5.700000,6.596858986713604,2.64946583379963
5.710000,6.60795328562961,2.645018496396118
5.720000,6.61893255078529,2.640615962587115
5.730000,6.629802057902094,2.63625109701557
5.740000,6.640579099557437,2.631922008120863
5.750000,6.651277493000435,2.627632761207631
5.760000,6.661894057548952,2.623382637077875
5.770000,6.67243066246299,2.619171829517299
5.780000,6.682900407400228,2.615005750231663
5.790000,6.693304851411273,2.610882698563359
5.800000,6.703640652928916,2.6068033742517
5.810000,6.713907243615688,2.602779223692851
5.820000,6.724093598352988,2.598810915496259
5.830000,6.734193385818554,2.594890402805207
5.840000,6.744216239060899,2.591019624698758
5.850000,6.754169203685423,2.587200455443661
5.860000,6.764061817498765,2.583431117112354
5.870000,6.773909952295367,2.579717118184442
5.880000,6.783714050566709,2.576065484573382
5.890000,6.793465054053969,2.572475845402665
5.900000,6.803163747937205,2.568940774466617
5.910000,6.812817993823741,2.565453504243375
5.920000,6.82243399312192,2.562016185262048
5.930000,6.832005961129765,2.558633513526849
5.940000,6.841524709643044,2.55530793599877
5.950000,6.851005101013152,2.552045609761631
5.960000,6.860473091840628,2.548851886768318
5.970000,6.869935086658599,2.545727248730573
5.980000,6.879386969397056,2.542669558986522
5.990000,6.888823390779319,2.539668766766374
6.000000,6.898233761605933,2.536716497408766
6.010000,6.90761531419908,2.533822339243832
6.020000,6.91697714036551,2.530997572842314
6.030000,6.926326071972496,2.528237351845417
6.040000,6.935663712061633,2.525536512589597
6.050000,6.944993281871325,2.522904513443927
6.060000,6.954324480684505,2.520353866887648
6.070000,6.963666959055251,2.517881496146165
6.080000,6.973020296083789,2.51547054211473
6.090000,6.982382224197449,2.513110698531843
6.100000,6.991756707822215,2.510803241068797
6.110000,7.001152563071789,2.508551658793707
6.120000,7.01058441523697,2.506362085459065
6.130000,7.020056163258789,2.504238825459658
6.140000,7.029552642044853,2.502179298492583
6.150000,7.039071854148601,2.50018799610802
6.160000,7.048628741836811,2.498276297648894
6.170000,7.058220078851696,2.496445249617101
6.180000,7.067833000228497,2.494689197564222
6.190000,7.077471984178843,2.493003214798303
6.200000,7.087149531181368,2.491380530358662
6.210000,7.096875498437446,2.489817242501737
6.220000,7.106656921067681,2.488311786235022
6.230000,7.116497715918697,2.486860652996086
6.240000,7.126404620690943,2.4854623929702
6.250000,7.136385815800792,2.484116587384844
6.260000,7.146445673387448,2.482826832915056
6.270000,7.156583001136624,2.481603520932526
6.280000,7.166783862924318,2.480450105989824
6.290000,7.177032753892927,2.479363601480339
6.300000,7.187332678395411,2.478344496979742
6.310000,7.197690387997922,2.477387546565746
6.320000,7.20810671470502,2.476485083829054
6.330000,7.218596356807708,2.47564176431686
6.340000,7.229179368703111,2.474862228000067
6.350000,7.239858002224569,2.47414052815352
6.360000,7.250629155470276,2.473471552528641
6.370000,7.261498247577991,2.472851387868888
6.380000,7.272466545111864,2.472272141457837
6.390000,7.283521948152403,2.471729102319428
6.400000,7.294647516049649,2.471227242232786
6.410000,7.305835588953308,2.470776361462954
6.420000,7.317094451036285,2.470380471628274
6.430000,7.328443338030169,2.470039424312931
6.440000,7.339894893018711,2.469756385957058
6.450000,7.351439539471429,2.469528610144086
6.460000,7.363062595198853,2.469343047933225
6.470000,7.374768007802764,2.469193662178626
6.480000,7.386562549939576,2.469083964875533
6.490000,7.398440448470923,2.469013018451033
6.500000,7.410400608405475,2.46897555008231
6.510000,7.422450040388512,2.468970289768103
6.520000,7.434588441472962,2.469005666343413
6.530000,7.446809370426021,2.46909329926107
6.540000,7.459108719393044,2.469230460242214
6.550000,7.471483808534326,2.469402375495937
6.560000,7.483927246480563,2.469599544236089
6.570000,7.496430698184818,2.469821839265953
6.580000,7.508998605610209,2.47007701692216
6.590000,7.521637196371731,2.470367873275076
6.600000,7.534334747299573,2.470681076121218
6.610000,7.547079355417281,2.47101309598807
6.620000,7.559872768865595,2.471378742185886
6.630000,7.572714020833792,2.471780697997805
6.640000,7.585598325885589,2.472214015661266
6.650000,7.598519913968114,2.472681337416889
6.660000,7.611467355647302,2.473175482175562
6.670000,7.624439290947351,2.473686463766109
6.680000,7.637443614387237,2.474218299964905
6.690000,7.650472319910916,2.474769392858154
6.700000,7.6635095137062,2.475327821771046
6.710000,7.676552458920873,2.475889067665834
6.720000,7.689606894567081,2.476455649146217
6.730000,7.702675298068373,2.477033488916182
6.740000,7.715743562633113,2.477628783132479
6.750000,7.72878359936093,2.478240970805645
6.760000,7.741779069016612,2.478866355260813
6.770000,7.754725700141003,2.479497809949611
6.780000,7.767618083246849,2.480124940868726
6.790000,7.780457269862391,2.480747456440826
6.800000,7.79324448180592,2.481368690216924
6.810000,7.805973163803398,2.481982888881975
6.820000,7.818647799234026,2.482587381388741
6.830000,7.83127903499879,2.483181702492473
6.840000,7.843857543872081,2.483754799497534
6.850000,7.856363024475577,2.48429689789466
6.860000,7.868779773313087,2.484808242167509
6.870000,7.881087354969329,2.48529176177192
6.880000,7.893266036296226,2.485753300570226
6.890000,7.905318494842103,2.486197479302322
6.900000,7.917259294575605,2.486620678459137
6.910000,7.929081807953664,2.48701652244951
6.920000,7.940763375513429,2.487378785056543
6.930000,7.952296683360031,2.48769924013861
6.940000,7.963686023110104,2.487965533599723
6.950000,7.974928653972091,2.488162400309225
6.960000,7.986019589837057,2.488284052451128
6.970000,7.996953696864323,2.48833396341022
6.980000,8.007723800800468,2.48831024036104
6.990000,8.018326687359954,2.488213969067405
7.000000,8.028754575437699,2.48805652455712
7.010000,8.038991206249094,2.487836822281526
7.020000,8.049025937490647,2.487536371424578
7.030000,8.058853613062796,2.487144476778445
7.040000,8.068469886312476,2.48666587358825
7.050000,8.077874480230124,2.486103179865061
7.060000,8.087066958347888,2.485444070840602
7.070000,8.096046497838731,2.484671554630419
7.080000,8.104810103478885,2.483780610307795
7.090000,8.113344768130629,2.482774621692095
7.100000,8.121645295086097,2.481655334047504
7.110000,8.129719162141711,2.48042039720185
7.120000,8.137554804989492,2.479059860024412
7.130000,8.145133132391468,2.477564818174024
7.140000,8.152459870946915,2.475939586326247
7.150000,8.159541295894437,2.474186300115963
7.160000,8.166364724602309,2.47229281745038
7.170000,8.1729217201,2.47024722137432
7.180000,8.17921735582482,2.468043406669559
7.190000,8.185261917383796,2.465678726470799
7.200000,8.191061628507692,2.463159670795394
7.210000,8.196608260408329,2.460494662248118
7.220000,8.20188482133535,2.457680398334204
7.230000,8.206879918176806,2.454706595654227
7.240000,8.21159539964623,2.451565969694128
7.250000,8.216041073930073,2.448254092827547
7.260000,8.220214047340033,2.444764541465218
7.270000,8.224103003537575,2.441090375859277
7.280000,8.227717081064249,2.437233405783422
7.290000,8.231076857253052,2.433198818725565
7.300000,8.234190754650649,2.428980240682625
7.310000,8.237058361015995,2.424567081322541
7.320000,8.239667730620956,2.419956935654213
7.330000,8.241998782551722,2.41514929223204
7.340000,8.244043791334938,2.410143773302048
7.350000,8.245804092000714,2.404946759274301
7.360000,8.247284155761209,2.399563590773736
7.370000,8.248497401203888,2.393990649472458
7.380000,8.249455582160628,2.388226135776392
7.390000,8.250163821894997,2.382274836391093
7.400000,8.250625570423429,2.3761316862212
7.410000,8.250841211080937,2.369778646454129
7.420000,8.250818237274467,2.363204813129006
7.430000,8.250565194975552,2.356409380469617
7.440000,8.250070127373869,2.349391789058655
7.450000,8.249326357721321,2.342159678704233
7.460000,8.248349625938015,2.334728165736463
7.470000,8.247142594579781,2.327101879923616
7.480000,8.24569491931152,2.319278240387917
7.490000,8.244007225230396,2.311255920568669
7.500000,8.242081572819036,2.303028083618473
7.510000,8.23992319963631,2.294589965424883
7.520000,8.237547431779237,2.285946147412967
7.530000,8.234964737295757,2.277094051752841
7.540000,8.232181903976942,2.268021543179746
7.550000,8.2292067023388,2.258727120311933
7.560000,8.22604390031141,2.249223448361519
7.570000,8.222700963119779,2.239520506208297
7.580000,8.219177348159908,2.229613979610781
7.590000,8.215461327925116,2.219494124227742
7.600000,8.211557271598995,2.20916342634677
7.610000,8.207477147687531,2.198633221589007
7.620000,8.203217846376072,2.18790772898632
7.630000,8.198781100207347,2.176983422354108
7.640000,8.194176402392751,2.165851669158945
7.650000,8.189409072766482,2.154500648987047
7.660000,8.18449684416289,2.142929950715863
7.670000,8.179456962309052,2.131153097302034
7.680000,8.174279367088884,2.119176310927245
7.690000,8.168951823696199,2.106993781411965
7.700000,8.163482734194497,2.094605377472677
7.710000,8.1578846786383,2.082016714923072
7.720000,8.152162070898171,2.06922475634151
7.730000,8.146313851308102,2.056222608774677
7.740000,8.14033976532234,2.043011298435313
7.750000,8.13424641378538,2.029594727905817
7.760000,8.128049671631643,2.015975527869201
7.770000,8.121772260038636,2.00215728958959
7.780000,8.115423430571477,1.988139358988699
7.790000,8.108985695316544,1.973917565995824
7.800000,8.102442315197724,1.959493605854142
7.810000,8.095795178794553,1.944871794364051
7.820000,8.089047463345988,1.930051725504539
7.830000,8.082200335671022,1.915032108462882
7.840000,8.075262477943712,1.899813945804914
7.850000,8.068247501483764,1.884400695234639
7.860000,8.061168337207663,1.868797068887158
7.870000,8.054032264887988,1.85300460865856
7.880000,8.046844291898344,1.837020307364808
7.890000,8.039608619999656,1.820834044742912
7.900000,8.032316502726612,1.804434896256077
7.910000,8.024957376931555,1.787832440998598
7.920000,8.017537173870723,1.771050058014634
7.930000,8.010061577137071,1.754095105730845
7.940000,8.002530549778923,1.736967113915966
7.950000,7.994948672163834,1.719676243413657
7.960000,7.987311894731371,1.702227375472678
7.970000,7.979615308054237,1.684614336062129
7.980000,7.971872472191702,1.666832144775099
7.990000,7.964089823500072,1.648874054523548
8.000000,7.9562604247314,1.630732860502737
8.010000,7.948394129421453,1.612410994877248
8.020000,7.940506513928963,1.59391841168668
8.030000,7.932595930760603,1.575268017990772
8.040000,7.924653206822403,1.556469883857664
8.050000,7.916671984509745,1.537525111844102
8.060000,7.908650706368316,1.518432885245576
8.070000,7.90058748615748,1.499195604678427
8.080000,7.892473569649304,1.479818698257527
8.090000,7.884305572897301,1.460312339984189
8.100000,7.876090665524708,1.440678685734727
8.110000,7.867836374646914,1.420905951731901
8.120000,7.85955524947175,1.400990395462614
8.130000,7.851259728670671,1.380941309698823
8.140000,7.842944644786727,1.360763702195845
8.150000,7.834597893579793,1.340461251903519
8.160000,7.82621375315065,1.320040396938038
8.170000,7.817786723017077,1.299500528015086
8.180000,7.809313031832263,1.278840760239548
8.190000,7.800792950725191,1.25806892492755
8.200000,7.792223257209376,1.237190145287178
8.210000,7.783595309823442,1.21620038015723
8.220000,7.774904156711796,1.195099096763821
8.230000,7.766163306874877,1.173895919966159
8.240000,7.757394319061079,1.152596905681377
8.250000,7.748595511918811,1.131198313860305
8.260000,7.739747202380079,1.109701491910037
8.270000,7.730836263745355,1.088113912872352
8.280000,7.721856389220289,1.066436071750851
8.290000,7.712808693411755,1.044668219190905
8.300000,7.703697819791333,1.022815395495824
8.310000,7.694514507626684,1.000876888787145
8.320000,7.685251839831602,0.9788525469313527
8.330000,7.675926927674777,0.956751432300976
8.340000,7.666553679769463,0.9345792012997644
8.350000,7.65712065378621,0.9123298368453571
8.360000,7.647608396291012,0.8899910042251046
8.370000,7.638006470477194,0.8675554636273473
8.380000,7.628311887177605,0.8450328914946812
8.390000,7.618519219745071,0.8224390845637128
8.400000,7.608623976636737,0.7997777404918908
8.410000,7.598630999607939,0.7770482016967382
8.420000,7.588540380493408,0.7542551851612734
8.430000,7.578344347331631,0.7314046018146597
8.440000,7.568046413683502,0.7084981308726128
8.450000,7.557650304385667,0.6855235058299298
8.460000,7.547146172231044,0.66245856689886
8.470000,7.536532134853677,0.639298018668163
8.480000,7.525816031589152,0.6160552256954047
8.490000,7.51499628445087,0.5927376411408561
8.500000,7.504066320665701,0.5693478930437015
8.510000,7.493019398349032,0.5458939903514392
8.520000,7.481845496994457,0.5223781202128921
8.530000,7.470538348972637,0.4987938859511851
8.540000,7.459093100575455,0.4751405400429147
8.550000,7.447499444740902,0.451423273589293
8.560000,7.435750894490047,0.4276400298642051
8.570000,7.42385447454881,0.4037811242905166
8.580000,7.411827100241108,0.3798405596113797
8.590000,7.39967978977557,0.3558182200415687
8.600000,7.387409205816284,0.3317161619505298
8.610000,7.375009260523736,0.3075394980858482
8.620000,7.362474750331691,0.2832922229786952
8.630000,7.349795384340952,0.2589726581336205
8.640000,7.336965704808762,0.2345809254762029
8.650000,7.323989161101901,0.2101231068606197
8.660000,7.310862502030604,0.1856034355789522
8.670000,7.297573756830908,0.1610200620246558
8.680000,7.284117184114904,0.1363701149089859
8.690000,7.270502173210237,0.1116552017399041
8.700000,7.256745375787744,0.0868779165779324
8.710000,7.242853278350827,0.06203575258981207
8.720000,7.228821444517663,0.03712591667234343
8.730000,7.214642498187088,0.01214849517109073
8.740000,7.200306509943311,-0.01289802491850385
8.750000,7.185812596440229,-0.03801100954998298
8.760000,7.171168617412168,-0.06318405328684581
8.770000,7.156366155197828,-0.08841988368117915
8.780000,7.141394015184579,-0.1137198992406723
8.790000,7.126268203245548,-0.1390705176044656
8.800000,7.111008800674157,-0.1644610946057619
8.810000,7.095617167837905,-0.1898959872755538
8.820000,7.080087195220971,-0.2153823116999091
8.830000,7.064408608948347,-0.2409254273537237
8.840000,7.048574309576499,-0.2665287683470878
8.850000,7.032589585731177,-0.2921873428140159
8.860000,7.016456057090608,-0.317892670641142
8.870000,7.000169385533174,-0.3436426434586435
8.880000,6.98373415542413,-0.3694380631816404
8.890000,6.967156625751745,-0.3952719873599026
8.900000,6.950439804439474,-0.4211326665682795
8.910000,6.93358554637621,-0.4470235237011679
8.920000,6.916589773120685,-0.472965658392285
8.930000,6.899453638857195,-0.498970344574874
8.940000,6.882186306376848,-0.5250288918766052
8.950000,6.864787353577431,-0.5511305602460294
8.960000,6.847254951929167,-0.5772684296551385
8.970000,6.829596093729959,-0.6034367600361366
8.980000,6.811808451443627,-0.6296335677859959
8.990000,6.793883951753797,-0.6558567137312222
9.000000,6.775825142351347,-0.6821018409748427
9.010000,6.757631183431434,-0.7083689873186244
9.020000,6.739292958410505,-0.7346617672368562
9.030000,6.720813481262045,-0.7609813710221721
9.040000,6.70221034040838,-0.7873301103442237
9.050000,6.683497939522616,-0.8137139405178645
9.060000,6.66467797383549,-0.8401330221829867
9.070000,6.645746888268729,-0.8665773161685076
9.080000,6.626702788155405,-0.8930402648224006
9.090000,6.607540354509601,-0.9195252169911596
9.100000,6.588253611168809,-0.9460308513711581
9.110000,6.568843629596478,-0.9725486481480857
9.120000,6.549309051693723,-0.999074199574592
9.130000,6.529642982349946,-1.025606595034406
9.140000,6.50984463523544,-1.0521445088874
9.150000,6.489919174016564,-1.07868637352634
9.160000,6.469876676069238,-1.105229380413043
9.170000,6.449734194619056,-1.131771719077071
9.180000,6.429501277208863,-1.15831326092419
9.190000,6.409170749097652,-1.184853451777521
9.200000,6.388734391906269,-1.211393713831389
9.210000,6.368192909423341,-1.237932738674126
9.220000,6.347546810642871,-1.264463892849921
9.230000,6.326787302946131,-1.290988397935109
9.240000,6.305903475122357,-1.317510406961556
9.250000,6.284898336308038,-1.344018215977649
9.260000,6.263784805239667,-1.370496795572335
9.270000,6.242571627083554,-1.39694381320408
9.280000,6.221262367586672,-1.42336026481745
9.290000,6.199852799312005,-1.449750204169846
9.300000,6.178333607298867,-1.476121088569334
9.310000,6.156708078646489,-1.502469949693167
9.320000,6.134987015279513,-1.528789314630093
9.330000,6.11316795391672,-1.555079856142086
9.340000,6.091244918637247,-1.581340035887442
9.350000,6.06922431972658,-1.607558830163556
9.360000,6.047115385850511,-1.633724130230249
9.370000,6.024918712969836,-1.659831143483518
9.380000,6.002628139222359,-1.685886225789476
9.390000,5.980240430617353,-1.711899939028499
9.400000,5.957759522461479,-1.737875625229597
9.410000,5.935187342884412,-1.763806244780899
9.420000,5.912521792481328,-1.789677920654525
9.430000,5.889764652852353,-1.815483596884954
9.440000,5.866917827125324,-1.841229031257935
9.450000,5.843981423336912,-1.866913195974911
9.460000,5.82095783026923,-1.892523036572161
9.470000,5.797845027310535,-1.91805400531239
9.480000,5.774637659968711,-1.943511158509274
9.490000,5.751337696917378,-1.968894857508688
9.500000,5.727951480503672,-1.994201641780265
9.510000,5.704485178654525,-2.019431668243896
9.520000,5.680947820710377,-2.044587916260186
9.530000,5.657343866390037,-2.069667531435702
9.540000,5.633666065372638,-2.094660537854134
9.550000,5.609907631159011,-2.119561878909755
9.560000,5.586073112513788,-2.144371849212381
9.570000,5.562168382226212,-2.169086538478082
9.580000,5.538187245356236,-2.193702272653638
9.590000,5.51411977180977,-2.218217530981413
9.600000,5.489965048479206,-2.242628328160969
9.610000,5.465724219571679,-2.266937739449645
9.620000,5.441398373246258,-2.291153421770733
9.630000,5.416997260034679,-2.315271133328098
9.640000,5.392532099757988,-2.339285590115954
9.650000,5.368006582671494,-2.363200860070702
9.660000,5.343421686797305,-2.387015601935821
9.670000,5.318777349167298,-2.410723212420914
9.680000,5.294072364775227,-2.434322943073457
9.690000,5.269304493493448,-2.457815975302911
9.700000,5.244466038476007,-2.481202031870851
9.710000,5.219549612498192,-2.504478511610333
9.720000,5.194556257510468,-2.527637244503024
9.730000,5.169491968567704,-2.550670148931895
9.740000,5.144365195955076,-2.573574185462841
9.750000,5.119180136179616,-2.596353138503344
9.760000,5.093929716372994,-2.619017800961682
9.770000,5.068611807292392,-2.641572434129871
9.780000,5.043237116948615,-2.664013398299259
9.790000,5.017808926108661,-2.686345850868304
9.800000,4.992321539542113,-2.708575942841944
9.810000,4.966773671998921,-2.730694955951745
9.820000,4.94116577395284,-2.752690248524144
9.830000,4.915498356378095,-2.774554962311178
9.840000,4.889771893556781,-2.796286339914282
9.850000,4.863981206392774,-2.817889991338864
9.860000,4.838121415737483,-2.839375175929292
9.870000,4.81219708912896,-2.860741932864237
9.880000,4.786214553174974,-2.881982039005799
9.890000,4.760172741537469,-2.903089399852619
9.900000,4.734069127108833,-2.924066715186841
9.910000,4.707909444775789,-2.944921208121946
9.920000,4.681700673434344,-2.965652237430701
9.930000,4.655436410194942,-2.986251559187411
9.940000,4.62910575660615,-3.006716327883621
9.950000,4.602707379935934,-3.027049845692285
9.960000,4.576242792813091,-3.047254796863914
9.970000,4.549712892001107,-3.067331326712119
9.980000,4.523120841708608,-3.087275853910182
9.990000,4.496466286378777,-3.107086103478092
10.000000,4.469745527701352,-3.126765187401721
10.010000,4.442954846015843,-3.146312153869486
10.020000,4.416090901683195,-3.165718358532446
10.030000,4.389156820523187,-3.184980888842633
10.040000,4.362156259673328,-3.204104630162522
10.050000,4.335084438701864,-3.223086124345847
10.060000,4.307937750116021,-3.241913619415506
10.070000,4.280715140751809,-3.260586372376809
10.080000,4.253413670712275,-3.279114696895162
10.090000,4.226036504683121,-3.297500648620279
10.100000,4.198586103462786,-3.315739460478055
10.110000,4.171057888353944,-3.333830869572381
10.120000,4.143455142111214,-3.351772414105529
10.130000,4.115780921084794,-3.369558150087172
10.140000,4.088025871026437,-3.387186748993076
10.150000,4.060186576132659,-3.404656417555291
10.160000,4.032263095151868,-3.421963316805288
10.170000,4.004244305808591,-3.439109291191611
10.180000,3.976121533716339,-3.456095142334696
10.190000,3.947895538564241,-3.472912245379594
10.200000,3.919572215692499,-3.489549578595084
10.210000,3.891160197632138,-3.506003103970101
10.220000,3.862657463792955,-3.522275514117516
10.230000,3.834057090430328,-3.538368233818132
10.240000,3.805365602662651,-3.554277976957014
10.250000,3.776587545208272,-3.570004580916684
10.260000,3.74771727274748,-3.585553746700975
10.270000,3.718751966092043,-3.600926580668762
10.280000,3.689683680514548,-3.616115473745584
10.290000,3.660504472134934,-3.631106897720324
10.300000,3.631222211940409,-3.645885681436574
10.310000,3.601837905239024,-3.660448046386605
10.320000,3.572335896039937,-3.674803147859058
10.330000,3.542710139292312,-3.688953164683273
10.340000,3.512966464571053,-3.702888561231227
10.350000,3.48310908483265,-3.716603755885417
10.360000,3.45313749257124,-3.730099101953811
10.370000,3.423048191384027,-3.743374489444457
10.380000,3.392846756598609,-3.756431637614515
10.390000,3.362545539094239,-3.769270551222438
10.400000,3.332143182647257,-3.781881271710183
10.410000,3.301627144919792,-3.794251901754006
10.420000,3.270988803803926,-3.806382494232089
10.430000,3.240227656491331,-3.81827685909661
10.440000,3.209351595249772,-3.829926316332064
10.450000,3.178362889161744,-3.841317890200946
10.460000,3.147250118289064,-3.852450168026714
10.470000,3.116007995823114,-3.863327390648579
10.480000,3.084639246857668,-3.873948241799212
10.490000,3.053141520338753,-3.884308565037283
10.500000,3.021517210723482,-3.894407496390885
10.510000,2.989776162852988,-3.904247423747787
10.520000,2.957921981108,-3.913827301779027
10.530000,2.925949623757295,-3.923138266875195
10.540000,2.893853568660457,-3.932171462128221
10.550000,2.861637324944332,-3.940927091176743
10.560000,2.829305975660003,-3.94941062225265
10.570000,2.796850177777891,-3.957621245646451
10.580000,2.764262782857442,-3.965549399021557
10.590000,2.731552361931383,-3.973187657889479
10.600000,2.698721955991728,-3.980535687620071
10.610000,2.665771169157636,-3.987591245157606
10.620000,2.632707705716013,-3.994347716853
10.630000,2.599528066918699,-4.000804807253306
10.640000,2.566221544264883,-4.006968505818232
10.650000,2.532789977748087,-4.012839575688279
10.660000,2.499233764842739,-4.018414674198105
10.670000,2.465549841712573,-4.023692981348942
10.680000,2.43174506959929,-4.028672379711868
10.690000,2.397822117336823,-4.033347062218327
10.700000,2.363774975557844,-4.037714145016789
10.710000,2.329605232604874,-4.04177509402533
10.720000,2.295321034561073,-4.045530766088858
10.730000,2.260926109013173,-4.048983753525597
10.740000,2.226415658857512,-4.052140807637502
10.750000,2.19178111757027,-4.055001006937978
10.760000,2.157020661590257,-4.057548570009155
10.770000,2.122137926350151,-4.059770380328515
10.780000,2.087134244960883,-4.061669582788093
10.790000,2.052008418412111,-4.063253130090638
10.800000,2.016754689255378,-4.06452139465189
10.810000,1.981367412661148,-4.065472537719605
10.820000,1.94585136314507,-4.066104646578169
10.830000,1.91021302098482,-4.066417421963916
10.840000,1.874451741472802,-4.066417458918296
10.850000,1.838569260671933,-4.066112585649188
10.860000,1.802575132858255,-4.065499186992841
10.870000,1.766475023938817,-4.064566919420717
10.880000,1.730254004247574,-4.063313867774005
10.890000,1.693888468292886,-4.061743166883265
10.900000,1.65737809213399,-4.059852635999936
10.910000,1.62073535851623,-4.057639217970354
10.920000,1.583956819979476,-4.055098113876577
10.930000,1.547036528732016,-4.052219404117241
10.940000,1.509975169537989,-4.049002784461017
10.950000,1.472770136059218,-4.045459703532577
10.960000,1.435426868308511,-4.04159309999486
10.970000,1.397955627733876,-4.037399089477008
10.980000,1.360353368412651,-4.032883170978804
10.990000,1.322616346148675,-4.028051349545001
11.000000,1.284745822035883,-4.022897202507318
11.010000,1.246736348024704,-4.017409212811995
11.020000,1.208583830967204,-4.011582652417383
11.030000,1.170284588823022,-4.005421996159383
11.040000,1.13182645670101,-3.998930985975659
11.050000,1.093199393009566,-3.992104303037765
11.060000,1.054399273255211,-3.984937614821555
11.070000,1.015430553067878,-3.977433144963367
11.080000,0.9763079602296412,-3.969590171156298
11.090000,0.9370333589097559,-3.961407277053448
11.100000,0.8975960409791792,-3.952884985594423
11.110000,0.8579979223111052,-3.944020352648022
11.120000,0.8182402945191722,-3.934817522815488
11.130000,0.7783136611849324,-3.925289563277333
11.140000,0.7382175405992417,-3.915436466847483
11.150000,0.6979520269942225,-3.905248462942067
11.160000,0.6575079821641604,-3.894724322328102
11.170000,0.6168840994408785,-3.88386025694833
11.180000,0.5760839563479406,-3.872645646112389
11.190000,0.5351052327013167,-3.861081810446021
11.200000,0.4939442387290415,-3.84918157558356
11.210000,0.4525942821673469,-3.836954744263589
11.220000,0.4110457589110039,-3.824404391084406
11.230000,0.369292629728118,-3.811526457652166
11.240000,0.3273367812429051,-3.79831411480234
11.250000,0.2851905584217894,-3.784769153130802
11.260000,0.242859994998597,-3.770899858080721
11.270000,0.2003337799469353,-3.75670790244031
11.280000,0.1576071320160938,-3.74218742908005
11.290000,0.1146852643620391,-3.72733582243589
11.300000,0.07155968429579287,-3.712161560853478
11.310000,0.02821712493622082,-3.696677635956854
11.320000,-0.01533950066917697,-3.68088838715533
11.330000,-0.05909702452236857,-3.664791175257085
11.340000,-0.1030484883999449,-3.648384625584253
11.350000,-0.1472038996755601,-3.631666963200894
11.360000,-0.1915802696663753,-3.614640042806469
11.370000,-0.2361812066897821,-3.597315669491112
11.380000,-0.280998641841207,-3.579701253016752
11.390000,-0.326026614615886,-3.561790158155344
11.400000,-0.3712737353213242,-3.543579708433441
11.410000,-0.4167588555668246,-3.525082105534674
11.420000,-0.4624788621070203,-3.506309027229789
11.430000,-0.5084124970422887,-3.48726279678427
11.440000,-0.5545596093709104,-3.467948680605669
11.450000,-0.6009272439180667,-3.448380141060611
11.460000,-0.647507165374046,-3.428566807437154
11.470000,-0.6942995561385661,-3.408508750287746
11.480000,-0.7413081056650351,-3.388202793623893
11.490000,-0.7885238628714321,-3.367646458477787
11.500000,-0.8359511333758674,-3.346841995534364
11.510000,-0.8836100163310293,-3.32579921015172
11.520000,-0.9315125557530229,-3.304525690877327
11.530000,-0.9796597764180264,-3.283022010670381
11.540000,-1.028040126765225,-3.261296055446414
11.550000,-1.076638313684506,-3.239364291155201
11.560000,-1.125449324885401,-3.21723341859346
11.570000,-1.174465043191071,-3.194901664801978
11.580000,-1.223675922916379,-3.172375392210192
11.590000,-1.273084334960125,-3.14966729090064
11.600000,-1.322688415198273,-3.126787746811677
11.610000,-1.372487645666128,-3.103746238348121
11.620000,-1.422499708727939,-3.080547792447121
11.630000,-1.472733561013376,-3.057185731756137
11.640000,-1.523178487724447,-3.033648438874729
11.650000,-1.573824892577535,-3.009934839681057
11.660000,-1.624662574303811,-2.986054116694275
11.670000,-1.675680206969273,-2.962014143251771
11.680000,-1.726876196507659,-2.937825895836234
11.690000,-1.778252828428015,-2.913506292069494
11.700000,-1.829807966149483,-2.889061175338752
11.710000,-1.881530160910894,-2.864488017664216
11.720000,-1.933403113335441,-2.839796941882659
11.730000,-1.985419000345015,-2.814999689458783
11.740000,-2.037571341844162,-2.79009010471199
11.750000,-2.089854882152894,-2.76505620770665
11.760000,-2.142278623358211,-2.739895591396381
11.770000,-2.194843908573851,-2.714617313550694
11.780000,-2.247537948829517,-2.689237897471861
11.790000,-2.300359719030656,-2.663767161348021
11.800000,-2.353299531971546,-2.638201794521212
11.810000,-2.4063276561641,-2.612538778767425
11.820000,-2.459436268098726,-2.586783780249561
11.830000,-2.512633053339013,-2.56094628675161
11.840000,-2.565904245509121,-2.535031286568004
11.850000,-2.619225743782014,-2.509034725744138
11.860000,-2.672583366532144,-2.482953763727501
11.870000,-2.725980761023983,-2.45679459961996
11.880000,-2.779428215862441,-2.430561832862227
11.890000,-2.832910242805657,-2.404258285310926
11.900000,-2.886398163417619,-2.377893090869288
11.910000,-2.939881941132584,-2.351471554448294
11.920000,-2.99335622484082,-2.324995166776392
11.930000,-3.046814236603934,-2.298474057215615
11.940000,-3.100246404258726,-2.271913111289729
11.950000,-3.153621737015171,-2.245300379532738
11.960000,-3.20692101977856,-2.218628402996453
11.970000,-3.26016247865047,-2.191905438838253
11.980000,-3.313352606415412,-2.16513928025952
11.990000,-3.366474908838018,-2.138330171844624
12.000000,-3.419519299172699,-2.111480753028625
12.010000,-3.472467581523203,-2.084598638266995
12.020000,-3.525291359809045,-2.057688320586305
12.030000,-3.577972234423609,-2.030751278748119
12.040000,-3.630492262129369,-2.003789201869383
12.050000,-3.682831725004699,-1.976800167320238
12.060000,-3.734979851081869,-1.949787085330436
12.070000,-3.786934198767289,-1.922766863092864
12.080000,-3.838702585484765,-1.895751687343613
12.090000,-3.890290627582391,-1.868734203443897
12.100000,-3.941689634723447,-1.841700692704177
12.110000,-3.992889054770167,-1.814643777989442
12.120000,-4.043868622881603,-1.787564927572559
12.130000,-4.094595715843953,-1.760471336562041
12.140000,-4.145060125944518,-1.733369571946888
12.150000,-4.195265631548203,-1.706269312717572
12.160000,-4.245195489307154,-1.679183570697845
12.170000,-4.294832812948375,-1.652118807947764
12.180000,-4.344174366544149,-1.625081135424546
12.190000,-4.39320627469782,-1.598078603770602
12.200000,-4.441907235766769,-1.571105883973288
12.210000,-4.49026874100437,-1.544151709255864
12.220000,-4.538294448610825,-1.517210432175013
12.230000,-4.585988609743947,-1.490274292311205
12.240000,-4.633347963137103,-1.463348870945324
12.250000,-4.680365051542316,-1.436459484973835
12.260000,-4.727030534669661,-1.409613023844886
12.270000,-4.773330132276098,-1.382797618571741
12.280000,-4.81925297642671,-1.356020654452807
12.290000,-4.864792591353606,-1.329300024523126
12.300000,-4.909936405938364,-1.302639911516682
12.310000,-4.954672908068039,-1.276037000424674
12.320000,-4.998994753268818,-1.24948782229747
12.330000,-5.042894149943854,-1.222992107287693
12.340000,-5.086377136381302,-1.196553011358288
12.350000,-5.12945757632197,-1.170171164387453
12.360000,-5.172130096656908,-1.14384871579578
12.370000,-5.214377780570111,-1.117590592062295
12.380000,-5.256194283844755,-1.091399678775686
12.390000,-5.297585647210015,-1.065283676082284
12.400000,-5.338555017108858,-1.039249248382508
12.410000,-5.379080975676186,-1.013289961673455
12.420000,-5.419136594903492,-0.987401505314118
12.430000,-5.458729739745209,-0.9615875137931493
12.440000,-5.497882170296192,-0.9358485471915223
12.450000,-5.53659886161904,-0.9101911220731943
12.460000,-5.574884194633221,-0.8846279792980425
12.470000,-5.612738862658495,-0.8591604088551223
12.480000,-5.650151111461014,-0.8337863271789701
12.490000,-5.687120315209121,-0.8085123106869105
12.500000,-5.723647795544792,-0.7833403254093637
12.510000,-5.759715696280601,-0.758263352308203
12.520000,-5.79531328831677,-0.7332788356276699
12.530000,-5.830449060347922,-0.708397176632753
12.540000,-5.865133152328393,-0.6836343065367584
12.550000,-5.899379047510167,-0.6589943857366264
12.560000,-5.933203131392552,-0.6344689578067302
12.570000,-5.966611365695958,-0.6100503137609689
12.580000,-5.999597679045899,-0.5857341541003258
12.590000,-6.032151257379725,-0.5615231003108474
12.600000,-6.064268073676105,-0.5374290123260235
12.610000,-6.095954080395339,-0.5134576293387021
12.620000,-6.127211960079586,-0.4896087720243582
12.630000,-6.158041442103026,-0.4658947179828293
12.640000,-6.188448526465016,-0.4423334240038599
12.650000,-6.218437457385779,-0.4189319846695423
12.660000,-6.248010193435164,-0.3956889701174919
12.670000,-6.277174319842959,-0.3725990262425618
12.680000,-6.305937817792356,-0.3496522433045794
12.690000,-6.334309568102395,-0.3268381214229698
12.700000,-6.362304040936497,-0.3041568921421042
12.710000,-6.389929460701411,-0.281624346790418
12.720000,-6.417180254163861,-0.2592528310820362
12.730000,-6.444051429760203,-0.2370392900831373
12.740000,-6.470550822356179,-0.2149852244701231
12.750000,-6.496686962150862,-0.1931040851862396
12.760000,-6.522453871082198,-0.1714067891758155
12.770000,-6.547845705424169,-0.1498980784657771
12.780000,-6.572871224646862,-0.1285736072674901
12.790000,-6.597539047063439,-0.1074218762185144
12.800000,-6.621856935086448,-0.08644370861378106
12.810000,-6.645845107237524,-0.06564965253217332
12.820000,-6.669519315286778,-0.04503778904200945
12.830000,-6.692878563834445,-0.02460185544532614
12.840000,-6.715925937211252,-0.004349673201874567
12.850000,-6.738673967091412,0.01570477169834377
12.860000,-6.761130026505465,0.03555565510317498
12.870000,-6.783290851875965,0.0552062148566467
12.880000,-6.805144765691987,0.07465960972329461
12.890000,-6.826685951703601,0.0939144502027581
12.900000,-6.847927968176093,0.1129714774452835
12.910000,-6.868893079168759,0.1318308092897415
12.920000,-6.889593817830854,0.1504839772234332
12.930000,-6.910029989287062,0.1689253946909139
12.940000,-6.930202423199978,0.1871582225923122
12.950000,-6.950124944369656,0.2051804176144818
12.960000,-6.969809277497766,0.2229870616232372
12.970000,-6.989248378693955,0.2405840872635819
12.980000,-7.008434848191965,0.2579800263074222
12.990000,-7.027375790989282,0.275170456243175
13.000000,-7.046080980718092,0.2921417164936809
13.010000,-7.064561754470258,0.3088832150685906
13.020000,-7.082835302715467,0.3253926545398713
13.030000,-7.100913594255688,0.3416771074805468
13.040000,-7.118797807591221,0.3577465747602872
13.050000,-7.13648507814862,0.373598938514315
13.060000,-7.153974019509089,0.3892233577616124
13.070000,-7.171265724555064,0.4046232423929096
13.080000,-7.188362396552777,0.4198095339498691
13.090000,-7.205268698183247,0.4347754743257597
13.100000,-7.221991110404742,0.4495066306089297
13.110000,-7.238533632897172,0.4639974524075553
13.120000,-7.254902228716269,0.4782453110694269
13.130000,-7.27110630357985,0.4922532121558402
13.140000,-7.287151043833108,0.5060335555669225
13.150000,-7.30304133224559,0.5195943945633567
13.160000,-7.318787805785656,0.532935501681263
13.170000,-7.334397629065839,0.5460548323213682
13.180000,-7.34986981965293,0.5589478864505428
13.190000,-7.365202894202958,0.5716101685088585
13.200000,-7.38040011450751,0.5840402064136138
13.210000,-7.395467475067507,0.5962364202703908
13.220000,-7.410404291708438,0.6081953701385386
13.230000,-7.425205379623963,0.6199115767076173
13.240000,-7.439873601144669,0.6313842297917872
13.250000,-7.454413904523391,0.6426243803025353
13.260000,-7.468830341226712,0.6536406021347911
13.270000,-7.483134827575505,0.6644288664364043
13.280000,-7.497334480330961,0.6749900214779414
13.290000,-7.511426752981199,0.6853335124742316
13.300000,-7.525417960393041,0.6954606008205084
13.310000,-7.539314789485323,0.7053647856836968
13.320000,-7.553112780238525,0.7150413689410131
13.330000,-7.566813194217785,0.7244876733600211
13.340000,-7.580416142305477,0.7337029403987455
13.350000,-7.593907970491065,0.742689338801109
13.360000,-7.607285429411752,0.7514497914732198
13.370000,-7.620563040843,0.7599864728456344
13.380000,-7.63375164083606,0.7683000334656569
13.390000,-7.646853387730149,0.7763895712543351
13.400000,-7.65986782521734,0.7842535474919018
13.410000,-7.672799709905637,0.7918913982981399
13.420000,-7.685660362510908,0.7993074904986333
13.430000,-7.698449314293784,0.8065080860487747
13.440000,-7.711153645410946,0.8134957773596692
13.450000,-7.723766255540427,0.8202745153315368
13.460000,-7.736283936161893,0.826849156151944
13.470000,-7.748706455680338,0.8332146481377501
13.480000,-7.76104459071527,0.8393602319004815
13.490000,-7.773308295777664,0.8452861667541808
13.500000,-7.785498995841795,0.8510030531861328
13.510000,-7.797618728157373,0.8565145737693899
13.520000,-7.809666564203707,0.8618142037897992
13.530000,-7.821638159228169,0.8669021429294027
13.540000,-7.833535433070042,0.8717896466310227
13.550000,-7.845360550383253,0.8764832712529566
13.560000,-7.857110463342837,0.8809801377049639
13.570000,-7.868785180385942,0.8852740264408933
13.580000,-7.880390589276875,0.889357597944419
13.590000,-7.891931625378525,0.8932306843234559
13.600000,-7.903406166670358,0.8969047547645093
13.610000,-7.914810999749328,0.9003891834682862
13.620000,-7.926151608500304,0.9036863842482472
13.630000,-7.937433980480435,0.9067995832581308
13.640000,-7.948655128540806,0.9097304518263644
13.650000,-7.959812143586421,0.9124782695652262
13.660000,-7.970906357692549,0.9150436867939524
13.670000,-7.981939748965855,0.9174258826726093
13.680000,-7.992916414629893,0.9196215609599731
13.690000,-8.003836597919859,0.9216277758161725
13.700000,-8.014693475856809,0.9234454661902051
13.710000,-8.025485500617352,0.9250829157667271
13.720000,-8.036219867604279,0.9265474132437915
13.730000,-8.046904164836826,0.9278373062173625
13.740000,-8.057543189966342,0.9289542209213688
13.750000,-8.068137936083945,0.9299059660043453
13.760000,-8.078689915268761,0.9306940294198056
13.770000,-8.089204673938545,0.9313174103732259
13.780000,-8.099683971466154,0.9317761963874809
13.790000,-8.110124862800189,0.9320651834196316
13.800000,-8.120523730693453,0.9321824638157028
13.810000,-8.130872970049142,0.9321346608387047
13.820000,-8.14116672184589,0.9319244857237251
13.830000,-8.151410383879861,0.9315515376756706
13.840000,-8.161612024581231,0.931021653719837
13.850000,-8.171774507037149,0.9303410339295848
13.860000,-8.181901328696856,0.9295082665429967
13.870000,-8.19199785866773,0.9285190181173546
13.880000,-8.202070724911568,0.9273748270072846
13.890000,-8.212126911642535,0.9260808538947722
13.900000,-8.222166822881467,0.9246379697725361
13.910000,-8.23218315276465,0.9230459723739881
13.920000,-8.242168478717208,0.9213082449160854
13.930000,-8.25212120295806,0.9194243735754336
13.940000,-8.2620448672922,0.9173899296339462
13.950000,-8.271942573232016,0.9152055246658416
13.960000,-8.281816469295784,0.912875028506745
13.970000,-8.291671901649547,0.9104021265818956
13.980000,-8.301511685763121,0.9077896044693508
13.990000,-8.311332195140887,0.9050363405890165
14.000000,-8.321133215655907,0.9021440804644498
14.010000,-8.330919633394354,0.8991226213275365
14.020000,-8.340691476073479,0.8959788846093587
14.030000,-8.350445439920906,0.892709225985166
14.040000,-8.360183284073971,0.8893044288211434
14.050000,-8.369909097527749,0.8857588619816467
14.060000,-8.379623725983887,0.8820773555762532
14.070000,-8.389326635022815,0.8782673794164126
14.080000,-8.399019195081674,0.8743286063908414
14.090000,-8.408703182514968,0.8702622981275716
14.100000,-8.418378551534989,0.8660744034268478
14.110000,-8.428044658755905,0.8617653516623486
14.120000,-8.437699215012398,0.8573359158046362
14.130000,-8.447340661930616,0.8527912128324227
14.140000,-8.45697311896124,0.8481289866660406
14.150000,-8.46659879313839,0.8433428837427394
14.160000,-8.4762121694892,0.8384340016602101
14.170000,-8.485810519756107,0.8334072502472704
14.180000,-8.495398099805138,0.828266410516534
14.190000,-8.504976866535232,0.8230137975255452
14.200000,-8.514545334552997,0.8176508182894241
14.210000,-8.524102401298693,0.8121808782205071
14.220000,-8.533647224190473,0.8066086583636332
14.230000,-8.543181051835107,0.8009362462805448
14.240000,-8.552706156953295,0.7951620161824776
14.250000,-8.562223183270516,0.7892807478775034
14.260000,-8.571731766887154,0.7832880758618567
14.270000,-8.581228162407452,0.777186291403423
14.280000,-8.590707240739803,0.7709782492149541
14.290000,-8.600169782442437,0.7646639114319989
14.300000,-8.609617924866212,0.7582483221536056
14.310000,-8.619049885557018,0.7517389017298596
14.320000,-8.628465700418316,0.7451370129160709
14.330000,-8.637866263540891,0.7384414929058147
14.340000,-8.647251141103622,0.7316532945926097
14.350000,-8.656624739027279,0.7247736427251135
14.360000,-8.665991672363139,0.7178043002160002
14.370000,-8.675345973786513,0.7107487546175076
14.380000,-8.684677579025667,0.7036094881108321
14.390000,-8.693982882121883,0.6963858518955933
14.400000,-8.703262587764618,0.6890761742945369
14.410000,-8.712518685657264,0.6816800847979008
14.420000,-8.721754013197705,0.6741964862099591
14.430000,-8.730971136126042,0.6666240540163404
14.440000,-8.740171477527502,0.6589651073289488
14.450000,-8.749355327934301,0.6512215077549275
14.460000,-8.758523119521797,0.6433920101342837
14.470000,-8.767674323957804,0.6354820335581699
14.480000,-8.776806825632537,0.6275045038002403
14.490000,-8.785918603698985,0.6194648412110078
14.500000,-8.795007931797301,0.6113560250427117
14.510000,-8.80407370374385,0.6031696439816863
14.520000,-8.813116933221574,0.5949054320978067
14.530000,-8.822138452168083,0.5865676758901878
14.540000,-8.831136429453521,0.5781572356716337
14.550000,-8.84011030481963,0.5696736313724959
14.560000,-8.849062752500462,0.5611183367854924
14.570000,-8.857996242634725,0.5524937631889966
14.580000,-8.866909695779682,0.5438052697285288
14.590000,-8.875800671449671,0.5350580439223033
14.600000,-8.884672198008117,0.5262487543671477
14.610000,-8.893530226723762,0.5173717811419412
14.620000,-8.902372914123575,0.5084286974271082
14.630000,-8.911194894863934,0.4994211605796662
14.640000,-8.919997695318854,0.4903492923187538
14.650000,-8.92878455551396,0.4812167513935856
14.660000,-8.937556306640667,0.4720238834335861
14.670000,-8.946313490755902,0.4627678785637583
14.680000,-8.95505493681671,0.4534541103816921
14.690000,-8.963780941746467,0.4440916338595448
14.700000,-8.972495627587762,0.4346803796857792
14.710000,-8.98120027052491,0.42521431532958
14.720000,-8.989892279747576,0.4156911102286414
14.730000,-8.998570068833789,0.4061131878015933
14.740000,-9.007232460491807,0.3964825692128728
14.750000,-9.015879370673845,0.3867993191626858
14.760000,-9.024512770131656,0.377066423382942
14.770000,-9.033134545448004,0.3672900530419068
14.780000,-9.041748639774294,0.3574730683045336
14.790000,-9.050358379807415,0.3476141001740475
14.800000,-9.058963330768108,0.3377115027066175
14.810000,-9.06756684294613,0.3277635582509079
14.820000,-9.076174660959765,0.3177702256899933
14.830000,-9.084785575907919,0.3077356444627795
14.840000,-9.09339449847357,0.2976638216804793
14.850000,-9.101997509193591,0.2875549801258392
14.860000,-9.1105912499621,0.2774099731221021
14.870000,-9.119175619858549,0.2672334227258775
14.880000,-9.12775190434553,0.2570274630774888
14.890000,-9.136319435391837,0.2467906966392453
14.900000,-9.144880235998885,0.2365238066283283
14.910000,-9.15343949906255,0.2262257050139153
14.920000,-9.162001163174192,0.2158919747291006
14.930000,-9.170567074655018,0.2055256790766127
14.940000,-9.179136914706511,0.195137991487901
14.950000,-9.187710462972648,0.1847348897034401
14.960000,-9.196288734961916,0.1743143515643013
14.970000,-9.204868514437839,0.1638714110986968
14.980000,-9.213444686643012,0.1534005907512738
14.990000,-9.222016462159994,0.1429017034685207
15.000000,-9.230583874366305,0.1323801231639132
15.010000,-9.239146894518134,0.121836978590323
15.020000,-9.247706557436135,0.1112677926185551
15.030000,-9.256262912221882,0.1006726565812509
15.040000,-9.264817283575375,0.09006045493197909
15.050000,-9.273371855449989,0.07943963512909652
15.060000,-9.281925152018999,0.06880872878450064
15.070000,-9.290474918712794,0.0581623538720674
15.080000,-9.299020190850273,0.04750064452461811
15.090000,-9.307557504588008,0.03682503185537683
15.100000,-9.316083536379926,0.02613450154051449
15.110000,-9.32459677065355,0.01542947224000233
15.120000,-9.333096486726628,0.004709370744515719
15.130000,-9.341584503252658,-0.006029427138035585
15.140000,-9.350059845253153,-0.0167851629076272
15.150000,-9.358518314621929,-0.02754915716128876
15.160000,-9.366961563837696,-0.03831749288308294
15.170000,-9.375392156984779,-0.04909487307328002
15.180000,-9.383805316929642,-0.0598868593492637
15.190000,-9.392195893767401,-0.07069547843214154
15.200000,-9.400561677300109,-0.08152158060985192
15.210000,-9.408900907046128,-0.09236448302846233
15.220000,-9.417212664512361,-0.1032202257113241
15.230000,-9.425493006560018,-0.1140850205009674
15.240000,-9.433735622120507,-0.1249540874183727
15.250000,-9.441938103114818,-0.1358210725494803
15.260000,-9.450099671747626,-0.1466880514469649
15.270000,-9.458218558542219,-0.1575649329328064
15.280000,-9.466294489110979,-0.1684545025083694
15.290000,-9.474326298176187,-0.1793534601816662
15.300000,-9.48231112777149,-0.1902643637480922
15.310000,-9.490245364921499,-0.2011909162002294
15.320000,-9.49812168748527,-0.212130240181374
15.330000,-9.505934085518204,-0.2230774631120651
15.340000,-9.513682518414621,-0.2340304401542399
15.350000,-9.521366759625247,-0.2449883084026009
15.360000,-9.528982990715724,-0.2559501354813836
15.370000,-9.536526306285351,-0.2669185245667866
15.380000,-9.543993985191131,-0.2778998017214896
15.390000,-9.551385807036365,-0.2888933268741183
15.400000,-9.558699053054745,-0.29988955411303
15.410000,-9.565927371656446,-0.3108823987785432
15.420000,-9.573065530623648,-0.3218702175207918
15.430000,-9.580109108632819,-0.3328534863994028
15.440000,-9.587054263916844,-0.3438397753683223
15.450000,-9.593898746847968,-0.3548345641596898
15.460000,-9.600636036136347,-0.3658329014330436
15.470000,-9.607258736776643,-0.3768327475285959
15.480000,-9.613766664439495,-0.3878394960026825
15.490000,-9.620158561609653,-0.3988538283003035
15.500000,-9.62642967343251,-0.4098701960425779
15.510000,-9.632580792652748,-0.4208809716110231
15.520000,-9.638612678526542,-0.4318801233077357
15.530000,-9.644520243961455,-0.4428699716034025
15.540000,-9.650299498594929,-0.4538558471532628
15.550000,-9.655946660262618,-0.4648375804212548
15.560000,-9.661454464887642,-0.4758129438446768
15.570000,-9.666815204895519,-0.486780665492704
15.580000,-9.672022829469565,-0.4977428255415239
15.590000,-9.677074887799478,-0.5087062882487864
15.600000,-9.681969984219789,-0.5196712758437314
15.610000,-9.686702359674111,-0.530626851925784
15.620000,-9.691267576925659,-0.5415653391181399
15.630000,-9.695667658710974,-0.5524856549543334
15.640000,-9.699902603981695,-0.5633871383361163
15.650000,-9.70396864704408,-0.5742735492810948
15.660000,-9.70786167481716,-0.5851500034816843
15.670000,-9.711575930445928,-0.596014237185867
15.680000,-9.715110876507248,-0.6068647995809534
15.690000,-9.718471660047902,-0.6177069309135808
15.700000,-9.721654586692008,-0.6285397429570336
15.710000,-9.724647080027236,-0.6393528816613717
15.720000,-9.727442457563107,-0.6501416419842848
15.730000,-9.730040927559243,-0.6609116383011572
15.740000,-9.732443260780938,-0.671665894462382
15.750000,-9.734650634707293,-0.6824008520253241
15.760000,-9.736661642261433,-0.6931154863826422
15.770000,-9.738470657996569,-0.7038120178843325
15.780000,-9.740073173065339,-0.7144911730339031
15.790000,-9.741467006911545,-0.7251522593742632
15.800000,-9.742648931281801,-0.7357913051525308
15.810000,-9.743614865944545,-0.7464006677257233
15.820000,-9.744362650735475,-0.7569773798588854
15.830000,-9.744894897898893,-0.7675272983344338
15.840000,-9.745216799850526,-0.7780576499529428
15.850000,-9.745328753160152,-0.7885716531002817
15.860000,-9.745228854460596,-0.7990679658959183
15.870000,-9.744919770020131,-0.8095407841437703
15.880000,-9.74440078659106,-0.8199834296220241
15.890000,-9.743662910389052,-0.8303953088910985
15.900000,-9.742700891282288,-0.8407832609722423
15.910000,-9.74151413872568,-0.8511504020132766
15.920000,-9.740098240996508,-0.8614911034667976
15.930000,-9.738451956262409,-0.8718050688888279
15.940000,-9.736579372280486,-0.8821020947647893
15.950000,-9.73448179894732,-0.8923847225790452
15.960000,-9.732160972620255,-0.9026441443100391
15.970000,-9.729621085356133,-0.9128746763057513
15.980000,-9.726863086700538,-0.9230745907051671
15.990000,-9.723887422811485,-0.9332404885801669
16.000000,-9.720696986116343,-0.9433741564651975
16.010000,-9.71729060998895,-0.9534830724485022
16.020000,-9.71366251838316,-0.963569185566479
16.030000,-9.709809299117083,-0.9736303883760645
16.040000,-9.705732986410506,-0.9836700317253324
16.050000,-9.701436183462141,-0.9936945642587093
16.060000,-9.696915696042792,-1.003707402468611
16.070000,-9.692169499168706,-1.01370870934657
16.080000,-9.687204306285921,-1.023693466181625
16.090000,-9.68202713407034,-1.033650620691675
16.100000,-9.676640800176079,-1.043573987073917
16.110000,-9.671048340440812,-1.05346855585871
16.120000,-9.665250100496891,-1.063339404670433
16.130000,-9.659242224831365,-1.073184498310122
16.140000,-9.653023118316762,-1.083002859144816
16.150000,-9.646596223708519,-1.092799790847953
16.160000,-9.639965453273026,-1.10257924624122
16.170000,-9.633127776031866,-1.112338912740745
16.180000,-9.626076070551322,-1.122075501870239
16.190000,-9.618808837305844,-1.131788279716125
16.200000,-9.611329711731985,-1.141477492944268
16.210000,-9.60364919400228,-1.151144409028249
16.220000,-9.59578506692147,-1.160790360773087
16.230000,-9.587741165564223,-1.170413714740227
16.240000,-9.579504418757429,-1.180014498738914
16.250000,-9.571074050560046,-1.189598315832441
16.260000,-9.562458650545775,-1.199165823784389
16.270000,-9.553654463942209,-1.208707189206336
16.280000,-9.544655097957932,-1.218213926720795
16.290000,-9.535458949102736,-1.227686353213442
16.300000,-9.526067470002804,-1.237128910566007
16.310000,-9.516492604630034,-1.246547624505741
16.320000,-9.506746427863471,-1.255948317967336
16.330000,-9.496826925275812,-1.265329514387954
16.340000,-9.486731025558839,-1.274681275299536
16.350000,-9.476462128177936,-1.283998517151813
16.360000,-9.466020532915298,-1.293289254546657
16.370000,-9.455402353860066,-1.302559456946399
16.380000,-9.444603790548372,-1.311801086193663
16.390000,-9.433626952275702,-1.321007651138245
16.400000,-9.422479805372989,-1.330188031383252
16.410000,-9.411165894440511,-1.339352820236761
16.420000,-9.399687843450838,-1.348499777319753
16.430000,-9.388054344441983,-1.357617798199264
16.440000,-9.376267921858455,-1.366695791434493
16.450000,-9.364324634852352,-1.375730513884505
16.460000,-9.352228180350039,-1.384727731351919
16.470000,-9.339982614384649,-1.393690745860029
16.480000,-9.327580842806931,-1.402614690674378
16.490000,-9.315014359321614,-1.411499020416292
16.500000,-9.302285119203624,-1.420350917707205
16.510000,-9.289399811501669,-1.429169526254539
16.520000,-9.276357429654333,-1.437947904526806
16.530000,-9.263152517655531,-1.446688903637368
16.540000,-9.249786129824583,-1.455394509820268
16.550000,-9.236265697267784,-1.464051362026766
16.560000,-9.222602264920745,-1.472646921747523
16.570000,-9.208804867221783,-1.481181026059313
16.580000,-9.19486949102294,-1.48965452345527
16.590000,-9.180787722364592,-1.498066559089224
16.600000,-9.166561894927256,-1.506418755624954
16.610000,-9.152194069733886,-1.514712180911016
16.620000,-9.137680247607237,-1.522947205127804
16.630000,-9.123019616138462,-1.531124239877088
16.640000,-9.108208617618972,-1.539241452752176
16.650000,-9.093236366332047,-1.547294965402819
16.660000,-9.07809465553161,-1.555276861492218
16.670000,-9.062787398051219,-1.563177847299114
16.680000,-9.047330896142354,-1.57099462892158
16.690000,-9.031736368561152,-1.578723641790366
16.700000,-9.015998819277389,-1.586360208221968
16.710000,-9.00011593033669,-1.593910147009916
16.720000,-8.984092472298178,-1.601380039520753
16.730000,-8.967924545990769,-1.608764532083589
16.740000,-8.951605734058633,-1.616058604076692
16.750000,-8.935128499300504,-1.62325937999556
16.760000,-8.918478222469245,-1.630358223659819
16.770000,-8.901655295777365,-1.637355158828802
16.780000,-8.88467756771983,-1.644261201313735
16.790000,-8.867549697946925,-1.651077051210982
16.800000,-8.850265441268812,-1.657792755858286
16.810000,-8.832825688471841,-1.664402328285537
16.820000,-8.815231819193286,-1.670904883526494
16.830000,-8.797479486886017,-1.677299951260127
16.840000,-8.779559131660385,-1.6835844998948
16.850000,-8.761461690044493,-1.689751894524373
16.860000,-8.743188427591944,-1.695797606150493
16.870000,-8.72474459764595,-1.701727065875988
16.880000,-8.706132475562828,-1.707553393008393
16.890000,-8.687356798277463,-1.71328046284234
16.900000,-8.668418731015997,-1.718892790725443
16.910000,-8.649312995282765,-1.72437446783896
16.920000,-8.630040012537355,-1.729727699597521
16.930000,-8.610600061349061,-1.734960285797868
16.940000,-8.590985477711845,-1.740071460403207
16.950000,-8.571192982290455,-1.745059190192303
16.960000,-8.551224642562609,-1.74992618574107
16.970000,-8.531080210540853,-1.754675615396473
16.980000,-8.51076150108282,-1.759309845562132
16.990000,-8.490271250711489,-1.763830955899762
17.000000,-8.469603261336232,-1.768236577140644
17.010000,-8.448748290231114,-1.772517398462218
17.020000,-8.42771393921231,-1.776664603668198
17.030000,-8.406520572964929,-1.780675487704316
17.040000,-8.385171762859541,-1.784548355978762
17.050000,-8.363654902395002,-1.78828288303795
17.060000,-8.341966407041786,-1.791884599340041
17.070000,-8.320105564446603,-1.795359611465649
17.080000,-8.298067827491828,-1.798711423143293
17.090000,-8.275859813646187,-1.801945137102168
17.100000,-8.253486209111951,-1.805064848974958
17.110000,-8.230935350723342,-1.808070323030744
17.120000,-8.208202662306974,-1.810961339970315
17.130000,-8.1852979854787,-1.813737114449486
17.140000,-8.162230850884347,-1.816390196610038
17.150000,-8.139010994996298,-1.818908365309708
17.160000,-8.115645159881797,-1.821287356702193
17.170000,-8.092134573507188,-1.823535717855708
17.180000,-8.068483056080844,-1.825660875932488
17.190000,-8.044692301810519,-1.827664882126214
17.200000,-8.020759510433759,-1.829554904079443
17.210000,-7.996681042210961,-1.831334353148977
17.220000,-7.972445402139012,-1.832994587962634
17.230000,-7.948043145469937,-1.83453499520876
17.240000,-7.923482707314894,-1.835967029478196
17.250000,-7.898777364590484,-1.837293096773305
17.260000,-7.873938891536377,-1.838507945060707
17.270000,-7.848983433181127,-1.83961286327815
17.280000,-7.823918010899597,-1.840611189727238
17.290000,-7.798741385523242,-1.841501987567188
17.300000,-7.773460074601526,-1.842283706341025
17.310000,-7.748076678403646,-1.842954187476421
17.320000,-7.722579134291734,-1.843508935340041
17.330000,-7.696959178995137,-1.843949187956664
17.340000,-7.671227340379061,-1.844289363573599
17.350000,-7.6454009955969,-1.844544888057128
17.360000,-7.619485291145243,-1.844716875202272
17.370000,-7.5934800658465,-1.844798602328612
17.380000,-7.567395224664844,-1.844784140322373
17.390000,-7.541236477561135,-1.844669223289051
17.400000,-7.514998025358214,-1.84445809595788
17.410000,-7.488680417763984,-1.844158173491369
17.420000,-7.462288438969409,-1.843765327193155
17.430000,-7.435826371257878,-1.843273967622285
17.440000,-7.40930963183645,-1.842693739071732
17.450000,-7.382752542672232,-1.842042059607353
17.460000,-7.356152356349118,-1.841327727218046
17.470000,-7.329503813395427,-1.840544723857168
17.480000,-7.302811564047119,-1.839684450643813
17.490000,-7.276090606224018,-1.838749229778963
17.500000,-7.249358430477209,-1.837741538018715
17.510000,-7.222617695991419,-1.836658931473063
17.520000,-7.195860848899684,-1.835506107170276
17.530000,-7.169085005929343,-1.834288269331578
17.540000,-7.142293430455577,-1.833008436940864
17.550000,-7.115501859565873,-1.831679973369745
17.560000,-7.088724728013117,-1.830310895419915
17.570000,-7.06194951931805,-1.828894649493962
17.580000,-7.035164030587276,-1.827435814916637
17.590000,-7.008383398488243,-1.825946415312719
17.600000,-6.981622834745896,-1.824422175739015
17.610000,-6.954889700469969,-1.822851943227304
17.620000,-6.928195404073862,-1.821231358148498
17.630000,-6.901544378997541,-1.81956244158827
17.640000,-6.87494294535102,-1.81785499246315
17.650000,-6.848410441257241,-1.816120784462416
17.660000,-6.821953439909612,-1.814366661084134
17.670000,-6.795558522247594,-1.812597055719415
17.680000,-6.769213620603308,-1.810813489637271
17.690000,-6.742915699938241,-1.809016997263655
17.700000,-6.716666982186392,-1.807211101295242
17.710000,-6.690467121137536,-1.805395931040894
17.720000,-6.66432034204483,-1.803569857084626
17.730000,-6.638252638562338,-1.801733282803054
17.740000,-6.612287958848959,-1.799885105345336
17.750000,-6.586425183803027,-1.798026377977854
17.760000,-6.560667117114579,-1.796160804487169
17.770000,-6.535025249554882,-1.794284009209345
17.780000,-6.509490678416237,-1.792386969929056
17.790000,-6.484046592789094,-1.790471206761325
17.800000,-6.458688395689388,-1.788551053900374
17.810000,-6.433416402426191,-1.786640384573841
17.820000,-6.40824029930093,-1.784742087969807
17.830000,-6.383175513939613,-1.782857664638995
17.840000,-6.358222180493102,-1.780990656030587
17.850000,-6.333375412649392,-1.779131720297644
17.860000,-6.308644595851669,-1.777270635207133
17.870000,-6.284037297073092,-1.775414138633991
17.880000,-6.25954454294316,-1.773562061049242
17.890000,-6.235160396935498,-1.771700168702984
17.900000,-6.210897155510685,-1.769827437777318
17.910000,-6.186765608718881,-1.76795543971073
17.920000,-6.16275647576153,-1.766096002951681
17.930000,-6.138854723179091,-1.764258122944464
17.940000,-6.115056151857568,-1.762436734485046
17.950000,-6.091363696660966,-1.760620905757839
17.960000,-6.067782955629761,-1.7588120690225
17.970000,-6.044319560402342,-1.757015202505526
17.980000,-6.020971352340719,-1.755229202245053
17.990000,-5.997727269547705,-1.753447991267493
18.000000,-5.97458013269571,-1.751666563908244
18.010000,-5.951539598232709,-1.749894968629467
18.020000,-5.928620205673483,-1.748144721217571
18.030000,-5.905816522924252,-1.746408815437549
18.040000,-5.883110980167103,-1.7446864417325
18.050000,-5.860496306898974,-1.742989877671031
18.060000,-5.837970189675636,-1.741316776599036
18.070000,-5.815532006000233,-1.739658122159867
18.080000,-5.793186226954861,-1.73800792765147
18.090000,-5.770925317760123,-1.736352751527185
18.100000,-5.748735730191018,-1.734691428294757
18.110000,-5.726628078627638,-1.73304154206591
18.120000,-5.704620384989916,-1.731411026716267
18.130000,-5.682704025521534,-1.729799375241226
18.140000,-5.66085765625241,-1.728210130784581
18.150000,-5.639068163232295,-1.726644901577649
18.160000,-5.617325747769949,-1.725104404464321
18.170000,-5.595621830152085,-1.723586872117975
18.180000,-5.573952657702223,-1.722087522211496
18.190000,-5.55232023465735,-1.720607874613743
18.200000,-5.530734765910822,-1.719147139421144
18.210000,-5.509211307651698,-1.71770204246073
18.220000,-5.48775705216695,-1.716281972813767
18.230000,-5.466363044637912,-1.714889835458989
18.240000,-5.445012408001123,-1.713510360932006
18.250000,-5.42369196513705,-1.71213742869975
18.260000,-5.40238600937389,-1.710780088951783
18.270000,-5.381072132262156,-1.7094509302327
18.280000,-5.35974232029339,-1.708162919555907
18.290000,-5.338410050026633,-1.706919340673716
18.300000,-5.317081491929728,-1.705716363746616
18.310000,-5.295745835978957,-1.704555058811971
18.320000,-5.274401213127054,-1.703436233688381
18.330000,-5.253056892149507,-1.702356946262129
18.340000,-5.231707085444039,-1.701310364667701
18.350000,-5.210335380187292,-1.700286408274126
18.360000,-5.188941406384044,-1.699285654281841
18.370000,-5.167534574173104,-1.698316339802477
18.380000,-5.14610990546521,-1.697384904283254
18.390000,-5.124648693479862,-1.696509335120892
18.400000,-5.103131615204221,-1.695704382700236
18.410000,-5.081548219561212,-1.694958588413402
18.420000,-5.059904654977923,-1.694265070009712
18.430000,-5.038209701676124,-1.693635680260551
18.440000,-5.016450470300869,-1.693070901943629
18.450000,-4.994603957373538,-1.692560442594057
18.460000,-4.972667302267887,-1.692098385970773
18.470000,-4.950653588997431,-1.691682860742574
18.480000,-4.928567954369613,-1.691320821577097
18.490000,-4.906406521870005,-1.691018729353734
18.500000,-4.884163513964419,-1.690775406020434
18.510000,-4.861826582850468,-1.690599056499655
18.520000,-4.839383046824522,-1.690501813966843
18.530000,-4.816834071804801,-1.690484511845032
18.540000,-4.794181358450498,-1.690543281721753
18.550000,-4.771408097297508,-1.690667222892103
18.560000,-4.748497128564454,-1.690846579736844
18.570000,-4.725453386022528,-1.691094462586113
18.580000,-4.702291205675436,-1.691425103776167
18.590000,-4.67901523804494,-1.691833299872133
18.600000,-4.655620268566332,-1.692317875129959
18.610000,-4.632094528159787,-1.692886621306753
18.620000,-4.608421991048903,-1.693540983000684
18.630000,-4.584592213019723,-1.69427834692428
18.640000,-4.560603863618831,-1.695095599800825
18.650000,-4.536451618455849,-1.695989192706415
18.660000,-4.512127251146614,-1.696959114189194
18.670000,-4.487641413307049,-1.698011303954802
18.680000,-4.463014565227787,-1.699155291579286
18.690000,-4.438247369259519,-1.700392662099172
18.700000,-4.413329341301616,-1.70171630226299
18.710000,-4.388255462604998,-1.703125040972248
18.720000,-4.363014421839401,-1.704619630476069
18.730000,-4.337587885297058,-1.706199977234177
18.740000,-4.31196415823794,-1.70787941893391
18.750000,-4.286141372417793,-1.709669897277695
18.760000,-4.260128265665617,-1.711564123436049
18.770000,-4.23393309732028,-1.713558261370814
18.780000,-4.207551183915841,-1.715661212657063
18.790000,-4.180980131260943,-1.717875370694687
18.800000,-4.154225812590258,-1.720191568753728
18.810000,-4.127289042724907,-1.722595554195894
18.820000,-4.100168743049566,-1.725078988236616
18.830000,-4.072860787218958,-1.727646017804425
18.840000,-4.04535515241789,-1.730303029251119
18.850000,-4.017650303961577,-1.733059595103458
18.860000,-3.98973944212729,-1.735931446472023
18.870000,-3.961599215963113,-1.738922100945503
18.880000,-3.933230531914601,-1.742027640275268
18.890000,-3.904657860479426,-1.745253456917748
18.900000,-3.875877666980843,-1.748599985459724
18.910000,-3.846869571698731,-1.752060467246092
18.920000,-3.817633397744906,-1.755629409572521
18.930000,-3.788179159759276,-1.759292533082003
18.940000,-3.758516572269739,-1.763040464187245
18.950000,-3.728652741093292,-1.766883725796122
18.960000,-3.698581483600369,-1.770828614113827
18.970000,-3.668291730595321,-1.774872774792649
18.980000,-3.637778939200717,-1.77902427726868
18.990000,-3.607039592918491,-1.783295410991635
19.000000,-3.576066299039383,-1.787689976180088
19.010000,-3.544844808853651,-1.792197621178625
19.020000,-3.513361032397563,-1.796802262920911
19.030000,-3.481615761528278,-1.801504897214415
19.040000,-3.449621086728241,-1.806315066858337
19.050000,-3.417391753177499,-1.811229838420102
19.060000,-3.384941968515405,-1.816246106726972
19.070000,-3.352272199953975,-1.821365249987635
19.080000,-3.31937022528342,-1.826583181987949
19.090000,-3.286231088963971,-1.831900564238607
19.100000,-3.25285343741981,-1.837319584337644
19.110000,-3.219223174072486,-1.842830147932235
19.120000,-3.1853219901366,-1.848426179243128
19.130000,-3.151148747094371,-1.854116264638917
19.140000,-3.116719989436481,-1.859907880384096
19.150000,-3.082048317623432,-1.865800659625689
19.160000,-3.047135130376148,-1.871790630929327
19.170000,-3.011978873316944,-1.877871931348347
19.180000,-2.976569096159619,-1.884037126578483
19.190000,-2.94089139031125,-1.890279206607979
19.200000,-2.904946207847471,-1.896600375066083
19.210000,-2.868734327823534,-1.903007779250672
19.220000,-2.832246406950009,-1.909497764792838
19.230000,-2.79548813155213,-1.916065521436511
19.240000,-2.758474804887696,-1.922717701405829
19.250000,-2.721205365811568,-1.929460165030959
19.260000,-2.68367509748852,-1.936292788278843
19.270000,-2.645889075443468,-1.943209321952273
19.280000,-2.60785000914728,-1.950193840651339
19.290000,-2.569553859633933,-1.957237263160501
19.300000,-2.530997018270936,-1.964345781741941
19.310000,-2.492180821614598,-1.971526411649494
19.320000,-2.453102197927339,-1.978781612638145
19.330000,-2.413745020977307,-1.986110008533565
19.340000,-2.374102415139564,-1.993511788094136
19.350000,-2.334190555870668,-2.000995321972327
19.360000,-2.294022826465522,-2.008562169822177
19.370000,-2.253596623079701,-2.016204268207991
19.380000,-2.212904046513888,-2.023921253872692
19.390000,-2.171941802785852,-2.031707246701645
19.400000,-2.130724361367616,-2.039545056278467
19.410000,-2.089273934268681,-2.047433344694764
19.420000,-2.047590380373811,-2.055379614902034
19.430000,-2.005659353745757,-2.063380839346377
19.440000,-1.963480432090272,-2.071441345442112
19.450000,-1.921065151703818,-2.079577611457606
19.460000,-1.878418614147094,-2.087798082423609
19.470000,-1.835530512975613,-2.096099778248985
19.480000,-1.79238811985464,-2.104473877947983
19.490000,-1.748991716145319,-2.112912171390198
19.500000,-1.705346758758595,-2.121416095087364
19.510000,-1.661464245707158,-2.129989398614564
19.520000,-1.617367567539831,-2.138627364400642
19.530000,-1.573071435996094,-2.147321259467242
19.540000,-1.528577293132265,-2.156068393210051
19.550000,-1.483893335639294,-2.164876729279893
19.560000,-1.439024343599115,-2.173750868995393
19.570000,-1.393960892969546,-2.182679705782864
19.580000,-1.348694019440007,-2.191656089955588
19.590000,-1.303220998957413,-2.200689802615504
19.600000,-1.257547898985348,-2.209791116216674
19.610000,-1.211688918794359,-2.218965302925697
19.620000,-1.16565601196431,-2.228214934765903
19.630000,-1.119461505766734,-2.237535152198375
19.640000,-1.073115153036258,-2.246919490850778
19.650000,-1.02661797948393,-2.25636499511804
19.660000,-0.9799780098159361,-2.265869234522276
19.670000,-0.9332024348055539,-2.275428982335296
19.680000,-0.8862853219025889,-2.285036802742645
19.690000,-0.8392380469683701,-2.294688367413589
19.700000,-0.7920819622003877,-2.304390776442308
19.710000,-0.744812868726065,-2.314149364969456
19.720000,-0.697427974227454,-2.323966343611562
19.730000,-0.6499414908885447,-2.333848442942789
19.740000,-0.6023593450382752,-2.343791172564346
19.750000,-0.5546911286647119,-2.353780747607914
19.760000,-0.5069529044860872,-2.363817796341999
19.770000,-0.4591435915474406,-2.373909047170045
19.780000,-0.4112605101170794,-2.384052432514259
19.790000,-0.3633126939688965,-2.394244908984103
19.800000,-0.3153108349698173,-2.404484149030748
19.810000,-0.2672708243120732,-2.414768472793099
19.820000,-0.219205961341102,-2.425101237603558
19.830000,-0.1711215144395367,-2.435485224537049
19.840000,-0.1230256655143206,-2.445919073079805
19.850000,-0.07491859041968307,-2.45639794475276
19.860000,-0.02679984889146346,-2.466911417811032
19.870000,0.02130780653959067,-2.477451806833381
19.880000,0.06938905203388269,-2.488018349980166
19.890000,0.1174539942751706,-2.498608663189585
19.900000,0.1655006409529018,-2.509224819838973
19.910000,0.2135101704282869,-2.51987598441045
19.920000,0.2614681580237826,-2.530565216229273
19.930000,0.3093677010686987,-2.541293039520284
19.940000,0.357214411724907,-2.552060391977259
19.950000,0.4050165633983761,-2.562856077560503
19.960000,0.4527671475120664,-2.573666667488431
19.970000,0.5004497106890081,-2.584493246410347
19.980000,0.5480455049153313,-2.595338772420968
19.990000,0.5955396191851563,-2.606196152895095
20.000000,0.6429237298383563,-2.617058432469887
20.010000,0.6901824185140615,-2.627929058616859
20.020000,0.7373027159938116,-2.638814795136045
20.030000,0.7842900932812988,-2.649711900142584
20.040000,0.8311513430199166,-2.660610345978105
20.050000,0.8778954309830457,-2.671507836437319
20.060000,0.9245373291810941,-2.682408565431131
20.070000,0.9710669461446307,-2.693316522851776
20.080000,1.017457909471216,-2.704233109534798
20.090000,1.06370121904585,-2.715153574107995
20.100000,1.1097918354496,-2.726070467992858
20.110000,1.155719592389318,-2.736980090193235
20.120000,1.201477515992932,-2.747881048858638
20.130000,1.247055942153301,-2.758768698523965
20.140000,1.292451041422674,-2.769634710732336
20.150000,1.337665920476531,-2.780474780373762
20.160000,1.382695955482395,-2.791290925819625
20.170000,1.427542166145637,-2.802085540901567
20.180000,1.472211101004355,-2.812863040731389
20.190000,1.516696712766316,-2.823628890853577
20.200000,1.560996493820208,-2.834376741959195
20.210000,1.605112223052504,-2.845095192984317
20.220000,1.649031853692995,-2.855783933542547
20.230000,1.692749298673794,-2.866441921420211
20.240000,1.736269923261386,-2.877059866570355
20.250000,1.779590556800068,-2.887633532614895
20.260000,1.822709090627268,-2.898158743171274
20.270000,1.865626605682619,-2.90862427333492
20.280000,1.908336377573857,-2.919027542962632
20.290000,1.950834154232845,-2.929375054953383
20.300000,1.993117487330707,-2.939667420678055
20.310000,2.03518286374158,-2.949901592279264
20.320000,2.077035150062067,-2.96007475372473
20.330000,2.118676201026367,-2.970180976092495
20.340000,2.160101189001979,-2.980211603560537
20.350000,2.201313521756503,-2.990157967025868
20.360000,2.242316604672205,-3.000016396463104
20.370000,2.283109784444664,-3.009788275625056
20.380000,2.323694865898241,-3.019473557842542
20.390000,2.364062872985754,-3.029071695198707
20.400000,2.404202290423167,-3.038582147125084
20.410000,2.444121019781559,-3.047996598906511
20.420000,2.483829347470212,-3.05730307685603
20.430000,2.523325720817207,-3.066495460951654
20.440000,2.562608977788573,-3.075570958307901
20.450000,2.601679333938644,-3.084525060864975
20.460000,2.640533483985298,-3.093351823526174
20.470000,2.679165607037543,-3.102049112450621
20.480000,2.717571665253105,-3.110619377101174
20.490000,2.755755227503606,-3.119063121813236
20.500000,2.793719923547456,-3.127377194601626
20.510000,2.831467063040715,-3.135554774698443
20.520000,2.869004905508623,-3.143587020718938
20.530000,2.906336632950913,-3.151474730999205
20.540000,2.943454622374485,-3.159225424856297
20.550000,2.980357647796013,-3.16683391892004
20.560000,3.01704665307747,-3.17428822978645
20.570000,3.053516620032446,-3.181586241406021
20.580000,3.089767372969793,-3.18872677840493
20.590000,3.125799638311132,-3.19570270890905
20.600000,3.161611198872468,-3.202509132221221
20.610000,3.197204811413462,-3.209141698163311
20.620000,3.232580876177636,-3.215594656996303
20.630000,3.267737820371926,-3.221867347151746
20.640000,3.302680827046365,-3.227964571982491
20.650000,3.337414798537379,-3.233891961593967
20.660000,3.37194557196334,-3.239649364539539
20.670000,3.406277691207512,-3.24522934594917
20.680000,3.440400672083916,-3.250627523728948
20.690000,3.474304874766481,-3.255844082169693
20.700000,3.507994270938235,-3.260875979630915
20.710000,3.541467853565022,-3.265720586111029
20.720000,3.574722574656404,-3.270374253979506
20.730000,3.607762283330214,-3.274825551463776
20.740000,3.640584179316531,-3.279066772528456
20.750000,3.67318585915231,-3.283100646886862
20.760000,3.705577130759446,-3.286930177758476
20.770000,3.737766792913806,-3.290557248087113
20.780000,3.769757106020468,-3.293984475540386
20.790000,3.801547037353761,-3.297211167029928
20.800000,3.833132584117652,-3.300234436676226
20.810000,3.864513473543456,-3.303051126470163
20.820000,3.895692634390782,-3.305657001506393
20.830000,3.92667291787123,-3.308046543532824
20.840000,3.957456624918774,-3.310215911735536
20.850000,3.988035283494887,-3.312168030933218
20.860000,4.018398148435647,-3.313906208036294
20.870000,4.048551091982764,-3.315425393179354
20.880000,4.078503924802961,-3.316721480035025
20.890000,4.108258408992002,-3.317796672361072
20.900000,4.137814959058138,-3.318649436856952
20.910000,4.167172644192867,-3.319275191091574
20.920000,4.196335417724666,-3.319672384291848
20.930000,4.225313665052799,-3.319839032592022
20.940000,4.25410510912205,-3.319773758661611
20.950000,4.28269884496402,-3.3194803629959
20.960000,4.311092929651776,-3.318962381536816
20.970000,4.339291431522675,-3.318215870118614
20.980000,4.367303755663294,-3.317232181584911
20.990000,4.395137122640484,-3.316008791763331
21.000000,4.422786405672437,-3.314551128358494
21.010000,4.450251494615004,-3.31285774945631
21.020000,4.477537306468154,-3.310919680467996
21.030000,4.504636094621918,-3.308735076516752
21.040000,4.531545033526458,-3.306306689132085
21.050000,4.558269859157015,-3.303636732925984
21.060000,4.584803151538959,-3.300729309313693
21.070000,4.611139851255264,-3.297581141865335
21.080000,4.637288221110095,-3.294182113045203
21.090000,4.663250614061662,-3.29053243161336
21.100000,4.689028370196791,-3.28663710830732
21.110000,4.714630623797851,-3.282494556024841
21.120000,4.740063354524041,-3.278104025805023
21.130000,4.765327936572461,-3.2734647646751
21.140000,4.790419967759274,-3.268573444626129
21.150000,4.81533074877125,-3.263430159209374
21.160000,4.840059304647585,-3.258035917279546
21.170000,4.864604844377927,-3.25239087052717
21.180000,4.888961440641081,-3.246494746058752
21.190000,4.913129693899097,-3.240341663031192
21.200000,4.937109094466301,-3.23392668224861
21.210000,4.960895439677918,-3.227252826454895
21.220000,4.984494038086728,-3.22032169338191
21.230000,5.0079096831676,-3.213135349722723
21.240000,5.031139807185879,-3.205703259619178
21.250000,5.054187534203454,-3.19803020644772
21.260000,5.077056099305808,-3.190111687206778
21.270000,5.099741924554972,-3.181945921981639
21.280000,5.122245113971213,-3.173533725945916
21.290000,5.144567379629907,-3.164870761554632
21.300000,5.166705646936713,-3.155952570507762
21.310000,5.188654234310476,-3.146780946536606
21.320000,5.210405831414292,-3.137360384514757
21.330000,5.23195538274673,-3.127692256088558
21.340000,5.253301766352586,-3.117776906847897
21.350000,5.274447007338896,-3.107616702168684
21.360000,5.295399096617951,-3.097212628534419
21.370000,5.316163615492294,-3.086565981958072
21.380000,5.336737483217219,-3.075680831308599
21.390000,5.357121573215315,-3.064557734570376
21.400000,5.377319783176013,-3.053195298198004
21.410000,5.39732729126725,-3.04159810430265
21.420000,5.417135381000683,-3.029770220393218
21.430000,5.43673837515401,-3.017709590203113
21.440000,5.456135731936357,-3.005414686777999
21.450000,5.475331062780271,-2.992885434817403
21.460000,5.494324331881963,-2.980121184974117
21.470000,5.513113585961325,-2.967123295774447
21.480000,5.531700791653517,-2.953894032252684
21.490000,5.550086353458727,-2.940433290165795
21.500000,5.568273508202812,-2.926737581992131
21.510000,5.586270311031153,-2.912805669780912
21.520000,5.604074321657603,-2.89864593478462
21.530000,5.621679474416276,-2.884265504482754
21.540000,5.639087064499993,-2.869659069237259
21.550000,5.656292284446245,-2.854822378153929
21.560000,5.67328895049485,-2.839760577020359
21.570000,5.690081726867826,-2.824479112770224
21.580000,5.706673573716438,-2.808981191033299
21.590000,5.723065599495354,-2.793267313930413
21.600000,5.739265727385255,-2.777331603830334
21.610000,5.755275541916684,-2.761168487484995
21.620000,5.771088497869184,-2.744782439509128
21.630000,5.786702886046781,-2.72818336316072
21.640000,5.802120997864291,-2.711374302234186
21.650000,5.817345815213605,-2.694350321951308
21.660000,5.832378157310652,-2.677108238909508
21.670000,5.847214559544627,-2.659647751953528
21.680000,5.861856373619088,-2.641966823343887
21.690000,5.87631050063754,-2.624068599094928
21.700000,5.890581266781558,-2.605961625918872
21.710000,5.904672970581623,-2.587649825721606
21.720000,5.918585999214412,-2.569137523058985
21.730000,5.932312662813042,-2.550433183272243
21.740000,5.945852092871612,-2.531537761962008
21.750000,5.959214665084102,-2.51244476216112
21.760000,5.972407174236629,-2.493149780347212
21.770000,5.985426478275039,-2.473649704806589
21.780000,5.998266327049768,-2.453943269194053
21.790000,6.010924812207741,-2.43403422667883
21.800000,6.023403128970791,-2.413928146302781
21.810000,6.035701563165849,-2.393629130578659
21.820000,6.047823736775834,-2.373140562272642
21.830000,6.059775504102241,-2.352469979864122
21.840000,6.071558802750102,-2.331626012632462
21.850000,6.083181693782954,-2.310604569153633
21.860000,6.094658129917194,-2.289396284697462
21.870000,6.105989650563946,-2.268006056151014
21.880000,6.117169989039215,-2.246441725033058
21.890000,6.128194370418439,-2.224700063293863
21.900000,6.139054715944902,-2.202777817378022
21.910000,6.149749346179801,-2.180676420676416
21.920000,6.16028573849088,-2.158399896875644
21.930000,6.170661565779924,-2.135955341777776
21.940000,6.180869679019685,-2.113345808404298
21.950000,6.190916809646318,-2.09056967851671
21.960000,6.200816599006106,-2.067626664705095
21.970000,6.210576755788267,-2.044518615229884
21.980000,6.220196674288562,-2.021253700739873
21.990000,6.229673146068865,-1.997842486820878
22.000000,6.23900866159839,-1.97428368836194
22.010000,6.248203786913983,-1.950570554115484
22.020000,6.2572497778303,-1.926702270205287
22.030000,6.266143058182144,-1.90267978904616
22.040000,6.274889114400096,-1.878508658278954
22.050000,6.283491728791699,-1.854194307859399
22.060000,6.291955186221612,-1.829727706635616
22.070000,6.300281173498322,-1.805101381867901
22.080000,6.308462936159737,-1.780328200502798
22.090000,6.316497675103452,-1.755424084027744
22.100000,6.324390455656093,-1.730393528606495
22.110000,6.332141635821804,-1.705237190100869
22.120000,6.339747780852504,-1.679955034157921
22.130000,6.347209486438485,-1.654543274026171
22.140000,6.354527651916152,-1.628995899330375
22.150000,6.361702602419555,-1.603310417293683
22.160000,6.368738893950293,-1.577489101829868
22.170000,6.375642012831491,-1.551534848249631
22.180000,6.382409702833258,-1.525454152751671
22.190000,6.389033082407764,-1.49925699395068
22.200000,6.395508437985725,-1.472945438339907
22.210000,6.40184036270251,-1.446516024113552
22.220000,6.408034053095625,-1.419968331792989
22.230000,6.414091159448311,-1.393297009939118
22.240000,6.420008443781468,-1.366492948498676
22.250000,6.425779321901431,-1.339555112914073
22.260000,6.431400655959927,-1.312487277687654
22.270000,6.436874743105425,-1.285291949206575
22.280000,6.442203452426233,-1.257970539947568
22.290000,6.447383673579687,-1.230527269787674
22.300000,6.452412352743259,-1.202971472076129
22.310000,6.457296699217948,-1.175305426862882
22.320000,6.462047480592483,-1.147520840318724
22.330000,6.466664752983291,-1.119616311838898
22.340000,6.471144969839572,-1.091594775829598
22.350000,6.475485376183822,-1.063451203004123
22.360000,6.479674239420616,-1.035181870580033
22.370000,6.483703278022595,-1.006782560712697
22.380000,6.487580294400557,-0.9782458780052932
22.390000,6.491308772344277,-0.9495792710581498
22.400000,6.4948814448206,-0.9207940231090086
22.410000,6.498298144517712,-0.8918823217009624
22.420000,6.501567900527545,-0.8628364762793769
22.430000,6.504703210691497,-0.8336641286209375
22.440000,6.50771263766316,-0.8043733682642668
22.450000,6.510592499128559,-0.7749666561382275
22.460000,6.513336405889466,-0.7454429316768376
22.470000,6.515942146902846,-0.7157993353373974
22.480000,6.51840219888358,-0.686033217197814
22.490000,6.520706072204857,-0.6561408313050222
22.500000,6.522849437541342,-0.6261249816904284
22.510000,6.524836322278512,-0.5959932401374171
22.520000,6.526681786708171,-0.5657367540276985
22.530000,6.528397581239854,-0.5353386474429621
22.540000,6.529979223921149,-0.5048004457197252
22.550000,6.531427761152354,-0.474134593201923
22.560000,6.53275706076857,-0.4433519243686018
22.570000,6.533968700917901,-0.412460926390267
22.580000,6.53505247528093,-0.3814594669573386
22.590000,6.536005284202409,-0.3503413014901132
22.600000,6.536828456496044,-0.3191071232259209
22.610000,6.537523452237235,-0.2877537052429626
22.620000,6.538098473811458,-0.2562715457135611
22.630000,6.538565035028843,-0.2246568721213373
22.640000,6.538923789426106,-0.1929142986105395
22.650000,6.539165562921397,-0.1610531778408523
22.660000,6.53928927820941,-0.1290800197161869
22.670000,6.539302471057018,-0.09699566113417499
22.680000,6.539210215989288,-0.06480315317068285
22.690000,6.539020411478799,-0.0325023095570595
22.700000,6.538740647488016,-8.375504578613305e-05
22.710000,6.538366090543724,0.03245569067622741
22.720000,6.537895887327953,0.06511174637536694
22.730000,6.53734300565781,0.09788524189897312
22.740000,6.536711829168795,0.1307760091907135
22.750000,6.535996697897321,0.1637777260494345
22.760000,6.535198274088087,0.196884710191143
22.770000,6.534324392490279,0.2300931972011674
22.780000,6.533389146903241,0.2634021650012114
22.790000,6.532405716206481,0.2968139191476178
22.800000,6.53137442514757,0.3303313883471621
22.810000,6.530288764001604,0.3639559453772357
22.820000,6.529144062921968,0.397684141000629
22.830000,6.527940854123028,0.4315155606215365
22.840000,6.526688292417942,0.4654568771964513
22.850000,6.525390544276453,0.499501919501791
22.860000,6.524040652405295,0.5336329737559647
22.870000,6.522639714655331,0.5678491509216375
22.880000,6.521198460272234,0.6021595497990009
22.890000,6.519729686452983,0.6365611785273885
22.900000,6.518255182340909,0.671047382874133
22.910000,6.516790608107923,0.7056143558524487
22.920000,6.515327982432782,0.7402595246543204
22.930000,6.513857788436053,0.7749876622726302
22.940000,6.512383700269879,0.8098039919696385
22.950000,6.510904634169079,0.8447028719238375
22.960000,6.509408399420928,0.8796744585591955
22.970000,6.507889343834188,0.9147150641863862
22.980000,6.506359942522108,0.9498276293759828
22.990000,6.504836631753714,0.9850158607068057
23.000000,6.503324970214202,1.020280052329771
23.010000,6.50182936703684,1.055616307050703
23.020000,6.500358342662491,1.091011642690867
23.030000,6.498915314459769,1.126448252171538
23.040000,6.49750050680383,1.161921946144626
23.050000,6.496112724432483,1.197439555905221
23.060000,6.494746061953809,1.232999725314968
23.070000,6.493400707527922,1.268597713781088
23.080000,6.492085513562796,1.304240249328152
23.090000,6.490804643160811,1.339938753084434
23.100000,6.48955670180665,1.375692531839734
23.110000,6.48834008675289,1.41148811257792
23.120000,6.487153150360502,1.447315563155952
23.130000,6.485993232077834,1.483171397188694
23.140000,6.484858654288357,1.519047289605144
23.150000,6.483758213073618,1.554937909794044
23.160000,6.482704476494359,1.590845576533419
23.170000,6.481694353893555,1.626766421924724
23.180000,6.480723961565069,1.662697768440988
23.190000,6.479803037108074,1.698644421976339
23.200000,6.47892948631208,1.734601482950869
23.210000,6.478088613287061,1.770561042908512
23.220000,6.477276787865574,1.806523451679272
23.230000,6.476494245886154,1.842481834474859
23.240000,6.475741275816241,1.87842702912665
23.250000,6.475025522591994,1.914361986841731
23.260000,6.474348824838295,1.950288795834246
23.270000,6.473706125792634,1.986203597934366
23.280000,6.473096627695933,2.02210365947942
23.290000,6.472520499006817,2.057987840898024
23.300000,6.471981193778355,2.093859785642217
23.310000,6.471480433379814,2.129719216178009
23.320000,6.471007314966053,2.165554127801256
23.330000,6.470555531036291,2.20135689913375
23.340000,6.470127687983346,2.237127161270797
23.350000,6.469720523436029,2.272861660516224
23.360000,6.469339133118797,2.308558838075597
23.370000,6.468995919004526,2.344214062893174
23.380000,6.468685595433206,2.379816945904202
23.390000,6.46840155912041,2.415370993787904
23.400000,6.468148746054131,2.450889804391901
23.410000,6.467918501775063,2.486373304277984
23.420000,6.467693272057639,2.521810796042116
23.430000,6.467466503722286,2.557194741313197
23.440000,6.467236465715125,2.592524667885598
23.450000,6.467008473682876,2.627805114681496
23.460000,6.466797392156669,2.663038208971524
23.470000,6.466608893862475,2.698223208275247
23.480000,6.466437604182379,2.733354752821992
23.490000,6.466286523152169,2.768416973695227
23.500000,6.466167548355731,2.803399343234311
23.510000,6.466078859226099,2.83830496929633
23.520000,6.46599682818126,2.873132058336331
23.530000,6.465902313736113,2.90787648654306
23.540000,6.46579933595272,2.942543942613377
23.550000,6.465697495191508,2.977140748746091
23.560000,6.46559744003038,3.011671626105227
23.570000,6.465496025871034,3.04613852184734
23.580000,6.465388739943183,3.080530877210014
23.590000,6.465270923270814,3.114835960955855
23.600000,6.465143586752939,3.14904929738277
23.610000,6.465016791444577,3.183167336567875
23.620000,6.464902871610128,3.217183979411677
23.630000,6.464801262845103,3.25109194219938
23.640000,6.464702875224223,3.284892274685486
23.650000,6.464609114776221,3.318594778622685
23.660000,6.464523605000879,3.35219551515978
23.670000,6.46443971437458,3.385683415288854
23.680000,6.464350375723736,3.419064279695256
23.690000,6.464248246981614,3.4523408458516
23.700000,6.464127720577308,3.485502128796586
23.710000,6.463999978885716,3.518546016975905
23.720000,6.463878214436881,3.551471231458259
23.730000,6.463756363288789,3.5842677789778
23.740000,6.463626164482609,3.616931932956259
23.750000,6.463490495059402,3.649461736047732
23.760000,6.463353427478124,3.681851738041559
23.770000,6.463220214280365,3.714101046470441
23.780000,6.463099436270168,3.746206129829165
23.790000,6.462991908316827,3.778161579323382
23.800000,6.462885733426636,3.809968559649673
23.810000,6.462771280855564,3.841625133209434
23.820000,6.462655844408004,3.873127947357129
23.830000,6.46255240741596,3.904474725746256
23.840000,6.46246339424597,3.935653304722464
23.850000,6.462386967380822,3.966658108397205
23.860000,6.462322667643753,3.997500342633143
23.870000,6.462267527032295,4.028182495271016
23.880000,6.462221223780294,4.058696198343759
23.890000,6.462186428965714,4.089034022196511
23.900000,6.462159626062474,4.119183597527989
23.910000,6.462134285754121,4.149137729161454
23.920000,6.4621130474858,4.178902419175083
23.930000,6.462108217717417,4.208480360165312
23.940000,6.462127171956991,4.237866697075115
23.950000,6.462168865075566,4.267055492695784
23.960000,6.462240805974607,4.296043109974498
23.970000,6.462353282848565,4.324829917611167
23.980000,6.462496219717635,4.35341264531688
23.990000,6.462653943723214,4.381787079249606
24.000000,6.462825174213146,4.409955519433367
24.010000,6.463011741185259,4.437916527588133
24.020000,6.463217641734872,4.465670449680534
24.030000,6.463449693680274,4.493228416983004
24.040000,6.463704448218087,4.520589661803299
24.050000,6.463980245929452,4.547740082043254
24.060000,6.464287417703281,4.574674916747752
24.070000,6.464629009849798,4.601392059706263
24.080000,6.464999617776056,4.627884995985863
24.090000,6.465399828676028,4.654151177234283
24.100000,6.465835411521413,4.680188661273969
24.110000,6.46631172570258,4.705999644145929
24.120000,6.466826680308133,4.731592498634282
24.130000,6.467374319466289,4.756967625511098
24.140000,6.467954056427575,4.782123378917767
24.150000,6.468557499097269,4.807064137197258
24.160000,6.469173288009216,4.831789303938466
24.170000,6.469813335973855,4.856298954737442
24.180000,6.470491772047303,4.880596820860569
24.190000,6.471202670016018,4.904676036873134
24.200000,6.471945705184842,4.92853048510422
24.210000,6.472727420416982,4.952163014357952
24.220000,6.473545266076536,4.97556854567398
24.230000,6.47440208599584,4.998740348214159
24.240000,6.475304495437659,5.021679747846743
24.250000,6.476247868909398,5.044385827366867
24.260000,6.477226089878271,5.066859320623012
24.270000,6.478237284258354,5.089108027597827
24.280000,6.479278414268125,5.111136663626409
24.290000,6.480343814872601,5.132943465815088
24.300000,6.481425632573506,5.154523192440025
24.310000,6.482524060750771,5.175871141064984
24.320000,6.483648300600786,5.196985632530338
24.330000,6.484802360071366,5.217865035156819
24.340000,6.485988806681485,5.238513101523454
24.350000,6.48721243554216,5.258936031931804
24.360000,6.488472683887618,5.279124743251518
24.370000,6.489771049299919,5.299064816327663
24.380000,6.491108608738172,5.318757448671909
24.390000,6.492475757061238,5.338208542221757
24.400000,6.493866355288177,5.357416507633995
24.410000,6.495280066334255,5.376378881859639
24.420000,6.496712349948141,5.395095981481567
24.430000,6.498165602725742,5.413569310213585
24.440000,6.499648388794595,5.431798749511916
24.450000,6.501161863152256,5.449782855538669
24.460000,6.502697930157391,5.467521531590076
24.470000,6.504239698653157,5.485010713158606
24.480000,6.505784906446983,5.502243551253671
24.490000,6.50735928559271,5.519222779881843
24.500000,6.508971473670861,5.535954250101526
24.510000,6.510602789290935,5.552436074378583
24.520000,6.512252554954457,5.56866558515559
24.530000,6.513932199330421,5.584638654272315
24.540000,6.515643164159808,5.600350340136131
24.550000,6.517389332879123,5.615803451096546
24.560000,6.519168388421423,5.630997777505308
24.570000,6.520968661704644,5.645926739396682
24.580000,6.522791008322216,5.660594645120971
24.590000,6.52464119608171,5.675010189371378
24.600000,6.526519280872471,5.689172715592994
24.610000,6.528422920693478,5.703078827567772
24.620000,6.530338625259844,5.716725544630918
24.630000,6.53225677730513,5.730113527290118
24.640000,6.534191766408732,5.743245304273535
24.650000,6.536160248899332,5.756114209672185
24.660000,6.538168085907284,5.768715932584752
24.670000,6.540217778713255,5.781057121113725
24.680000,6.542305371489602,5.793138109490238
24.690000,6.544428996578969,5.804955362226473
24.700000,6.546594084008862,5.81651159364839
24.710000,6.548800267591048,5.827803612526094
24.720000,6.551044716154755,5.83882663778098
24.730000,6.553324958318946,5.849588370248427
24.740000,6.555631892918365,5.860098990005942
24.750000,6.557963620897898,5.870363283509671
24.760000,6.560331938295617,5.880383475385281
24.770000,6.562744581082274,5.890157207888959
24.780000,6.565197363075107,5.899679617520337
24.790000,6.567681450048189,5.908947524609494
24.800000,6.570197177808563,5.91795973124544
24.810000,6.572756081141404,5.926718907187953
24.820000,6.575363498474513,5.935228255743302
24.830000,6.578020618431839,5.943486796743446
24.840000,6.580735195852341,5.951494375042014
24.850000,6.583507343977751,5.959254570932623
24.860000,6.586330647723805,5.966773682434768
24.870000,6.589207295120938,5.974058733144112
24.880000,6.592136175883563,5.981110405484371
24.890000,6.595107790640422,5.987928403052834
24.900000,6.598119174897774,5.994521610531658
24.910000,6.601176690630929,6.000897009580499
24.920000,6.604289766646354,6.007052871574498
24.930000,6.607459782018505,6.012987148113162
24.940000,6.61067917808978,6.018697825681344
24.950000,6.613950725229538,6.024183287428572
24.960000,6.61728523162491,6.029442693196176
24.970000,6.620686204652768,6.034474448103079
24.980000,6.624157531919563,6.039283696096356
24.990000,6.6277026160325,6.043878077724403
25.000000,6.631317452765648,6.048256553110164
25.010000,6.634998908790041,6.052422091049804
25.020000,6.638739827867758,6.056384224850546
25.030000,6.642531504310593,6.060142297810089
25.040000,6.646381370283101,6.063693794108991
25.050000,6.650297491397384,6.067044651947453
25.060000,6.654276342364487,6.070198756021012
25.070000,6.658322576410726,6.07315624548494
25.080000,6.662446200204465,6.075918625236007
25.090000,6.66664919874492,6.078485026707824
25.100000,6.67092906210917,6.080853162435351
25.110000,6.675279756188619,6.083022016296746
25.120000,6.67970108300663,6.084988969901949
25.130000,6.684200820560108,6.086752307198988
25.140000,6.688777348089796,6.088314962490245
25.150000,6.693427529925091,6.089684234849096
25.160000,6.69815510175981,6.090868254723202
25.170000,6.702954982969579,6.091869259941969
25.180000,6.707823910644889,6.092685006824246
25.190000,6.712769314342992,6.093316485680331
25.200000,6.717788501239368,6.093765619597444
25.210000,6.722873412767655,6.094033794747856
25.220000,6.72802381246388,6.094125766120026
25.230000,6.733240616363846,6.09404478561695
25.240000,6.738529310120938,6.093790473159837
25.250000,6.743898115599809,6.093362689608516
25.260000,6.749351207297157,6.092760212010323
25.270000,6.754891986383861,6.091983397352805
25.280000,6.760511455289695,6.091036273482131
25.290000,6.766195838645221,6.089921841395705
25.300000,6.77195311448107,6.088642233485082
25.310000,6.777789641396002,6.087198118446792
25.320000,6.783692919519526,6.085590823330419
25.330000,6.789657868723901,6.083829268495892
25.340000,6.795681640275657,6.081920407683292
25.350000,6.801758273933673,6.079861176524585
25.360000,6.807895514909827,6.077650637791418
25.370000,6.814095355905692,6.075293198534268
25.380000,6.82035211035755,6.072791723076572
25.390000,6.826676081651619,6.070148660290023
25.400000,6.833069534794282,6.067364287486086
25.410000,6.839520827180361,6.064435897369865
25.420000,6.846033585275449,6.061364581783427
25.430000,6.852610568233977,6.058153778139204
25.440000,6.859242438545193,6.054805793241306
25.450000,6.865924277013379,6.051323029401125
25.460000,6.87264988819519,6.047706673206879
25.470000,6.879419957617655,6.043959989105273
25.480000,6.886245139666118,6.040091431738444
25.490000,6.893114452382292,6.036105789597778
25.500000,6.900006550369259,6.032002093519918
25.510000,6.906918062918563,6.027781753377609
25.520000,6.913850285404904,6.023445232788906
25.530000,6.920809494979968,6.018991543072467
25.540000,6.927803847731976,6.014423705318319
25.550000,6.934819282161103,6.009741923734776
25.560000,6.941843237994168,6.004943811102945
25.570000,6.948888214303951,6.000032737455821
25.580000,6.955963025002851,5.995012070247848
25.590000,6.963060714780125,5.989881181818348
25.600000,6.970168326259953,5.984641085836741
25.610000,6.977272178673321,5.979294998506763
25.620000,6.984367703057123,5.973849467747998
25.630000,6.991450458668499,5.968313634327131
25.640000,6.998508519306713,5.96269067195658
25.650000,7.005537979173579,5.956976702539554
25.660000,7.012536927785481,5.95116819124297
25.670000,7.019498339636553,5.945266720223704
25.680000,7.026424782672416,5.939275747586201
25.690000,7.033320831803546,5.933194001513376
25.700000,7.040184134381613,5.927017806421901
25.710000,7.047012073692643,5.920747083428364
25.720000,7.053794721493729,5.914383323440371
25.730000,7.060522166612538,5.907925691259279
25.740000,7.067195631485357,5.901373441443025
25.750000,7.073807480773592,5.894731415384843
25.760000,7.080341791492967,5.888007776946069
25.770000,7.086793008839875,5.88120490386675
25.780000,7.093158167884427,5.874322119484114
25.790000,7.099435160439327,5.867363547840633
25.800000,7.105624122283065,5.860331710952238
25.810000,7.111715927536472,5.85322224548707
25.820000,7.117700234668371,5.846031291489564
25.830000,7.123571483543791,5.838755275888186
25.840000,7.129324944470087,5.831387979870502
25.850000,7.134967952157025,5.823929010161641
25.860000,7.140507249819986,5.816381719933405
25.870000,7.145928928178168,5.808743868790388
25.880000,7.151220854608531,5.801013860966072
25.890000,7.156381669408781,5.793195041452589
25.900000,7.161404247396173,5.785288657004807
25.910000,7.166280077976639,5.777296066236347
25.920000,7.170999439996941,5.769220332242566
25.930000,7.175549745537302,5.76106110412878
25.940000,7.179927659073253,5.752817856853382
25.950000,7.184132597769826,5.744491246209302
25.960000,7.18816309813165,5.736080401357627
25.970000,7.192022342848706,5.727582219511667
25.980000,7.195701752621448,5.718990718817596
25.990000,7.199188384634324,5.710301110770034
26.000000,7.202489737380628,5.701512445621072
26.010000,7.205612803789069,5.692623587022296
26.020000,7.208547016219604,5.683635386527672
26.030000,7.211279304953112,5.67455221648595
26.040000,7.213795766256228,5.665374854085163
26.050000,7.216085724717909,5.656101258622346
26.060000,7.218149037571355,5.646730899653441
26.070000,7.219984342845404,5.637262648517852
26.080000,7.221586353275128,5.627694230217104
26.090000,7.222948784142263,5.61802534775714
26.100000,7.224064065919011,5.608260540306098
26.110000,7.224935642126362,5.598404164340339
26.120000,7.225571601316499,5.588449908299655
26.130000,7.225966658311656,5.578386501869796
26.140000,7.226110455879531,5.568211679974161
26.150000,7.225992365526565,5.557927268576002
26.160000,7.22560509513476,5.547531150337861
26.170000,7.224956645321874,5.537023200699003
26.180000,7.224051470147232,5.526405429619957
26.190000,7.222880855143962,5.515677051982913
26.200000,7.221444630226996,5.504838265390563
26.210000,7.219740357923806,5.493889657901684
26.220000,7.217751884721893,5.482829661055618
26.230000,7.215470982996383,5.471657632594556
26.240000,7.212895563094096,5.460370680961888
26.250000,7.210022566489939,5.448964608012654
26.260000,7.20685513493293,5.437441275972149
26.270000,7.20339337697008,5.425803741678814
26.280000,7.19964020949678,5.414051223671688
26.290000,7.195607401365567,5.402180835105039
26.300000,7.191290155126578,5.390187142673226
26.310000,7.186676911251145,5.378067886835272
26.320000,7.181772799779793,5.365825749641107
26.330000,7.176577646526279,5.353459395859855
26.340000,7.171085668231561,5.34096766279634
26.350000,7.165300224883877,5.328354415409092
26.360000,7.159214193884152,5.315621934396452
26.370000,7.15281662667384,5.302773740498806
26.380000,7.14611100547257,5.289814491442313
26.390000,7.139097160409869,5.276741383026274
26.400000,7.131772497310498,5.263549592520202
26.410000,7.124144215370568,5.250241980580219
26.420000,7.11621558197015,5.236823523979089
26.430000,7.107986560414083,5.223293706297124
26.440000,7.099459329729164,5.209648261690893
26.450000,7.0906324477245,5.195885428868674
26.460000,7.081510245070364,5.182007485479498
26.470000,7.072100071418214,5.168014233325295
26.480000,7.062398474669447,5.153904516842434
26.490000,7.052400128304305,5.139684530267781
26.500000,7.042102633799372,5.125364198788143
26.510000,7.031507784410609,5.110950196982802
26.520000,7.020624521675014,5.096448108979438
26.530000,7.009447953890802,5.08186088414212
26.540000,6.997961577582938,5.067185501076044
26.550000,6.986170287897015,5.052419261740296
26.560000,6.974089732401946,5.037564489727045
26.570000,6.961721332975357,5.022626230090791
26.580000,6.949063021218843,5.007606928522617
26.590000,6.936120371587913,4.992504251159431
26.600000,6.922907733112472,4.977317798280112
26.610000,6.909436920437886,4.962051473298822
26.620000,6.895700236307289,4.946709985973464
26.630000,6.881686641605916,4.931300337036437
26.640000,6.86739483085331,4.915826790170368
26.650000,6.852818766340644,4.900291082227929
26.660000,6.837958745702942,4.884704405949519
26.670000,6.822828127114772,4.869076941787755
26.680000,6.807429665576562,4.853407158267426
26.690000,6.791761924794264,4.837699028899464
26.700000,6.775831331633677,4.821961342122062
26.710000,6.759640440134217,4.806190656252768
26.720000,6.743195656793511,4.790380509081144
26.730000,6.726508977332863,4.774531998378701
26.740000,6.70958099327234,4.758649511480616
26.750000,6.692408427465019,4.742739137458522
26.760000,6.674991464704108,4.726804481344906
26.770000,6.657329894123349,4.710847994715826
26.780000,6.639430185885147,4.694878759117216
26.790000,6.621296471180628,4.678906794094398
26.800000,6.602922756675563,4.662937113044828
26.810000,6.584308682155348,4.646974804292886
26.820000,6.565457476894968,4.631022546664862
26.830000,6.546372817020868,4.6150803224056
26.840000,6.527067137538639,4.599154450093787
26.850000,6.507543475495148,4.583250428325006
26.860000,6.487793692129577,4.567365434957638
26.870000,6.467826747286966,4.551499155582198
26.880000,6.447660355945477,4.535657576887632
26.890000,6.427301706446225,4.519847411675831
26.900000,6.406753336398904,4.504075340435409
26.910000,6.386010397471289,4.488345508012553
26.920000,6.365062945979014,4.472658455899492
26.930000,6.343912392939185,4.457015534193683
26.940000,6.322570052445887,4.441420826172033
26.950000,6.301044987892113,4.425880202034182
26.960000,6.27933471522088,4.410397958222739
26.970000,6.257429856078272,4.394979332099632
26.980000,6.235336387745011,4.379635293995136
26.990000,6.213073073549594,4.364371552297998
27.000000,6.190648186135358,4.349183754718978
27.010000,6.168060198399689,4.334070504399739
27.020000,6.145304387983393,4.319033208462583
27.030000,6.122378571074066,4.304072364755317
27.040000,6.099295872528312,4.289194725669773
27.050000,6.07607360617695,4.274408954465795
27.060000,6.05271777770543,4.259716853478301
27.070000,6.029228887786592,4.245116739157797
27.080000,6.00560353947076,4.230610242883078
27.090000,5.981839569775131,4.216205920465043
27.100000,5.957940610026058,4.201911601960586
27.110000,5.933903244684123,4.187724929044477
27.120000,5.909724170138288,4.173642998455178
27.130000,5.885410803017974,4.159670686642937
27.140000,5.86096630914219,4.145813588440999
27.150000,5.836398171094484,4.132076912022861
27.160000,5.811723682643066,4.118463686268491
27.170000,5.786941469693614,4.104968634389763
27.180000,5.762044907151576,4.091588288173265
27.190000,5.737048568904905,4.078326878268951
27.200000,5.71196343842212,4.065184416401754
27.210000,5.686789224010258,4.052157104867179
27.220000,5.661527908664081,4.039247035403132
27.230000,5.636174643659408,4.026458067892754
27.240000,5.610725984566955,4.013792103605838
27.250000,5.585188708321669,4.00125155355704
27.260000,5.559563999994554,3.988840742355161
27.270000,5.533852208482347,3.976564700414656
27.280000,5.508058040160096,3.964421159105925
27.290000,5.482181237482421,3.952404613191761
27.300000,5.456225214849603,3.940516739092091
27.310000,5.430194467786374,3.928755501178309
27.320000,5.404087233768739,3.917109124063658
27.330000,5.377912958234696,3.905569659063941
27.340000,5.351684344114094,3.894134208155791
27.350000,5.325400956219013,3.882803837158833
27.360000,5.299069088653885,3.871587722693217
27.370000,5.272699566145163,3.860491290288546
27.380000,5.246286464529287,3.849511870335996
27.390000,5.219817898157605,3.838649348192425
27.400000,5.19328756811037,3.827904916926604
27.410000,5.166695237635706,3.817273804760677
27.420000,5.140044549460993,3.806745632615458
27.430000,5.113333415501883,3.79631413357281
27.440000,5.086566187138411,3.78598459231727
27.450000,5.059763202529179,3.775759510344257
27.460000,5.032937504371857,3.765629788278925
27.470000,5.006092452612777,3.75558944108147
27.480000,4.979228770335697,3.745634170331401
27.490000,4.952333244220014,3.73575340239307
27.500000,4.925397233235041,3.725944558452144
27.510000,4.898425685492719,3.716212941073264
27.520000,4.87140970359498,3.706556761004818
27.530000,4.844345186322299,3.696973085735562
27.540000,4.817256031196061,3.687462248941995
27.550000,4.790156526232711,3.67802464442244
27.560000,4.763037834117039,3.668664488254305
27.570000,4.735892230478913,3.659379279595143
27.580000,4.708717877791124,3.65015395847584
27.590000,4.681519852093836,3.640978113103486
27.600000,4.654303735088867,3.631847734659946
27.610000,4.627065683802747,3.622758906637997
27.620000,4.599805956740962,3.613712576071725
27.630000,4.572528374652615,3.604705940936266
27.640000,4.54523184305958,3.595732637172695
27.650000,4.517925642890575,3.586795390708761
27.660000,4.490619717412469,3.577891717571349
27.670000,4.463306220805951,3.569011464962131
27.680000,4.435978876566051,3.560156104502071
27.690000,4.408635253700106,3.55132671465949
27.700000,4.381266320344777,3.542512166392518
27.710000,4.353875154668935,3.533706391602293
27.720000,4.326471850215145,3.524912217568322
27.730000,4.299052679146886,3.516131491707819
27.740000,4.271617003134867,3.507362680693658
27.750000,4.244177187159953,3.498601107831791
27.760000,4.216743033988881,3.489843835049477
27.770000,4.189318260195786,3.481089863441478
27.780000,4.161899685231671,3.472334628607307
27.790000,4.134475925859435,3.463570678996348
27.800000,4.10703844130574,3.454785723860748
27.810000,4.079590374571096,3.445968645359832
27.820000,4.052145011622422,3.437123979049189
27.830000,4.024711837116373,3.428261210889722
27.840000,3.997283042370712,3.419378704849469
27.850000,3.96984803718899,3.410474603733413
27.860000,3.942412023776138,3.401551932968063
27.870000,3.914984252764556,3.392609197299412
27.880000,3.887562255828599,3.383640497848823
27.890000,3.860135534444896,3.374637032418499
27.900000,3.832695576944182,3.36559227155925
27.910000,3.805244972744108,3.356508647996665
27.920000,3.777804372702726,3.347387587403658
27.930000,3.750402577147371,3.338224246370577
27.940000,3.723047243716598,3.329011974897971
27.950000,3.695720758678161,3.319741113369388
27.960000,3.668415898527194,3.310411163238513
27.970000,3.641141678703966,3.301032139106502
27.980000,3.613893298214293,3.291599703699278
27.990000,3.586657228360373,3.28210409034439
28.000000,3.559430574459306,3.272550362185959
28.010000,3.532214868822358,3.262940753542347
28.020000,3.505016527918963,3.253273290449905
28.030000,3.477846430826695,3.243553805238927
28.040000,3.450708282311845,3.23377745148566
28.050000,3.423607941433842,3.223927001276011
28.060000,3.396559060334778,3.213992787592319
28.070000,3.369568892836267,3.203973278200147
28.080000,3.34263933760677,3.19387018345155
28.090000,3.315770928412838,3.183681441503688
28.100000,3.288961021108202,3.173400207997569
28.110000,3.262210298946646,3.163029999061749
28.120000,3.235517723039226,3.152579592121801
28.130000,3.208880339351885,3.14204925042717
28.140000,3.182308675305264,3.131441015690281
28.150000,3.155811116927567,3.120755898480849
28.160000,3.129377845475178,3.109984431963173
28.170000,3.103007060181193,3.099121679470623
28.180000,3.076712916581929,3.088164946604461
28.190000,3.050503881840115,3.077103078377415
28.200000,3.024381942732319,3.065931970263504
28.210000,2.998352077296828,3.054655501058281
28.220000,2.972423302510815,3.043272761191146
28.230000,2.946604706932021,3.031787771713948
28.240000,2.92089941377067,3.020210780656473
28.250000,2.895306479138117,3.008543696593051
28.260000,2.869820708249903,2.996779639852167
28.270000,2.84443489624605,2.984910005020773
28.280000,2.819156122571309,2.972934224501453
28.290000,2.793996482836829,2.960860664287847
28.300000,2.768954127468745,2.948691637226175
28.310000,2.744034074960736,2.936425852949294
28.320000,2.719252380202343,2.924067932292128
28.330000,2.694611846331402,2.911618317485065
28.340000,2.670113076854997,2.899073899415946
28.350000,2.645759839386073,2.886433185917419
28.360000,2.621540608539403,2.873688909719502
28.370000,2.597446677481978,2.860838024326031
28.380000,2.573489868644844,2.847890887268305
28.390000,2.549686320135483,2.834855640122879
28.400000,2.526048559618536,2.821730334550671
28.410000,2.502580824671707,2.808509561412277
28.420000,2.479278433816495,2.795194579846419
28.430000,2.456141037210613,2.781797228682412
28.440000,2.433166874126004,2.768321736638506
28.450000,2.410350140756479,2.754760323671259
28.460000,2.38769435549431,2.741112887885351
28.470000,2.365201012862484,2.727383047755783
28.480000,2.342869772874154,2.713572941721402
28.490000,2.320715360763786,2.699694531714781
28.500000,2.29874209593012,2.685753895169072
28.510000,2.276936075088573,2.671739810610144
28.520000,2.255304958871015,2.657646406029382
28.530000,2.233871235342014,2.643475496884729
28.540000,2.212636566066833,2.629224749020374
28.550000,2.191587489794705,2.614897186434089
28.560000,2.170712699287766,2.600498889152126
28.570000,2.150010518259184,2.586027295312368
28.580000,2.129486943759977,2.571481866167581
28.590000,2.10914320556862,2.556873926464133
28.600000,2.088978046564982,2.542217460069436
28.610000,2.068991304224019,2.52751667260284
28.620000,2.049177988190736,2.512767321127559
28.630000,2.02953953502302,2.497968590220879
28.640000,2.010084312469881,2.483120145151212
28.650000,1.990810198265818,2.468211242566474
28.660000,1.971713918428323,2.453231521445529
28.670000,1.952798531919508,2.438180939380261
28.680000,1.934062561910051,2.423061607991483
28.690000,1.915511421259208,2.407877626063795
28.700000,1.89715948918801,2.392638947156951
28.710000,1.879001062837091,2.377355044654614
28.720000,1.861007487644605,2.362026800017737
28.730000,1.843157162178056,2.346646468244005
28.740000,1.825451006486093,2.331208644108501
28.750000,1.80789606870148,2.315712309069861
28.760000,1.790487831132891,2.30015292533836
28.770000,1.773223993365231,2.284531461556204
28.780000,1.756115191035972,2.268854066610613
28.790000,1.739171742168052,2.253115118030671
28.800000,1.722405679557727,2.237310013036786
28.810000,1.705824274568015,2.221442115305304
28.820000,1.689403993607658,2.205500942989695
28.830000,1.67311256843248,2.189476244306989
28.840000,1.656944215676107,2.173378247341288
28.850000,1.64090392991355,2.157213922116689
28.860000,1.624994895352187,2.140978868865659
28.870000,1.609221798804375,2.124669911945991
28.880000,1.593580795178493,2.108282599089536
28.890000,1.578064388952518,2.091817294011509
28.900000,1.562669648866371,2.075279870593836
28.910000,1.54739393577332,2.058665002435554
28.920000,1.532238935342212,2.041959341454434
28.930000,1.517200458330977,2.025153687735036
28.940000,1.502262676258415,2.008248787089659
28.950000,1.487424836675828,1.991258966295465
28.960000,1.472693833429217,1.974190758924784
28.970000,1.458059331587005,1.957031230781594
28.980000,1.443519258700321,1.939775343801126
28.990000,1.429086354804237,1.922426976403961
29.000000,1.414760166024373,1.90498109846189
29.010000,1.400536938042316,1.887437550859016
29.020000,1.386414290223779,1.869801171386701
29.030000,1.3723731621963,1.852065483576855
29.040000,1.35839973647985,1.834224325133785
29.050000,1.344501271158856,1.816280758657532
29.060000,1.330675636436987,1.798240870026212
29.070000,1.31690655551192,1.780112171542788
29.080000,1.303193078082,1.761896060217856
29.090000,1.289549626271067,1.743588323129114
29.100000,1.275979983894448,1.725187239017849
29.110000,1.262475621407288,1.706687020773832
29.120000,1.249035316895294,1.688079248249086
29.130000,1.235661166250841,1.669358124679383
29.140000,1.222345790692805,1.650514398973766
29.150000,1.209086819697786,1.631548552878294
29.160000,1.195892469537418,1.612478763404652
29.170000,1.182762851717269,1.593317157601663
29.180000,1.16968713312674,1.574065943073011
29.190000,1.156652417353702,1.554729260486396
29.200000,1.143648412810415,1.53530403521242
29.210000,1.130673020780445,1.515779229281419
29.220000,1.117727752319287,1.496149162414715
29.230000,1.10481144762897,1.476414937832444
29.240000,1.091924389072047,1.456576751686428
29.250000,1.07907293139254,1.436628548172403
29.260000,1.066276974929841,1.41656869925486
29.270000,1.053556771052748,1.396406212879888
29.280000,1.040898432475273,1.376140021880292
29.290000,1.028268607488392,1.355761483273459
29.300000,1.015654934863686,1.335278302960074
29.310000,1.003056420979214,1.314699422912841
29.320000,0.9904718223910709,1.294023402256754
29.330000,0.9779095889289752,1.273255814684325
29.340000,0.9653722855826461,1.252399226457965
29.350000,0.9528526004414618,1.231447604836018
29.360000,0.9403562668618,1.210408667197508
29.370000,0.9278963076342249,1.189291521336106
29.380000,0.9154739958304201,1.168085218372321
29.390000,0.9030810441120313,1.14677497298081
29.400000,0.8907107851904158,1.125357484882453
29.410000,0.8783637936607341,1.10384323961365
29.420000,0.8660370739978713,1.082248617339381
29.430000,0.853720728469939,1.060576398048669
29.440000,0.84141515153116,1.038821242974281
29.450000,0.8291249252119017,1.01698635387756
29.460000,0.8168479747673902,0.995077554272964
29.470000,0.8045915545336583,0.9731025574376682
29.480000,0.7923610664205945,0.9510681502422889
29.490000,0.780139153201029,0.9289650281523688
29.500000,0.7679120824298823,0.9067831699409346
29.510000,0.7556871936227674,0.8845303566480128
29.520000,0.7434727054278863,0.8622149336941546
29.530000,0.7312669487073027,0.8398401747583435
29.540000,0.7190633422279136,0.8174156161911904
29.550000,0.7068622148233762,0.7949493650162506
29.560000,0.6946736425210704,0.7724417206670836
29.570000,0.6825007355722329,0.7498936525810836
29.580000,0.6703366887367923,0.727308027367664
29.590000,0.6581702755096736,0.704679204603179
29.600000,0.6459866847657195,0.6819927992408036
29.610000,0.6337882127516002,0.6592477117098228
29.620000,0.6215916942061853,0.6364630235253707
29.630000,0.6093948667586776,0.6136536842856112
29.640000,0.5971883266986772,0.5908257925576866
29.650000,0.584972864281881,0.5679879111303967
29.660000,0.5727381995338864,0.5451413063477887
29.670000,0.5604732219356625,0.5222811093284818
29.680000,0.5481821098687503,0.4994084358846624
29.690000,0.5358608789937234,0.4765204837933142
29.700000,0.5234982902747403,0.4536117116215049
29.710000,0.511098131668264,0.4306879136144972
29.720000,0.4986806038590758,0.4077569871465471
29.730000,0.486269452605141,0.3848212808247558
29.740000,0.4738615221253875,0.3618824355181368
29.750000,0.4614248343501935,0.3389410319282194
29.760000,0.4489388019069361,0.3160014383122997
29.770000,0.4363928431629491,0.2930710744395755
29.780000,0.4237742498424615,0.270151480098233
29.790000,0.4110893050848862,0.2472447117583015
29.800000,0.3983407628187731,0.2243532656782684
29.810000,0.3855109408409926,0.2014729539577919
29.820000,0.3726065719513875,0.1786084493719977
29.830000,0.3596496304538404,0.1557714900401275
29.840000,0.3466356306050164,0.1329537179025548
29.850000,0.3335576396417851,0.1101363400758432
29.860000,0.320417153373255,0.08731620386080746
29.870000,0.3072023151500703,0.06450012892324916
29.880000,0.293900337529122,0.04169596612567072
29.890000,0.2805043761823622,0.01891279931260142
29.900000,0.2670031394516717,-0.003847287830868994
29.910000,0.2533889352798602,-0.02658979328445841
29.920000,0.2396623127584906,-0.04931389936595354
29.930000,0.2258285883585866,-0.07200867039966054
29.940000,0.2118897428934958,-0.09466929462413078
29.950000,0.1978334754740992,-0.1173091070073378
29.960000,0.1836487219378511,-0.139944175268097
29.970000,0.1693368903212133,-0.1625775133879354
29.980000,0.1548945769479454,-0.1852094871028841
29.990000,0.1403161601391843,-0.2078438757310465
30.000000,0.1256014275298249,-0.2304781326841072
