            TIME          N26-T1          N26-T2          N26-T3          N26-F1          N26-F2          N26-F3
----------------------------------------------------------------------------------------------------------------
        0.010000   +4.519395E-07        0.000000        0.000262       -0.687073        0.000000     -771.528113
        0.020000   +2.077445E-06        0.000000        0.001309       -0.409902        0.000000     -767.630449
        0.030000   +5.049251E-06        0.000000        0.003392       -0.539895        0.000000     -759.943631
        0.040000   +9.485490E-06        0.000000        0.006492       -0.736647        0.000000     -748.898615
        0.050000   +1.522837E-05        0.000000        0.010580        0.026882        0.000000     -734.593106
        0.060000   +2.193718E-05        0.000000        0.015618       -0.785855        0.000000     -717.514634
        0.070000   +2.983575E-05        0.000000        0.021561       -0.263715        0.000000     -697.863750
        0.080000   +3.854730E-05        0.000000        0.028359        0.077319        0.000000     -676.004540
        0.090000   +4.790296E-05        0.000000        0.035953       -0.870340        0.000000     -652.324128
        0.100000   +5.807889E-05        0.000000        0.044282        0.416705        0.000000     -627.003487
        0.110000   +6.857600E-05        0.000000        0.053280       -0.451706        0.000000     -600.564726
        0.120000   +7.947295E-05        0.000000        0.062876       -0.120966        0.000000     -573.091505
        0.130000   +9.072520E-05        0.000000        0.072999        0.153512        0.000000     -545.074686
        0.140000        0.000102        0.000000        0.083575       -0.184291        0.000000     -516.667734
        0.150000        0.000113        0.000000        0.094530        0.070324        0.000000     -488.156211
        0.160000        0.000125        0.000000        0.105788        0.040064        0.000000     -459.872102
        0.170000        0.000136        0.000000        0.117277        0.271814        0.000000     -431.861398
        0.180000        0.000147        0.000000        0.128921       -0.328897        0.000000     -404.565864
        0.190000        0.000157        0.000000        0.140650        0.756019        0.000000     -377.941877
        0.200000        0.000167        0.000000        0.152393       -0.335910        0.000000     -352.349836
        0.210000        0.000177        0.000000        0.164083        0.334924        0.000000     -327.843862
        0.220000        0.000187        0.000000        0.175656        0.486271        0.000000     -304.572736
        0.230000        0.000195        0.000000        0.187050       -0.280921        0.000000     -282.753307
        0.240000        0.000203        0.000000        0.198209        0.677901        0.000000     -262.345659
        0.250000        0.000211        0.000000        0.209079        0.122690        0.000000     -243.647296
        0.260000        0.000218        0.000000        0.219609        0.114894        0.000000     -226.571925
        0.270000        0.000224        0.000000        0.229757        0.532544        0.000000     -211.343872
        0.280000        0.000229        0.000000        0.239481        0.188381        0.000000     -197.992823
        0.290000        0.000233        0.000000        0.248747        0.183106        0.000000     -186.548911
        0.300000        0.000237        0.000000        0.257525        0.551520        0.000000     -177.192019
        0.310000        0.000240        0.000000        0.265789        0.158571        0.000000     -169.769915
        0.320000        0.000242        0.000000        0.273521        0.301229        0.000000     -164.470350
        0.330000        0.000244        0.000000        0.280706        0.432853        0.000000     -161.159333
        0.340000        0.000244        0.000000        0.287337        0.359026        0.000000     -159.951963
        0.350000        0.000243        0.000000        0.293408       -0.058974        0.000000     -161.065905
        0.360000        0.000242        0.000000        0.298923        0.995611        0.000000     -164.695621
        0.370000        0.000240        0.000000        0.303890       -0.481152        0.000000     -171.425554
        0.380000        0.000237        0.000000        0.308325        0.769922        0.000000     -181.121363
        0.390000        0.000234        0.000000        0.312258        0.192895        0.000000     -193.136022
        0.400000        0.000230        0.000000        0.315724       -0.147748        0.000000     -204.743606
        0.410000        0.000225        0.000000        0.318761        0.772448        0.000000     -211.503472
        0.420000        0.000220        0.000000        0.321392       -0.252867        0.000000     -208.184919
        0.430000        0.000214        0.000000        0.323608        0.537074        0.000000     -191.276798
        0.440000        0.000208        0.000000        0.325358       -0.118159        0.000000     -162.055007
        0.450000        0.000201        0.000000        0.326554        0.375655        0.000000     -125.414991
        0.460000        0.000194        0.000000        0.327093       -0.630235        0.000000      -85.991408
        0.470000        0.000188        0.000000        0.326871        0.561844        0.000000      -43.291250
        0.480000        0.000181        0.000000        0.325780       -0.398273        0.000000        5.253598
        0.490000        0.000175        0.000000        0.323687       -0.035069        0.000000       54.874478
        0.500000        0.000168        0.000000        0.320450        0.245575        0.000000       89.858326
        0.510000        0.000162        0.000000        0.315971       -0.533354        0.000000       97.156929
        0.520000        0.000156        0.000000        0.310241        0.090456        0.000000       84.541081
        0.530000        0.000151        0.000000        0.303313        0.021946        0.000000       75.901122
        0.540000        0.000145        0.000000        0.295215       -0.564011        0.000000       81.684764
        0.550000        0.000141        0.000000        0.285920        0.240566        0.000000       84.682171
        0.560000        0.000136        0.000000        0.275409       -0.317914        0.000000       66.784400
        0.570000        0.000132        0.000000        0.263739       -0.313691        0.000000       38.622517
        0.580000        0.000129        0.000000        0.250994        0.167302        0.000000       22.693981
        0.590000        0.000125        0.000000        0.237213       -0.415163        0.000000       15.105347
        0.600000        0.000122        0.000000        0.222405        0.043900        0.000000       -7.886662
        0.610000        0.000120        0.000000        0.206631       -0.156001        0.000000      -48.234331
        0.620000        0.000117        0.000000        0.190006        0.304357        0.000000      -83.579110
        0.630000        0.000115        0.000000        0.172625       -0.449571        0.000000     -109.417218
        0.640000        0.000112        0.000000        0.154547        0.985373        0.000000     -148.271570
        0.650000        0.000108        0.000000        0.135872       -0.436678        0.000000     -208.907749
        0.660000        0.000104        0.000000        0.116768        0.626295        0.000000     -272.400753
        0.670000   +9.938717E-05        0.000000        0.097405        0.393369        0.000000     -332.678224
        0.680000   +9.362122E-05        0.000000        0.077935       -0.176606        0.000000     -412.901986
        0.690000   +8.735897E-05        0.000000        0.058567        0.598235        0.000000     -524.390945
        0.700000   +8.045189E-05        0.000000        0.039601       -0.157016        0.000000     -649.919768
        0.710000   +7.336157E-05        0.000000        0.021369       -0.147939        0.000000     -786.291617
        0.720000   +6.641343E-05        0.000000        0.004225       -0.003925        0.000000     -957.134812
        0.730000   +5.969146E-05        0.000000       -0.011380       -0.468119        0.000000    -1159.783394
        0.740000   +5.381989E-05        0.000000       -0.024909       -0.507610        0.000000    -1356.591194
        0.750000   +4.910745E-05        0.000000       -0.035843       -0.256971        0.000000    -1526.903355
        0.760000   +4.538512E-05        0.000000       -0.043738       -0.255744        0.000000    -1663.915148
        0.770000   +4.292745E-05        0.000000       -0.048234       -0.583939        0.000000    -1732.540369
        0.780000   +4.184743E-05        0.000000       -0.049149        0.123232        0.000000    -1701.866926
        0.790000   +4.184464E-05        0.000000       -0.046567       -0.689700        0.000000    -1595.098575
        0.800000   +4.321712E-05        0.000000       -0.040770       -0.547686        0.000000    -1444.683629
        0.810000   +4.578094E-05        0.000000       -0.032151        0.042449        0.000000    -1258.335351
        0.820000   +4.924144E-05        0.000000       -0.021200       -1.033652        0.000000    -1058.792583
        0.830000   +5.362051E-05        0.000000       -0.008444        0.357432        0.000000     -883.781688
        0.840000   +5.836117E-05        0.000000        0.005656       -0.474416        0.000000     -737.857696
        0.850000   +6.346031E-05        0.000000        0.020718       -0.118489        0.000000     -605.158344
        0.860000   +6.884982E-05        0.000000        0.036392        0.126690        0.000000     -493.980388
        0.870000   +7.410017E-05        0.000000        0.052381       -0.044912        0.000000     -414.992007
        0.880000   +7.933478E-05        0.000000        0.068481       -0.082069        0.000000     -352.724076
        0.890000   +8.449831E-05        0.000000        0.084529        0.278595        0.000000     -295.428274
        0.900000   +8.930464E-05        0.000000        0.100371        0.028249        0.000000     -253.943525
        0.910000   +9.385614E-05        0.000000        0.115898        0.020363        0.000000     -231.219433
        0.920000   +9.813691E-05        0.000000        0.131052        0.330827        0.000000     -211.840607
        0.930000        0.000102        0.000000        0.145784        0.159501        0.000000     -192.285402
        0.940000        0.000105        0.000000        0.160037       -0.228288        0.000000     -183.998548
        0.950000        0.000108        0.000000        0.173792        0.881896        0.000000     -185.541632
        0.960000        0.000111        0.000000        0.187055       -0.799370        0.000000     -184.013736
        0.970000        0.000113        0.000000        0.199823        0.681437        0.000000     -179.956194
        0.980000        0.000116        0.000000        0.212081       -0.354871        0.000000     -183.118608
        0.990000        0.000119        0.000000        0.223838       -0.313507        0.000000     -189.323517
        1.000000        0.000122        0.000000        0.235115       -0.038600        0.000000     -187.687090
        1.010000        0.000126        0.000000        0.245907       -0.530884        0.000000     -181.101393
        1.020000        0.000131        0.000000        0.256192       -0.339631        0.000000     -177.872244
        1.030000        0.000137        0.000000        0.265964       -0.392768        0.000000     -173.920396
        1.040000        0.000144        0.000000        0.275215       -0.134724        0.000000     -161.679781
        1.050000        0.000151        0.000000        0.283914       -0.716058        0.000000     -145.654839
        1.060000        0.000160        0.000000        0.292013        0.368605        0.000000     -133.296239
        1.070000        0.000169        0.000000        0.299481       -0.569239        0.000000     -122.264772
        1.080000        0.000178        0.000000        0.306294        0.122002        0.000000     -107.244119
        1.090000        0.000187        0.000000        0.312412        0.138129        0.000000      -90.442170
        1.100000        0.000196        0.000000        0.317785        0.029683        0.000000      -77.416266
        1.110000        0.000205        0.000000        0.322378       -0.016497        0.000000      -68.272284
        1.120000        0.000214        0.000000        0.326172        0.866807        0.000000      -59.289588
        1.130000        0.000221        0.000000        0.329146       -0.643643        0.000000      -49.252489
        1.140000        0.000229        0.000000        0.331269        1.263980        0.000000      -40.541055
        1.150000        0.000235        0.000000        0.332515       -0.353401        0.000000      -35.212635
        1.160000        0.000240        0.000000        0.332868        0.731931        0.000000      -32.411691
        1.170000        0.000245        0.000000        0.332328        0.179622        0.000000      -29.837869
        1.180000        0.000248        0.000000        0.330890        0.532904        0.000000      -25.973045
        1.190000        0.000250        0.000000        0.328546        0.128714        0.000000      -21.085145
        1.200000        0.000252        0.000000        0.325278        0.513578        0.000000      -16.255886
        1.210000        0.000253        0.000000        0.321072        0.443831        0.000000      -12.187228
        1.220000        0.000252        0.000000        0.315916       -0.172167        0.000000       -8.759563
        1.230000        0.000251        0.000000        0.309802        1.088370        0.000000       -5.539347
        1.240000        0.000249        0.000000        0.302720       -0.471600        0.000000       -2.957597
        1.250000        0.000247        0.000000        0.294657        0.751996        0.000000       -3.053829
        1.260000        0.000243        0.000000        0.285606        0.248790        0.000000       -9.159995
        1.270000        0.000239        0.000000        0.275580        0.026925        0.000000      -24.288891
        1.280000        0.000234        0.000000        0.264621        0.497219        0.000000      -49.363972
        1.290000        0.000228        0.000000        0.252806        0.189328        0.000000      -83.136022
        1.300000        0.000222        0.000000        0.240228       -0.073266        0.000000     -124.079618
        1.310000        0.000215        0.000000        0.226999        0.541496        0.000000     -172.826362
        1.320000        0.000208        0.000000        0.213246        0.070194        0.000000     -230.988080
        1.330000        0.000200        0.000000        0.199126        0.407214        0.000000     -297.740844
        1.340000        0.000191        0.000000        0.184822        0.295565        0.000000     -367.658638
        1.350000        0.000181        0.000000        0.170523        0.385528        0.000000     -433.219680
        1.360000        0.000170        0.000000        0.156402       -0.288977        0.000000     -489.548141
        1.370000        0.000160        0.000000        0.142603        0.715239        0.000000     -534.751625
        1.380000        0.000149        0.000000        0.129238       -0.339058        0.000000     -571.932601
        1.390000        0.000138        0.000000        0.116398        0.249092        0.000000     -609.695435
        1.400000        0.000126        0.000000        0.104177        0.265427        0.000000     -654.481332
        1.410000        0.000115        0.000000        0.092701       -0.557326        0.000000     -696.191877
        1.420000        0.000103        0.000000        0.082082        0.196594        0.000000     -715.728557
        1.430000   +9.245132E-05        0.000000        0.072368       -0.055770        0.000000     -717.302650
        1.440000   +8.173197E-05        0.000000        0.063554       -0.473458        0.000000     -725.700778
        1.450000   +7.145814E-05        0.000000        0.055665        0.325592        0.000000     -741.337908
        1.460000   +6.151388E-05        0.000000        0.048747       -0.630283        0.000000     -733.098328
        1.470000   +5.209303E-05        0.000000        0.042778        0.174713        0.000000     -695.977903
        1.480000   +4.311575E-05        0.000000        0.037655       -0.416220        0.000000     -662.828015
        1.490000   +3.445810E-05        0.000000        0.033290        0.146457        0.000000     -640.715605
        1.500000   +2.654862E-05        0.000000        0.029629       -1.008064        0.000000     -600.014932
        1.510000   +1.966490E-05        0.000000        0.026564        0.302489        0.000000     -537.634607
        1.520000   +1.368562E-05        0.000000        0.023928       -1.011834        0.000000     -485.086310
        1.530000   +9.112161E-06        0.000000        0.021585       -0.448661        0.000000     -447.029810
        1.540000   +5.986911E-06        0.000000        0.019435       -0.306585        0.000000     -399.821841
        1.550000   +4.233255E-06        0.000000        0.017354       -1.044401        0.000000     -347.890342
        1.560000   +4.202227E-06        0.000000        0.015207       -0.263627        0.000000     -326.469554
        1.570000   +5.515079E-06        0.000000        0.012935       -0.529274        0.000000     -355.280679
        1.580000   +8.183214E-06        0.000000        0.010615       -0.829770        0.000000     -429.820890
        1.590000   +1.227610E-05        0.000000        0.008441       -0.141800        0.000000     -550.866079
        1.600000   +1.734329E-05        0.000000        0.006730       -0.617923        0.000000     -718.614222
        1.610000   +2.339100E-05        0.000000        0.005922       -0.338585        0.000000     -895.984708
        1.620000   +3.028934E-05        0.000000        0.006487        0.002936        0.000000    -1024.170254
        1.630000   +3.761106E-05        0.000000        0.008766       -0.056459        0.000000    -1082.267210
        1.640000   +4.535573E-05        0.000000        0.012912       -0.212222        0.000000    -1089.754536
        1.650000   +5.368867E-05        0.000000        0.018947       -0.144101        0.000000    -1054.009938
        1.660000   +6.257612E-05        0.000000        0.026780       -0.159991        0.000000     -974.331834
        1.670000   +7.229231E-05        0.000000        0.036199       -0.753346        0.000000     -879.814230
        1.680000   +8.264888E-05        0.000000        0.046951        0.627321        0.000000     -803.289692
        1.690000   +9.335260E-05        0.000000        0.058833       -1.078492        0.000000     -737.879389
        1.700000        0.000105        0.000000        0.071681        0.517446        0.000000     -663.253832
        1.710000        0.000116        0.000000        0.085297       -0.215648        0.000000     -589.104550
        1.720000        0.000128        0.000000        0.099478       -0.079628        0.000000     -532.461471
        1.730000        0.000139        0.000000        0.114078        0.253989        0.000000     -485.047203
        1.740000        0.000151        0.000000        0.128982        0.127507        0.000000     -431.180357
        1.750000        0.000161        0.000000        0.144046       -0.012312        0.000000     -374.912665
        1.760000        0.000172        0.000000        0.159115        0.521290        0.000000     -329.761512
        1.770000        0.000182        0.000000        0.174067        0.049786        0.000000     -295.216351
        1.780000        0.000191        0.000000        0.188820        0.297683        0.000000     -261.014072
        1.790000        0.000199        0.000000        0.203290        0.219234        0.000000     -223.458817
        1.800000        0.000207        0.000000        0.217371        0.561790        0.000000     -188.740354
        1.810000        0.000214        0.000000        0.230966       -0.364312        0.000000     -162.395109
        1.820000        0.000221        0.000000        0.244003        1.187390        0.000000     -142.468625
        1.830000        0.000226        0.000000        0.256438       -0.633193        0.000000     -123.876009
        1.840000        0.000231        0.000000        0.268226        0.873558        0.000000     -104.212809
        1.850000        0.000235        0.000000        0.279313        0.087447        0.000000      -85.504215
        1.860000        0.000238        0.000000        0.289643        0.233570        0.000000      -70.631443
        1.870000        0.000241        0.000000        0.299171        0.362187        0.000000      -60.313601
        1.880000        0.000243        0.000000        0.307875        0.525385        0.000000      -52.852655
        1.890000        0.000244        0.000000        0.315739       -0.076926        0.000000      -45.800558
        1.900000        0.000244        0.000000        0.322747        0.867574        0.000000      -38.031015
        1.910000        0.000243        0.000000        0.328877        0.030680        0.000000      -30.085581
        1.920000        0.000241        0.000000        0.334102        0.532932        0.000000      -23.512870
        1.930000        0.000237        0.000000        0.338401        0.324600        0.000000      -19.389672
        1.940000        0.000233        0.000000        0.341767        0.538732        0.000000      -17.271725
        1.950000        0.000228        0.000000        0.344196       -0.014084        0.000000      -15.416238
        1.960000        0.000222        0.000000        0.345686        0.731317        0.000000      -12.232872
        1.970000        0.000216        0.000000        0.346229        0.050467        0.000000       -8.214430
        1.980000        0.000208        0.000000        0.345808       -0.092619        0.000000       -6.108288
        1.990000        0.000200        0.000000        0.344416        0.859277        0.000000       -8.493206
        2.000000        0.000192        0.000000        0.342062       -1.088607        0.000000      -14.732829
        2.010000        0.000184        0.000000        0.338767        0.909817        0.000000      -21.556891
        2.020000        0.000177        0.000000        0.334549       -0.988252        0.000000      -27.859944
        2.030000        0.000169        0.000000        0.329422        0.202200        0.000000      -37.019413
        2.040000        0.000163        0.000000        0.323409       -0.730118        0.000000      -51.751025
        2.050000        0.000158        0.000000        0.316550        0.097493        0.000000      -68.703763
        2.060000        0.000153        0.000000        0.308894       -0.955302        0.000000      -84.329260
        2.070000        0.000149        0.000000        0.300475        0.188616        0.000000     -104.675928
        2.080000        0.000147        0.000000        0.291343       -0.636902        0.000000     -140.088632
        2.090000        0.000145        0.000000        0.281590       -0.251080        0.000000     -188.660467
        2.100000        0.000144        0.000000        0.271356       -0.036007        0.000000     -233.967690
        2.110000        0.000143        0.000000        0.260766       -0.067439        0.000000     -262.137830
        2.120000        0.000142        0.000000        0.249898       -0.161221        0.000000     -270.256102
        2.130000        0.000141        0.000000        0.238772        0.852364        0.000000     -257.116965
        2.140000        0.000140        0.000000        0.227356       -0.560046        0.000000     -219.651877
        2.150000        0.000138        0.000000        0.215548        0.703738        0.000000     -164.207514
        2.160000        0.000136        0.000000        0.203190        0.103855        0.000000     -109.094656
        2.170000        0.000133        0.000000        0.190130        0.110966        0.000000      -67.086103
        2.180000        0.000129        0.000000        0.176257        0.580755        0.000000      -37.880081
        2.190000        0.000125        0.000000        0.161495        0.080153        0.000000      -24.516050
        2.200000        0.000119        0.000000        0.145804        0.235776        0.000000      -40.892256
        2.210000        0.000114        0.000000        0.129227        0.170373        0.000000      -89.139421
        2.220000        0.000107        0.000000        0.111904        0.203928        0.000000     -148.297098
        2.230000        0.000101        0.000000        0.093994       -0.305715        0.000000     -206.583230
        2.240000   +9.439444E-05        0.000000        0.075644        0.357705        0.000000     -285.070721
        2.250000   +8.762442E-05        0.000000        0.057057       -0.099579        0.000000     -405.384269
        2.260000   +8.085478E-05        0.000000        0.038554       -0.317037        0.000000     -556.980420
        2.270000   +7.415412E-05        0.000000        0.020541        0.429998        0.000000     -723.296105
        2.280000   +6.747929E-05        0.000000        0.003453       -0.874579        0.000000     -912.210528
        2.290000   +6.136544E-05        0.000000       -0.012213        0.122113        0.000000    -1131.021178
        2.300000   +5.564418E-05        0.000000       -0.025878       -0.201173        0.000000    -1361.094866
        2.310000   +5.058573E-05        0.000000       -0.036935       -0.714021        0.000000    -1568.627137
        2.320000   +4.671014E-05        0.000000       -0.044838        0.183174        0.000000    -1717.238314
        2.330000   +4.387583E-05        0.000000       -0.049199       -0.517232        0.000000    -1776.208482
        2.340000   +4.226312E-05        0.000000       -0.049867       -0.173299        0.000000    -1746.181872
        2.350000   +4.207618E-05        0.000000       -0.046923       -0.720330        0.000000    -1653.580934
        2.360000   +4.341834E-05        0.000000       -0.040611       -0.455811        0.000000    -1509.967483
        2.370000   +4.639817E-05        0.000000       -0.031306       -0.868172        0.000000    -1330.672315
        2.380000   +5.057935E-05        0.000000       -0.019482        0.138798        0.000000    -1163.296775
        2.390000   +5.514485E-05        0.000000       -0.005582       -0.266480        0.000000    -1036.170794
        2.400000   +5.999415E-05        0.000000        0.010066       -0.149915        0.000000     -914.811737
        2.410000   +6.479583E-05        0.000000        0.027150        0.669039        0.000000     -764.527992
        2.420000   +6.894621E-05        0.000000        0.045273       -0.188479        0.000000     -603.104234
        2.430000   +7.273957E-05        0.000000        0.064005        0.179450        0.000000     -450.414774
        2.440000   +7.612927E-05        0.000000        0.082948        0.308093        0.000000     -293.820431
        2.450000   +7.922011E-05        0.000000        0.101688       -0.542086        0.000000     -134.995254
        2.460000   +8.234228E-05        0.000000        0.119797        0.548558        0.000000      -13.017277
        2.470000   +8.524263E-05        0.000000        0.136946       -0.287581        0.000000       47.728523
        2.480000   +8.818424E-05        0.000000        0.152979       -0.031620        0.000000       65.643931
        2.490000   +9.138135E-05        0.000000        0.167853       -0.021904        0.000000       63.058205
        2.500000   +9.476305E-05        0.000000        0.181575       -0.197966        0.000000       40.826020
        2.510000   +9.861311E-05        0.000000        0.194202       -0.300978        0.000000        1.273426
        2.520000        0.000103        0.000000        0.205843       -0.176934        0.000000      -38.609345
        2.530000        0.000108        0.000000        0.216608       -0.057923        0.000000      -66.033077
        2.540000        0.000114        0.000000        0.226568       -0.713861        0.000000      -83.725143
        2.550000        0.000120        0.000000        0.235767        0.473672        0.000000      -99.040463
        2.560000        0.000126        0.000000        0.244244       -0.658499        0.000000     -114.094507
        2.570000        0.000134        0.000000        0.252041        0.000672        0.000000     -125.977633
        2.580000        0.000141        0.000000        0.259190        0.298682        0.000000     -131.489219
        2.590000        0.000148        0.000000        0.265707       -0.661555        0.000000     -132.197194
        2.600000        0.000156        0.000000        0.271588        0.562883        0.000000     -134.513238
        2.610000        0.000164        0.000000        0.276837       -0.377505        0.000000     -141.895019
        2.620000        0.000171        0.000000        0.281477        0.064323        0.000000     -149.330819
        2.630000        0.000179        0.000000        0.285531       -0.070812        0.000000     -150.690651
        2.640000        0.000187        0.000000        0.289004        0.172196        0.000000     -147.594891
        2.650000        0.000195        0.000000        0.291881       -0.265925        0.000000     -146.964287
        2.660000        0.000203        0.000000        0.294155        0.367227        0.000000     -150.972051
        2.670000        0.000210        0.000000        0.295842        0.027153        0.000000     -154.516452
        2.680000        0.000218        0.000000        0.296961       -0.064658        0.000000     -152.693206
        2.690000        0.000224        0.000000        0.297506        0.560899        0.000000     -146.339997
        2.700000        0.000231        0.000000        0.297456        0.012009        0.000000     -140.463675
        2.710000        0.000236        0.000000        0.296787        0.213756        0.000000     -138.252072
        2.720000        0.000241        0.000000        0.295495        0.696803        0.000000     -138.762684
        2.730000        0.000245        0.000000        0.293590       -0.092895        0.000000     -139.200244
        2.740000        0.000249        0.000000        0.291078        0.496985        0.000000     -137.699182
        2.750000        0.000251        0.000000        0.287957        0.667366        0.000000     -135.330832
        2.760000        0.000252        0.000000        0.284215       -0.354308        0.000000     -134.399192
        2.770000        0.000253        0.000000        0.279841        1.258646        0.000000     -137.322218
        2.780000        0.000252        0.000000        0.274844       -0.517234        0.000000     -144.756297
        2.790000        0.000251        0.000000        0.269246        1.104520        0.000000     -155.383658
        2.800000        0.000249        0.000000        0.263083       -0.511023        0.000000     -167.160891
        2.810000        0.000245        0.000000        0.256390        1.296150        0.000000     -178.187411
        2.820000        0.000242        0.000000        0.249193       -0.936559        0.000000     -189.197818
        2.830000        0.000237        0.000000        0.241514        1.505825        0.000000     -202.315352
        2.840000        0.000232        0.000000        0.233383       -0.724132        0.000000     -219.823416
        2.850000        0.000226        0.000000        0.224849        0.764318        0.000000     -240.874781
        2.860000        0.000219        0.000000        0.215974        0.078291        0.000000     -261.435017
        2.870000        0.000212        0.000000        0.206815        0.255072        0.000000     -278.526011
        2.880000        0.000205        0.000000        0.197414        0.015796        0.000000     -293.877527
        2.890000        0.000196        0.000000        0.187801        0.816425        0.000000     -313.576554
        2.900000        0.000187        0.000000        0.178028       -0.599241        0.000000     -339.432857
        2.910000        0.000178        0.000000        0.168171        1.052483        0.000000     -364.410339
        2.920000        0.000168        0.000000        0.158303       -0.434287        0.000000     -378.010327
        2.930000        0.000157        0.000000        0.148459        0.667331        0.000000     -376.662027
        2.940000        0.000146        0.000000        0.138628       -0.187186        0.000000     -364.224462
        2.950000        0.000134        0.000000        0.128774        0.606247        0.000000     -342.391611
        2.960000        0.000123        0.000000        0.118837       -0.664732        0.000000     -313.331420
        2.970000        0.000111        0.000000        0.108733        0.604133        0.000000     -292.809345
        2.980000   +9.866230E-05        0.000000        0.098404       -0.494258        0.000000     -306.888714
        2.990000   +8.692844E-05        0.000000        0.087889       -0.138713        0.000000     -365.402720
        3.000000   +7.558751E-05        0.000000        0.077351        0.040418        0.000000     -452.724675
        3.010000   +6.443535E-05        0.000000        0.067027       -0.288745        0.000000     -551.750233
        3.020000   +5.381869E-05        0.000000        0.057179       -0.236691        0.000000     -653.870701
        3.030000   +4.364237E-05        0.000000        0.048075        0.201101        0.000000     -740.907307
        3.040000   +3.421858E-05        0.000000        0.039946       -1.194298        0.000000     -786.679535
        3.050000   +2.606946E-05        0.000000        0.032908        0.333169        0.000000     -790.359642
        3.060000   +1.890802E-05        0.000000        0.026966       -0.913743        0.000000     -778.348664
        3.070000   +1.292339E-05        0.000000        0.022088       -0.237556        0.000000     -762.622393
        3.080000   +8.357930E-06        0.000000        0.018233       -0.724223        0.000000     -727.205258
        3.090000   +5.086420E-06        0.000000        0.015309       -0.272221        0.000000     -661.714641
        3.100000   +3.208753E-06        0.000000        0.013143       -0.866072        0.000000     -584.123004
        3.110000   +2.819608E-06        0.000000        0.011530       -0.281061        0.000000     -517.900613
        3.120000   +3.731540E-06        0.000000        0.010298       -0.590347        0.000000     -472.511905
        3.130000   +6.153428E-06        0.000000        0.009326       -0.914178        0.000000     -458.251708
        3.140000   +1.001504E-05        0.000000        0.008577        0.099151        0.000000     -496.498410
        3.150000   +1.489994E-05        0.000000        0.008148       -1.027531        0.000000     -597.727410
        3.160000   +2.108394E-05        0.000000        0.008304       -0.235974        0.000000     -739.488592
        3.170000   +2.824889E-05        0.000000        0.009420       -0.131004        0.000000     -875.053017
        3.180000   +3.613834E-05        0.000000        0.011854       -0.524327        0.000000     -957.802966
        3.190000   +4.481519E-05        0.000000        0.015829        0.298440        0.000000     -967.236151
        3.200000   +5.371791E-05        0.000000        0.021374       -0.046783        0.000000     -917.779685
        3.210000   +6.292271E-05        0.000000        0.028358       -0.432700        0.000000     -833.381009
        3.220000   +7.265345E-05        0.000000        0.036561        0.176214        0.000000     -727.481354
        3.230000   +8.265299E-05        0.000000        0.045703       -0.392215        0.000000     -620.042408
        3.240000   +9.296179E-05        0.000000        0.055491       -0.020850        0.000000     -548.512146
        3.250000        0.000104        0.000000        0.065726       -0.291258        0.000000     -530.903233
        3.260000        0.000114        0.000000        0.076365        0.235682        0.000000     -542.100775
        3.270000        0.000125        0.000000        0.087445       -0.668021        0.000000     -551.014325
        3.280000        0.000137        0.000000        0.098992        0.835384        0.000000     -555.124759
        3.290000        0.000147        0.000000        0.111012       -0.267257        0.000000     -561.959279
        3.300000        0.000158        0.000000        0.123531        0.316300        0.000000     -559.914531
        3.310000        0.000167        0.000000        0.136559        0.527485        0.000000     -531.422433
        3.320000        0.000177        0.000000        0.150026       -0.234743        0.000000     -479.085147
        3.330000        0.000186        0.000000        0.163786        0.545037        0.000000     -420.992598
        3.340000        0.000194        0.000000        0.177676        0.278110        0.000000     -369.407622
        3.350000        0.000201        0.000000        0.191560       -0.146095        0.000000     -322.449638
        3.360000        0.000209        0.000000        0.205321        0.671771        0.000000     -276.279259
        3.370000        0.000215        0.000000        0.218837       -0.132731        0.000000     -232.554948
        3.380000        0.000221        0.000000        0.231984        0.552927        0.000000     -195.716549
        3.390000        0.000226        0.000000        0.244661       -0.055451        0.000000     -167.077558
        3.400000        0.000230        0.000000        0.256795        0.897414        0.000000     -144.101659
        3.410000        0.000234        0.000000        0.268329       -0.520386        0.000000     -124.711477
        3.420000        0.000236        0.000000        0.279210        1.264298        0.000000     -108.636436
        3.430000        0.000238        0.000000        0.289394       -0.360134        0.000000      -96.698716
        3.440000        0.000239        0.000000        0.298847        0.672527        0.000000      -88.297588
        3.450000        0.000238        0.000000        0.307553        0.400474        0.000000      -81.301635
        3.460000        0.000237        0.000000        0.315496        0.243883        0.000000      -73.972795
        3.470000        0.000235        0.000000        0.322654        0.279077        0.000000      -66.725619
        3.480000        0.000232        0.000000        0.329002        0.751118        0.000000      -62.142011
        3.490000        0.000228        0.000000        0.334525       -0.326024        0.000000      -61.734996
        3.500000        0.000223        0.000000        0.339228        0.860920        0.000000      -63.088628
        3.510000        0.000218        0.000000        0.343122       -0.140918        0.000000      -60.802679
        3.520000        0.000212        0.000000        0.346203        0.287441        0.000000      -52.359043
        3.530000        0.000205        0.000000        0.348441        0.093432        0.000000      -42.657454
        3.540000        0.000198        0.000000        0.349800        0.169320        0.000000      -38.994121
        3.550000        0.000191        0.000000        0.350273       -0.233404        0.000000      -40.405923
        3.560000        0.000185        0.000000        0.349878        0.076248        0.000000      -36.240609
        3.570000        0.000178        0.000000        0.348607       -0.019182        0.000000      -20.511656
        3.580000        0.000172        0.000000        0.346408       -0.752395        0.000000       -2.601037
        3.590000        0.000166        0.000000        0.343225        0.552274        0.000000        5.264520
        3.600000        0.000161        0.000000        0.339043       -1.052058        0.000000        7.320908
        3.610000        0.000156        0.000000        0.333866        0.114448        0.000000       17.883908
        3.620000        0.000153        0.000000        0.327667       -0.255116        0.000000       37.208163
        3.630000        0.000150        0.000000        0.320384       -0.678809        0.000000       50.015531
        3.640000        0.000148        0.000000        0.311981        0.211947        0.000000       49.982002
        3.650000        0.000147        0.000000        0.302465       -0.514917        0.000000       48.332475
        3.660000        0.000146        0.000000        0.291845        0.120932        0.000000       53.024997
        3.670000        0.000145        0.000000        0.280104       -0.297653        0.000000       55.399207
        3.680000        0.000144        0.000000        0.267228        0.480740        0.000000       44.644376
        3.690000        0.000144        0.000000        0.253248       -0.561247        0.000000       23.513906
        3.700000        0.000143        0.000000        0.238225        0.781408        0.000000        1.486990
        3.710000        0.000142        0.000000        0.222219       -0.193672        0.000000      -19.160287
        3.720000        0.000140        0.000000        0.205281        0.330074        0.000000      -43.531762
        3.730000        0.000138        0.000000        0.187474        0.458567        0.000000      -75.618540
        3.740000        0.000134        0.000000        0.168882        0.277835        0.000000     -116.512078
        3.750000        0.000130        0.000000        0.149612        0.008788        0.000000     -169.866257
        3.760000        0.000125        0.000000        0.129802        0.943413        0.000000     -245.138079
        3.770000        0.000119        0.000000        0.109649       -0.683379        0.000000     -351.919091
        3.780000        0.000113        0.000000        0.089437        0.890308        0.000000     -488.187052
        3.790000        0.000106        0.000000        0.069537       -0.289206        0.000000     -635.478874
        3.800000   +9.846632E-05        0.000000        0.050343        0.487470        0.000000     -771.105876
        3.810000   +9.043008E-05        0.000000        0.032212        0.244157        0.000000     -888.648263
        3.820000   +8.178333E-05        0.000000        0.015448        0.166855        0.000000     -995.847059
        3.830000   +7.319539E-05        0.000000        0.000329       -0.581845        0.000000    -1097.285142
        3.840000   +6.545564E-05        0.000000       -0.012881       -0.390007        0.000000    -1192.613614
        3.850000   +5.876031E-05        0.000000       -0.023934       -0.418579        0.000000    -1288.916136
        3.860000   +5.331950E-05        0.000000       -0.032580       -0.766430        0.000000    -1390.005815
        3.870000   +4.911092E-05        0.000000       -0.038550        0.283412        0.000000    -1471.990072
        3.880000   +4.588419E-05        0.000000       -0.041627       -0.842916        0.000000    -1500.924734
        3.890000   +4.418664E-05        0.000000       -0.041735       -0.482953        0.000000    -1465.208451
        3.900000   +4.392376E-05        0.000000       -0.038969       -0.093837        0.000000    -1377.150325
        3.910000   +4.474881E-05        0.000000       -0.033561       -0.850614        0.000000    -1256.555520
        3.920000   +4.674971E-05        0.000000       -0.025829       -0.005947        0.000000    -1129.563204
        3.930000   +4.942701E-05        0.000000       -0.016109       -0.324312        0.000000    -1021.397568
        3.940000   +5.273031E-05        0.000000       -0.004686       -0.503962        0.000000     -934.075587
        3.950000   +5.660375E-05        0.000000        0.008216        0.331311        0.000000     -851.789985
        3.960000   +6.043670E-05        0.000000        0.022380       -0.107945        0.000000     -764.484080
        3.970000   +6.398974E-05        0.000000        0.037578        0.388025        0.000000     -670.448387
        3.980000   +6.728620E-05        0.000000        0.053566       -0.187704        0.000000     -558.793404
        3.990000   +7.020824E-05        0.000000        0.070053        0.571604        0.000000     -416.186798
        4.000000   +7.292494E-05        0.000000        0.086661       -0.757826        0.000000     -257.251657
        4.010000   +7.555356E-05        0.000000        0.102963        0.895712        0.000000     -125.042330
        4.020000   +7.784080E-05        0.000000        0.118603       -0.645597        0.000000      -50.754471
        4.030000   +8.017298E-05        0.000000        0.133383        0.284760        0.000000      -28.224186
        4.040000   +8.257627E-05        0.000000        0.147249       -0.041117        0.000000      -41.249916
        4.050000   +8.500103E-05        0.000000        0.160232       -0.261933        0.000000      -91.666366
        4.060000   +8.796975E-05        0.000000        0.172466       -0.327097        0.000000     -176.212301
        4.070000   +9.134044E-05        0.000000        0.184180        0.250303        0.000000     -258.975984
        4.080000   +9.532627E-05        0.000000        0.195604       -1.082388        0.000000     -299.564142
        4.090000        0.000100        0.000000        0.206848        0.531076        0.000000     -294.087279
        4.100000        0.000106        0.000000        0.217893       -0.985773        0.000000     -261.580832
        4.110000        0.000113        0.000000        0.228654        0.095704        0.000000     -210.701994
        4.120000        0.000120        0.000000        0.238996       -0.862391        0.000000     -145.972452
        4.130000        0.000129        0.000000        0.248745        0.278646        0.000000      -84.882751
        4.140000        0.000138        0.000000        0.257732       -0.966993        0.000000      -44.743348
        4.150000        0.000148        0.000000        0.265847        0.439884        0.000000      -25.912994
        4.160000        0.000159        0.000000        0.273041       -0.335252        0.000000      -22.237664
        4.170000        0.000169        0.000000        0.279302       -0.257187        0.000000      -32.507622
        4.180000        0.000180        0.000000        0.284655        0.723927        0.000000      -53.029376
        4.190000        0.000191        0.000000        0.289161       -0.573588        0.000000      -72.592572
        4.200000        0.000201        0.000000        0.292882        0.739185        0.000000      -82.941061
        4.210000        0.000210        0.000000        0.295844        0.109675        0.000000      -87.268221
        4.220000        0.000219        0.000000        0.298048        0.321138        0.000000      -93.148168
        4.230000        0.000227        0.000000        0.299507        0.330779        0.000000     -102.291942
        4.240000        0.000234        0.000000        0.300252        0.592706        0.000000     -109.835619
        4.250000        0.000240        0.000000        0.300315       -0.040228        0.000000     -111.194190
        4.260000        0.000245        0.000000        0.299705        0.774308        0.000000     -107.142637
        4.270000        0.000249        0.000000        0.298402        0.149115        0.000000     -102.129112
        4.280000        0.000252        0.000000        0.296382        0.441943        0.000000     -100.609556
        4.290000        0.000254        0.000000        0.293637        0.299998        0.000000     -103.868817
        4.300000        0.000255        0.000000        0.290180        0.650433        0.000000     -110.217163
        4.310000        0.000255        0.000000        0.286038       -0.286770        0.000000     -116.970683
        4.320000        0.000255        0.000000        0.281235        1.070556        0.000000     -122.160936
        4.330000        0.000253        0.000000        0.275784       -0.319028        0.000000     -126.397192
        4.340000        0.000251        0.000000        0.269688        0.464844        0.000000     -131.896303
        4.350000        0.000248        0.000000        0.262952        0.530913        0.000000     -141.515407
        4.360000        0.000244        0.000000        0.255601       -0.284944        0.000000     -156.255435
        4.370000        0.000240        0.000000        0.247679        0.687988        0.000000     -174.392479
        4.380000        0.000235        0.000000        0.239241       -0.041811        0.000000     -193.140319
        4.390000        0.000229        0.000000        0.230339        0.195450        0.000000     -210.659952
        4.400000        0.000224        0.000000        0.221015        0.260780        0.000000     -228.602500
        4.410000        0.000217        0.000000        0.211310        0.236933        0.000000     -249.532181
        4.420000        0.000210        0.000000        0.201279        0.168629        0.000000     -275.000552
        4.430000        0.000203        0.000000        0.190991        0.156878        0.000000     -304.080424
        4.440000        0.000194        0.000000        0.180526        0.618444        0.000000     -335.207765
        4.450000        0.000186        0.000000        0.169965       -0.595605        0.000000     -367.752528
        4.460000        0.000177        0.000000        0.159394        1.117159        0.000000     -400.466326
        4.470000        0.000167        0.000000        0.148900       -0.672990        0.000000     -433.022974
        4.480000        0.000157        0.000000        0.138565        0.539398        0.000000     -467.207295
        4.490000        0.000147        0.000000        0.128478        0.069939        0.000000     -505.483607
        4.500000        0.000136        0.000000        0.118742       -0.055785        0.000000     -544.076671
        4.510000        0.000125        0.000000        0.109462        0.136787        0.000000     -575.106998
        4.520000        0.000114        0.000000        0.100718        0.359668        0.000000     -598.720430
        4.530000        0.000103        0.000000        0.092569       -0.376288        0.000000     -621.154838
        4.540000   +9.143108E-05        0.000000        0.085073        0.420829        0.000000     -638.678803
        4.550000   +8.007210E-05        0.000000        0.078280       -0.398097        0.000000     -638.139288
        4.560000   +6.899327E-05        0.000000        0.072185       -0.020980        0.000000     -622.385087
        4.570000   +5.843743E-05        0.000000        0.066742       -0.382926        0.000000     -609.767369
        4.580000   +4.830042E-05        0.000000        0.061918        0.114556        0.000000     -600.051397
        4.590000   +3.884139E-05        0.000000        0.057692       -0.864523        0.000000     -568.323057
        4.600000   +3.030401E-05        0.000000        0.053980        0.277502        0.000000     -495.769932
        4.610000   +2.250175E-05        0.000000        0.050589       -0.751448        0.000000     -385.832201
        4.620000   +1.601884E-05        0.000000        0.047228       -0.810086        0.000000     -255.992826
        4.630000   +1.109843E-05        0.000000        0.043555       -0.119431        0.000000     -138.654297
        4.640000   +7.615355E-06        0.000000        0.039262       -1.231941        0.000000      -77.340331
        4.650000   +5.930165E-06        0.000000        0.034188       -0.186302        0.000000     -102.132485
        4.660000   +5.748212E-06        0.000000        0.028401       -0.747948        0.000000     -210.318651
        4.670000   +6.988791E-06        0.000000        0.022184       -0.617221        0.000000     -373.975261
        4.680000   +9.610126E-06        0.000000        0.015967       -0.287806        0.000000     -567.366251
        4.690000   +1.318550E-05        0.000000        0.010257       -0.478464        0.000000     -778.264935
        4.700000   +1.781724E-05        0.000000        0.005609       -0.624514        0.000000     -983.087127
        4.710000   +2.366203E-05        0.000000        0.002563       -0.226885        0.000000    -1138.879129
        4.720000   +3.023198E-05        0.000000        0.001531        0.209716        0.000000    -1223.455133
        4.730000   +3.720612E-05        0.000000        0.002736       -0.344596        0.000000    -1247.132877
        4.740000   +4.478774E-05        0.000000        0.006244        0.027029        0.000000    -1206.358786
        4.750000   +5.290084E-05        0.000000        0.011955       -0.170131        0.000000    -1089.736223
        4.760000   +6.169818E-05        0.000000        0.019561       -0.586215        0.000000     -930.391929
        4.770000   +7.091329E-05        0.000000        0.028639        0.663588        0.000000     -785.491109
        4.780000   +8.029877E-05        0.000000        0.038802       -1.108417        0.000000     -669.858549
        4.790000   +9.041864E-05        0.000000        0.049749        0.308294        0.000000     -568.772547
        4.800000        0.000101        0.000000        0.061208       -0.334554        0.000000     -494.346244
        4.810000        0.000112        0.000000        0.072973       -0.140596        0.000000     -469.446191
        4.820000        0.000123        0.000000        0.084975        0.049371        0.000000     -483.247059
        4.830000        0.000133        0.000000        0.097259        0.168956        0.000000     -504.848172
        4.840000        0.000144        0.000000        0.109887       -0.156422        0.000000     -520.234102
        4.850000        0.000155        0.000000        0.122902        0.425687        0.000000     -527.985680
        4.860000        0.000165        0.000000        0.136334        0.102437        0.000000     -517.420531
        4.870000        0.000174        0.000000        0.150168        0.195599        0.000000     -477.925121
        4.880000        0.000183        0.000000        0.164304        0.232474        0.000000     -416.048075
        4.890000        0.000192        0.000000        0.178568        0.563087        0.000000     -349.484032
        4.900000        0.000200        0.000000        0.192779       -0.492091        0.000000     -287.783694
        4.910000        0.000208        0.000000        0.206778        1.101631        0.000000     -228.451728
        4.920000        0.000215        0.000000        0.220413       -0.518246        0.000000     -169.755975
        4.930000        0.000221        0.000000        0.233521        0.633860        0.000000     -117.109699
        4.940000        0.000226        0.000000        0.245946        0.397471        0.000000      -78.800247
        4.950000        0.000231        0.000000        0.257577       -0.045740        0.000000      -57.544692
        4.960000        0.000234        0.000000        0.268357        0.712622        0.000000      -49.140719
        4.970000        0.000237        0.000000        0.278275        0.195506        0.000000      -47.019708
        4.980000        0.000239        0.000000        0.287333        0.440283        0.000000      -47.004289
        4.990000        0.000240        0.000000        0.295532        0.346988        0.000000      -48.936374
        5.000000        0.000239        0.000000        0.302873        0.648778        0.000000      -54.577362
        5.010000        0.000237        0.000000        0.309368        0.148871        0.000000      -65.258809
        5.020000        0.000235        0.000000        0.315050        0.672662        0.000000      -80.266498
        5.030000        0.000231        0.000000        0.319965        0.593579        0.000000      -97.229516
        5.040000        0.000225        0.000000        0.324165       -0.110001        0.000000     -113.463016
        5.050000        0.000219        0.000000        0.327693        1.074356        0.000000     -126.591003
        5.060000        0.000212        0.000000        0.330586       -0.365830        0.000000     -134.814274
        5.070000        0.000204        0.000000        0.332862        0.461070        0.000000     -136.553420
        5.080000        0.000196        0.000000        0.334523        0.034310        0.000000     -132.088201
        5.090000        0.000188        0.000000        0.335550       -0.184344        0.000000     -124.140271
        5.100000        0.000180        0.000000        0.335921       -0.379848        0.000000     -114.748389
        5.110000        0.000173        0.000000        0.335612        0.156030        0.000000     -101.334371
        5.120000        0.000166        0.000000        0.334592       -1.193007        0.000000      -79.569018
        5.130000        0.000161        0.000000        0.332800        0.440671        0.000000      -52.458777
        5.140000        0.000156        0.000000        0.330160       -1.189340        0.000000      -30.000131
        5.150000        0.000153        0.000000        0.326609        0.345395        0.000000      -16.884119
        5.160000        0.000151        0.000000        0.322120       -1.121130        0.000000       -6.901375
        5.170000        0.000149        0.000000        0.316669        0.824307        0.000000        5.623139
        5.180000        0.000148        0.000000        0.310222       -1.464588        0.000000       16.416229
        5.190000        0.000148        0.000000        0.302745        1.193703        0.000000       19.212536
        5.200000        0.000147        0.000000        0.294233       -1.025024        0.000000       15.797365
        5.210000        0.000147        0.000000        0.284699        0.493506        0.000000       11.331185
        5.220000        0.000147        0.000000        0.274153        0.029516        0.000000        5.962278
        5.230000        0.000147        0.000000        0.262610       -0.033754        0.000000       -2.495380
        5.240000        0.000146        0.000000        0.250091        0.169791        0.000000      -13.172810
        5.250000        0.000145        0.000000        0.236624        0.454683        0.000000      -25.714364
        5.260000        0.000144        0.000000        0.222242       -0.196305        0.000000      -43.645348
        5.270000        0.000142        0.000000        0.206992        0.662163        0.000000      -67.791368
        5.280000        0.000139        0.000000        0.190940        0.015909        0.000000      -92.332573
        5.290000        0.000135        0.000000        0.174152        0.367427        0.000000     -115.498831
        5.300000        0.000131        0.000000        0.156685        0.050773        0.000000     -147.272129
        5.310000        0.000127        0.000000        0.138619        0.621524        0.000000     -195.067296
        5.320000        0.000121        0.000000        0.120087       -0.387471        0.000000     -249.708689
        5.330000        0.000115        0.000000        0.101235        0.827835        0.000000     -302.033144
        5.340000        0.000109        0.000000        0.082197       -0.049378        0.000000     -367.471149
        5.350000        0.000101        0.000000        0.063138        0.064639        0.000000     -469.692937
        5.360000   +9.351239E-05        0.000000        0.044332        0.430015        0.000000     -605.525984
        5.370000   +8.537713E-05        0.000000        0.026144       -0.563367        0.000000     -757.201600
        5.380000   +7.760952E-05        0.000000        0.008970       -0.129025        0.000000     -930.520235
        5.390000   +7.018539E-05        0.000000       -0.006734       -0.000713        0.000000    -1137.674437
        5.400000   +6.333471E-05        0.000000       -0.020420       -0.859825        0.000000    -1346.421117
        5.410000   +5.764202E-05        0.000000       -0.031532        0.175351        0.000000    -1508.545107
        5.420000   +5.300375E-05        0.000000       -0.039652       -0.755283        0.000000    -1625.228141
        5.430000   +4.968213E-05        0.000000       -0.044480       -0.414466        0.000000    -1718.763640
        5.440000   +4.826378E-05        0.000000       -0.045769       -1.017517        0.000000    -1766.481964
        5.450000   +4.873972E-05        0.000000       -0.043390        0.031101        0.000000    -1731.324747
        5.460000   +5.060091E-05        0.000000       -0.037436       -0.613644        0.000000    -1625.997257
        5.470000   +5.321983E-05        0.000000       -0.028183        0.538654        0.000000    -1477.934034
        5.480000   +5.600495E-05        0.000000       -0.016016       -0.377248        0.000000    -1287.508582
        5.490000   +5.912251E-05        0.000000       -0.001432       -0.284077        0.000000    -1060.557729
        5.500000   +6.233587E-05        0.000000        0.014969        0.502645        0.000000     -828.939781
        5.510000   +6.499403E-05        0.000000        0.032574       -0.211935        0.000000     -611.847988
        5.520000   +6.735523E-05        0.000000        0.050813        0.120950        0.000000     -400.906438
        5.530000   +6.933016E-05        0.000000        0.069128        0.302331        0.000000     -198.736329
        5.540000   +7.108236E-05        0.000000        0.086982       -0.664398        0.000000      -29.293327
        5.550000   +7.308492E-05        0.000000        0.103923        0.461539        0.000000       91.666095
        5.560000   +7.504942E-05        0.000000        0.119634       -0.233833        0.000000      164.295176
        5.570000   +7.706479E-05        0.000000        0.133921       -0.003927        0.000000      184.674213
        5.580000   +7.940187E-05        0.000000        0.146728       -0.178118        0.000000      146.390563
        5.590000   +8.192841E-05        0.000000        0.158156        0.079262        0.000000       59.045090
        5.600000   +8.472795E-05        0.000000        0.168439       -0.451899        0.000000      -53.311951
        5.610000   +8.805906E-05        0.000000        0.177879       -0.087444        0.000000     -167.903176
        5.620000   +9.179131E-05        0.000000        0.186780       -0.094518        0.000000     -267.490968
        5.630000   +9.615698E-05        0.000000        0.195409       -0.722982        0.000000     -339.296874
        5.640000        0.000101        0.000000        0.203957        0.606819        0.000000     -376.103429
        5.650000        0.000107        0.000000        0.212525       -0.802510        0.000000     -373.167735
        5.660000        0.000113        0.000000        0.221110       -0.001239        0.000000     -326.808729
        5.670000        0.000119        0.000000        0.229589       -0.182694        0.000000     -247.321840
        5.680000        0.000127        0.000000        0.237745       -0.484013        0.000000     -164.443085
        5.690000        0.000135        0.000000        0.245347       -0.280691        0.000000     -106.652121
        5.700000        0.000144        0.000000        0.252236        0.090977        0.000000      -79.342771
        5.710000        0.000153        0.000000        0.258343       -0.764641        0.000000      -72.146390
        5.720000        0.000163        0.000000        0.263647        0.572814        0.000000      -80.043968
        5.730000        0.000173        0.000000        0.268164       -0.661436        0.000000     -104.965707
        5.740000        0.000183        0.000000        0.271956        0.694350        0.000000     -142.594586
        5.750000        0.000193        0.000000        0.275131       -0.690733        0.000000     -179.317175
        5.760000        0.000203        0.000000        0.277799        1.385699        0.000000     -202.986421
        5.770000        0.000212        0.000000        0.280032       -1.244835        0.000000     -211.460968
        5.780000        0.000220        0.000000        0.281852        1.969912        0.000000     -208.988165
        5.790000        0.000227        0.000000        0.283250       -1.004274        0.000000     -200.162326
        5.800000        0.000234        0.000000        0.284207        1.367244        0.000000     -186.597559
        5.810000        0.000239        0.000000        0.284688       -0.175794        0.000000     -169.305929
        5.820000        0.000244        0.000000        0.284647        0.815080        0.000000     -150.314081
        5.830000        0.000247        0.000000        0.284029       -0.191651        0.000000     -132.350696
        5.840000        0.000250        0.000000        0.282780        1.137474        0.000000     -117.834962
        5.850000        0.000252        0.000000        0.280859       -0.576568        0.000000     -107.274737
        5.860000        0.000252        0.000000        0.278236        1.114368        0.000000      -99.997497
        5.870000        0.000252        0.000000        0.274896       -0.255045        0.000000      -94.637362
        5.880000        0.000251        0.000000        0.270826        0.628227        0.000000      -90.567627
        5.890000        0.000250        0.000000        0.266010       -0.062420        0.000000      -88.688626
        5.900000        0.000247        0.000000        0.260438        0.728806        0.000000      -90.969355
        5.910000        0.000244        0.000000        0.254112       -0.349339        0.000000      -99.598209
        5.920000        0.000241        0.000000        0.247055        0.710073        0.000000     -114.758634
        5.930000        0.000236        0.000000        0.239317        0.085695        0.000000     -134.165751
        5.940000        0.000231        0.000000        0.230957       -0.155664        0.000000     -154.214577
        5.950000        0.000226        0.000000        0.222031        0.928011        0.000000     -173.237569
        5.960000        0.000220        0.000000        0.212582       -0.492273        0.000000     -194.328906
        5.970000        0.000213        0.000000        0.202658        0.753155        0.000000     -222.973776
        5.980000        0.000206        0.000000        0.192333        0.162307        0.000000     -261.939640
        5.990000        0.000197        0.000000        0.181720        0.118339        0.000000     -305.892306
        6.000000        0.000189        0.000000        0.170945        0.361275        0.000000     -345.854050
        6.010000        0.000179        0.000000        0.160112        0.210387        0.000000     -378.809437
        6.020000        0.000169        0.000000        0.149299        0.145898        0.000000     -412.166274
        6.030000        0.000159        0.000000        0.138586        0.192178        0.000000     -454.287859
        6.040000        0.000148        0.000000        0.128089        0.374606        0.000000     -500.566228
        6.050000        0.000137        0.000000        0.117936       -0.253257        0.000000     -538.399673
        6.060000        0.000125        0.000000        0.108227        0.408374        0.000000     -564.298178
        6.070000        0.000113        0.000000        0.099021        0.112075        0.000000     -589.034144
        6.080000        0.000101        0.000000        0.090382       -0.530928        0.000000     -618.521548
        6.090000   +8.923842E-05        0.000000        0.082389        0.571897        0.000000     -642.327009
        6.100000   +7.765746E-05        0.000000        0.075108       -0.905793        0.000000     -650.453867
        6.110000   +6.677670E-05        0.000000        0.068556        0.189589        0.000000     -647.690693
        6.120000   +5.639256E-05        0.000000        0.062725       -0.224467        0.000000     -641.995461
        6.130000   +4.644674E-05        0.000000        0.057600       -0.393930        0.000000     -629.575503
        6.140000   +3.735469E-05        0.000000        0.053148       -0.275967        0.000000     -605.075094
        6.150000   +2.906431E-05        0.000000        0.049305       -0.282226        0.000000     -572.554288
        6.160000   +2.182108E-05        0.000000        0.045984       -0.770793        0.000000     -538.059815
        6.170000   +1.592220E-05        0.000000        0.043095       -0.236811        0.000000     -502.851408
        6.180000   +1.121757E-05        0.000000        0.040546       -0.582941        0.000000     -463.880639
        6.190000   +7.799580E-06        0.000000        0.038235       -0.554723        0.000000     -414.509076
        6.200000   +5.942674E-06        0.000000        0.036031       -0.678452        0.000000     -353.349297
        6.210000   +5.498769E-06        0.000000        0.033776       -0.256801        0.000000     -301.798714
        6.220000   +6.704778E-06        0.000000        0.031331       -1.371115        0.000000     -295.179657
        6.230000   +9.624720E-06        0.000000        0.028680        0.304835        0.000000     -350.602193
        6.240000   +1.375657E-05        0.000000        0.025966       -1.229472        0.000000     -459.125136
        6.250000   +1.929516E-05        0.000000        0.023474       -0.173617        0.000000     -596.989112
        6.260000   +2.581575E-05        0.000000        0.021568       -0.012978        0.000000     -724.871959
        6.270000   +3.281267E-05        0.000000        0.020586       -0.393382        0.000000     -798.994609
        6.280000   +4.038229E-05        0.000000        0.020728        0.187558        0.000000     -810.842688
        6.290000   +4.819021E-05        0.000000        0.022023       -0.197068        0.000000     -793.589057
        6.300000   +5.631967E-05        0.000000        0.024426       -0.299914        0.000000     -773.712310
        6.310000   +6.496714E-05        0.000000        0.027883       -0.059331        0.000000     -750.616604
        6.320000   +7.388428E-05        0.000000        0.032333       -0.040372        0.000000     -728.767990
        6.330000   +8.300005E-05        0.000000        0.037713       -0.227581        0.000000     -730.955113
        6.340000   +9.253322E-05        0.000000        0.044023       -0.255914        0.000000     -762.700102
        6.350000        0.000102        0.000000        0.051351        0.061003        0.000000     -799.749207
        6.360000        0.000113        0.000000        0.059799       -0.830070        0.000000     -822.365730
        6.370000        0.000124        0.000000        0.069428        0.772163        0.000000     -832.434894
        6.380000        0.000134        0.000000        0.080265       -0.205582        0.000000     -832.637716
        6.390000        0.000145        0.000000        0.092318        0.254724        0.000000     -810.285687
        6.400000        0.000155        0.000000        0.105541        0.478979        0.000000     -754.809305
        6.410000        0.000165        0.000000        0.119790       -0.330735        0.000000     -672.703066
        6.420000        0.000175        0.000000        0.134848        0.412686        0.000000     -578.856087
        6.430000        0.000184        0.000000        0.150463        0.234492        0.000000     -483.118451
        6.440000        0.000193        0.000000        0.166386        0.051968        0.000000     -388.077959
        6.450000        0.000201        0.000000        0.182367        0.437552        0.000000     -297.075305
        6.460000        0.000208        0.000000        0.198158        0.217437        0.000000     -215.369174
        6.470000        0.000215        0.000000        0.213538        0.127469        0.000000     -147.484132
        6.480000        0.000221        0.000000        0.228320        0.210974        0.000000      -94.609485
        6.490000        0.000226        0.000000        0.242362        0.492583        0.000000      -54.995720
        6.500000        0.000231        0.000000        0.255559       -0.098998        0.000000      -26.309699
        6.510000        0.000235        0.000000        0.267833        0.690676        0.000000       -6.680471
        6.520000        0.000237        0.000000        0.279131        0.385018        0.000000        4.723353
        6.530000        0.000239        0.000000        0.289418       -0.113152        0.000000        8.022679
        6.540000        0.000240        0.000000        0.298685        1.265806        0.000000        3.193079
        6.550000        0.000240        0.000000        0.306944       -0.496475        0.000000       -9.065044
        6.560000        0.000238        0.000000        0.314235        1.076193        0.000000      -26.564233
        6.570000        0.000236        0.000000        0.320617        0.077860        0.000000      -45.659519
        6.580000        0.000233        0.000000        0.326148        0.476828        0.000000      -62.416268
        6.590000        0.000228        0.000000        0.330878        0.286300        0.000000      -74.993318
        6.600000        0.000223        0.000000        0.334834        0.523030        0.000000      -84.695949
        6.610000        0.000216        0.000000        0.338036        0.145366        0.000000      -93.811786
        6.620000        0.000209        0.000000        0.340511        0.231574        0.000000     -100.454116
        6.630000        0.000201        0.000000        0.342285        0.492324        0.000000      -95.882517
        6.640000        0.000193        0.000000        0.343350       -0.519732        0.000000      -71.243654
        6.650000        0.000185        0.000000        0.343634        0.603839        0.000000      -28.393803
        6.660000        0.000177        0.000000        0.343005       -0.478525        0.000000       18.619010
        6.670000        0.000169        0.000000        0.341330       -0.148087        0.000000       57.044876
        6.680000        0.000161        0.000000        0.338511       -0.120469        0.000000       85.127344
        6.690000        0.000154        0.000000        0.334477       -0.317237        0.000000      102.756936
        6.700000        0.000148        0.000000        0.329180       -0.813231        0.000000      100.691274
        6.710000        0.000143        0.000000        0.322622        0.264810        0.000000       72.060916
        6.720000        0.000139        0.000000        0.314888       -1.506195        0.000000       26.550442
        6.730000        0.000137        0.000000        0.306104        0.430147        0.000000      -21.225791
        6.740000        0.000136        0.000000        0.296396       -1.071337        0.000000      -68.213771
        6.750000        0.000136        0.000000        0.285889        0.253144        0.000000     -112.445889
        6.760000        0.000137        0.000000        0.274705       -0.660808        0.000000     -141.038005
        6.770000        0.000138        0.000000        0.262923        0.596469        0.000000     -146.920515
        6.780000        0.000139        0.000000        0.250551       -0.525990        0.000000     -143.925803
        6.790000        0.000140        0.000000        0.237575        0.574302        0.000000     -146.562142
        6.800000        0.000140        0.000000        0.224004        0.270116        0.000000     -149.218294
        6.810000        0.000140        0.000000        0.209851       -0.219232        0.000000     -141.830036
        6.820000        0.000139        0.000000        0.195093        1.102208        0.000000     -132.564671
        6.830000        0.000137        0.000000        0.179696       -0.314431        0.000000     -136.905843
        6.840000        0.000134        0.000000        0.163673        0.699166        0.000000     -154.429248
        6.850000        0.000130        0.000000        0.147074        0.300065        0.000000     -176.333959
        6.860000        0.000126        0.000000        0.129958        0.201010        0.000000     -206.030246
        6.870000        0.000120        0.000000        0.112398        0.228860        0.000000     -252.490821
        6.880000        0.000114        0.000000        0.094519        0.542676        0.000000     -312.850605
        6.890000        0.000107        0.000000        0.076484       -0.259671        0.000000     -384.946451
        6.900000        0.000100        0.000000        0.058477        0.506468        0.000000     -484.233222
        6.910000   +9.250679E-05        0.000000        0.040760       -0.382339        0.000000     -618.863343
        6.920000   +8.488336E-05        0.000000        0.023695        0.015545        0.000000     -771.240380
        6.930000   +7.778276E-05        0.000000        0.007682       -0.656481        0.000000     -935.064989
        6.940000   +7.104776E-05        0.000000       -0.006851        0.457364        0.000000    -1131.037138
        6.950000   +6.494687E-05        0.000000       -0.019387       -1.453915        0.000000    -1346.019444
        6.960000   +6.002875E-05        0.000000       -0.029350        0.782599        0.000000    -1515.447052
        6.970000   +5.606883E-05        0.000000       -0.036298       -1.065404        0.000000    -1609.080840
        6.980000   +5.321046E-05        0.000000       -0.039991        0.289030        0.000000    -1647.941580
        6.990000   +5.153235E-05        0.000000       -0.040330       -0.641385        0.000000    -1623.568467
        7.000000   +5.123839E-05        0.000000       -0.037373       -0.518495        0.000000    -1508.526137
        7.010000   +5.256856E-05        0.000000       -0.031427       -0.630752        0.000000    -1345.699529
        7.020000   +5.486629E-05        0.000000       -0.022927        0.053458        0.000000    -1209.764790
        7.030000   +5.793127E-05        0.000000       -0.012229       -0.927696        0.000000    -1102.906967
        7.040000   +6.177094E-05        0.000000        0.000392        0.496665        0.000000     -987.271347
        7.050000   +6.573746E-05        0.000000        0.014634       -0.282367        0.000000     -860.832693
        7.060000   +6.936268E-05        0.000000        0.030165        0.635227        0.000000     -733.723115
        7.070000   +7.263825E-05        0.000000        0.046652       -0.382744        0.000000     -590.153138
        7.080000   +7.537381E-05        0.000000        0.063721        0.891108        0.000000     -427.782738
        7.090000   +7.761500E-05        0.000000        0.080935       -0.874932        0.000000     -283.417729
        7.100000   +7.951214E-05        0.000000        0.097905        1.164536        0.000000     -188.093861
        7.110000   +8.069186E-05        0.000000        0.114379       -0.477944        0.000000     -138.566925
        7.120000   +8.157913E-05        0.000000        0.130230        0.191831        0.000000     -121.120198
        7.130000   +8.240803E-05        0.000000        0.145412        0.164254        0.000000     -129.099142
        7.140000   +8.316367E-05        0.000000        0.159950       -0.415260        0.000000     -152.087406
        7.150000   +8.449436E-05        0.000000        0.173907       -0.202837        0.000000     -173.752232
        7.160000   +8.641630E-05        0.000000        0.187343       -0.069933        0.000000     -181.824135
        7.170000   +8.908493E-05        0.000000        0.200283       -0.777192        0.000000     -167.794974
        7.180000   +9.285692E-05        0.000000        0.212691       -0.021138        0.000000     -126.393716
        7.190000   +9.759752E-05        0.000000        0.224459       -0.633102        0.000000      -63.038917
        7.200000        0.000103        0.000000        0.235417       -0.347754        0.000000        6.851857
        7.210000        0.000110        0.000000        0.245378       -0.619145        0.000000       69.629847
        7.220000        0.000118        0.000000        0.254175        0.226076        0.000000      117.538171
        7.230000        0.000127        0.000000        0.261677       -0.862236        0.000000      143.858368
        7.240000        0.000136        0.000000        0.267809        0.361638        0.000000      141.783562
        7.250000        0.000146        0.000000        0.272569       -0.360601        0.000000      109.231591
        7.260000        0.000156        0.000000        0.276041       -0.209818        0.000000       52.528269
        7.270000        0.000167        0.000000        0.278375        0.428713        0.000000      -15.052530
        7.280000        0.000177        0.000000        0.279756       -0.217397        0.000000      -80.403044
        7.290000        0.000186        0.000000        0.280360       -0.020646        0.000000     -137.650618
        7.300000        0.000196        0.000000        0.280336        0.643459        0.000000     -187.412623
        7.310000        0.000205        0.000000        0.279818       -0.520481        0.000000     -229.403489
        7.320000        0.000214        0.000000        0.278923        1.037384        0.000000     -259.245694
        7.330000        0.000221        0.000000        0.277744       -0.252575        0.000000     -272.601425
        7.340000        0.000228        0.000000        0.276322        0.938855        0.000000     -270.056541
        7.350000        0.000234        0.000000        0.274652       -0.218251        0.000000     -257.746506
        7.360000        0.000239        0.000000        0.272693        1.244556        0.000000     -241.514474
        7.370000        0.000243        0.000000        0.270400       -0.484648        0.000000     -224.836973
        7.380000        0.000246        0.000000        0.267731        1.096831        0.000000     -207.678858
        7.390000        0.000248        0.000000        0.264644        0.102331        0.000000     -189.749339
        7.400000        0.000249        0.000000        0.261087        0.156875        0.000000     -172.131950
        7.410000        0.000249        0.000000        0.257005        0.795951        0.000000     -157.253965
        7.420000        0.000248        0.000000        0.252348       -0.127996        0.000000     -148.233526
        7.430000        0.000246        0.000000        0.247086        0.389755        0.000000     -146.356615
        7.440000        0.000244        0.000000        0.241216        0.331138        0.000000     -151.048475
        7.450000        0.000241        0.000000        0.234757        0.010229        0.000000     -160.116279
        7.460000        0.000238        0.000000        0.227736        0.125563        0.000000     -172.370939
        7.470000        0.000234        0.000000        0.220182        0.465750        0.000000     -189.690421
        7.480000        0.000229        0.000000        0.212134       -0.374946        0.000000     -216.132131
        7.490000        0.000224        0.000000        0.203660        0.685960        0.000000     -255.242128
        7.500000        0.000219        0.000000        0.194869       -0.238357        0.000000     -305.382638
        7.510000        0.000213        0.000000        0.185907        0.556614        0.000000     -359.929097
        7.520000        0.000207        0.000000        0.176930       -0.325563        0.000000     -410.585122
        7.530000        0.000200        0.000000        0.168073        1.174364        0.000000     -452.167689
        7.540000        0.000193        0.000000        0.159442       -0.850060        0.000000     -484.834956
        7.550000        0.000185        0.000000        0.151118        1.535227        0.000000     -509.655398
        7.560000        0.000176        0.000000        0.143162       -0.780662        0.000000     -525.521427
        7.570000        0.000167        0.000000        0.135619        0.586689        0.000000     -526.452476
        7.580000        0.000157        0.000000        0.128490        0.021195        0.000000     -508.177587
        7.590000        0.000148        0.000000        0.121719        0.091503        0.000000     -475.865658
        7.600000        0.000137        0.000000        0.115212        0.105953        0.000000     -444.642231
        7.610000        0.000127        0.000000        0.108880        0.456284        0.000000     -426.838466
        7.620000        0.000116        0.000000        0.102683       -0.389149        0.000000     -418.910302
        7.630000        0.000104        0.000000        0.096603        0.438414        0.000000     -411.791209
        7.640000   +9.299521E-05        0.000000        0.090622       -0.325414        0.000000     -408.831716
        7.650000   +8.155247E-05        0.000000        0.084729        0.230593        0.000000     -420.967900
        7.660000   +7.036393E-05        0.000000        0.078960       -0.541245        0.000000     -444.557387
        7.670000   +5.929458E-05        0.000000        0.073380        0.680472        0.000000     -465.367578
        7.680000   +4.856779E-05        0.000000        0.068045       -1.334013        0.000000     -480.465411
        7.690000   +3.867087E-05        0.000000        0.062992        0.726002        0.000000     -492.740150
        7.700000   +2.954171E-05        0.000000        0.058253       -1.274042        0.000000     -497.484316
        7.710000   +2.169886E-05        0.000000        0.053842       -0.116340        0.000000     -494.295963
        7.720000   +1.523096E-05        0.000000        0.049748       -0.581816        0.000000     -490.740567
        7.730000   +9.948584E-06        0.000000        0.045963       -0.522671        0.000000     -481.029944
        7.740000   +6.361679E-06        0.000000        0.042461       -0.941162        0.000000     -455.228813
        7.750000   +4.418957E-06        0.000000        0.039174       -0.092489        0.000000     -427.346191
        7.760000   +4.172200E-06        0.000000        0.036029       -1.470341        0.000000     -416.109047
        7.770000   +5.821034E-06        0.000000        0.032996        0.116392        0.000000     -422.272467
        7.780000   +8.975911E-06        0.000000        0.030091       -1.120438        0.000000     -454.094938
        7.790000   +1.343987E-05        0.000000        0.027396        0.009706        0.000000     -535.127724
        7.800000   +1.926965E-05        0.000000        0.025122       -1.154851        0.000000     -662.009151
        7.810000   +2.619464E-05        0.000000        0.023603        0.475587        0.000000     -792.616287
        7.820000   +3.405431E-05        0.000000        0.023185       -1.246097        0.000000     -888.182902
        7.830000   +4.268075E-05        0.000000        0.024122        1.007647        0.000000     -935.241301
        7.840000   +5.134818E-05        0.000000        0.026541       -0.538343        0.000000     -930.135754
        7.850000   +6.017231E-05        0.000000        0.030433        0.140753        0.000000     -870.577748
        7.860000   +6.928995E-05        0.000000        0.035645       -0.007708        0.000000     -772.468912
        7.870000   +7.842694E-05        0.000000        0.041911       -0.174024        0.000000     -676.905324
        7.880000   +8.800804E-05        0.000000        0.048971       -0.494291        0.000000     -621.388790
        7.890000   +9.786040E-05        0.000000        0.056673        0.520876        0.000000     -609.683025
        7.900000        0.000108        0.000000        0.064990       -0.967049        0.000000     -617.518603
        7.910000        0.000118        0.000000        0.073948        0.877095        0.000000     -624.967772
        7.920000        0.000128        0.000000        0.083568       -0.457536        0.000000     -626.242468
        7.930000        0.000138        0.000000        0.093858        0.851351        0.000000     -615.538774
        7.940000        0.000147        0.000000        0.104797       -0.666078        0.000000     -583.398120
        7.950000        0.000156        0.000000        0.116306        0.998390        0.000000     -528.098070
        7.960000        0.000166        0.000000        0.128238       -1.063992        0.000000     -461.703589
        7.970000        0.000175        0.000000        0.140409        1.027370        0.000000     -397.556286
        7.980000        0.000183        0.000000        0.152647       -0.421207        0.000000     -341.057211
        7.990000        0.000192        0.000000        0.164804        0.357480        0.000000     -291.518110
        8.000000        0.000200        0.000000        0.176748        0.248703        0.000000     -248.382168
        8.010000        0.000207        0.000000        0.188363        0.331682        0.000000     -213.601366
        8.020000        0.000214        0.000000        0.199552       -0.212748        0.000000     -189.036875
        8.030000        0.000220        0.000000        0.210246        1.000219        0.000000     -175.424367
        8.040000        0.000225        0.000000        0.220408       -0.606490        0.000000     -171.395506
        8.050000        0.000229        0.000000        0.230029        0.961382        0.000000     -173.956785
        8.060000        0.000233        0.000000        0.239123       -0.111341        0.000000     -179.629970
        8.070000        0.000236        0.000000        0.247710        0.592601        0.000000     -185.707718
        8.080000        0.000238        0.000000        0.255810        0.211501        0.000000     -192.290234
        8.090000        0.000239        0.000000        0.263438        0.797167        0.000000     -201.072488
        8.100000        0.000239        0.000000        0.270613        0.241099        0.000000     -214.211908
        8.110000        0.000237        0.000000        0.277374        0.475304        0.000000     -231.389528
        8.120000        0.000234        0.000000        0.283774        0.818946        0.000000     -248.754853
        8.130000        0.000230        0.000000        0.289869       -0.447743        0.000000     -260.973860
        8.140000        0.000226        0.000000        0.295695        1.244769        0.000000     -263.869114
        8.150000        0.000220        0.000000        0.301251       -0.360589        0.000000     -258.427351
        8.160000        0.000214        0.000000        0.306513        0.579597        0.000000     -247.364731
        8.170000        0.000207        0.000000        0.311449        0.366089        0.000000     -230.153679
        8.180000        0.000199        0.000000        0.316019       -0.120997        0.000000     -199.496704
        8.190000        0.000191        0.000000        0.320146        0.134962        0.000000     -148.246770
        8.200000        0.000183        0.000000        0.323685       -0.069969        0.000000      -79.546521
        8.210000        0.000175        0.000000        0.326442       -0.328251        0.000000       -5.565559
        8.220000        0.000168        0.000000        0.328215       -0.212293        0.000000       64.244089
        8.230000        0.000161        0.000000        0.328824       -0.070697        0.000000      126.768056
        8.240000        0.000154        0.000000        0.328101       -0.509467        0.000000      173.304484
        8.250000        0.000149        0.000000        0.325918       -0.189947        0.000000      187.033862
        8.260000        0.000144        0.000000        0.322240       -0.060383        0.000000      162.939739
        8.270000        0.000140        0.000000        0.317144       -0.788321        0.000000      118.613736
        8.280000        0.000137        0.000000        0.310757        0.176352        0.000000       72.601630
        8.290000        0.000134        0.000000        0.303201       -0.503399        0.000000       26.902857
        8.300000        0.000132        0.000000        0.294597       -0.390446        0.000000      -16.000027
        8.310000        0.000131        0.000000        0.285066        0.213781        0.000000      -37.103328
        8.320000        0.000131        0.000000        0.274670       -0.540608        0.000000      -22.458241
        8.330000        0.000131        0.000000        0.263363       -0.105598        0.000000       14.733691
        8.340000        0.000131        0.000000        0.251038        0.280096        0.000000       52.430911
        8.350000        0.000131        0.000000        0.237591       -0.576106        0.000000       84.002190
        8.360000        0.000131        0.000000        0.222937        0.817848        0.000000      105.958823
        8.370000        0.000131        0.000000        0.207010       -0.408074        0.000000      100.452558
        8.380000        0.000131        0.000000        0.189817        0.966241        0.000000       53.929503
        8.390000        0.000129        0.000000        0.171488       -0.634794        0.000000      -20.534728
        8.400000        0.000127        0.000000        0.152230        1.584315        0.000000     -103.076099
        8.410000        0.000124        0.000000        0.132260       -1.111743        0.000000     -198.413300
        8.420000        0.000120        0.000000        0.111825        1.851860        0.000000     -321.647705
        8.430000        0.000115        0.000000        0.091257       -0.755458        0.000000     -461.376795
        8.440000        0.000108        0.000000        0.070939        0.958562        0.000000     -589.497677
        8.450000        0.000101        0.000000        0.051203       -0.181946        0.000000     -709.401598
        8.460000   +9.338959E-05        0.000000        0.032356        0.614325        0.000000     -855.794136
        8.470000   +8.533054E-05        0.000000        0.014779       -0.965466        0.000000    -1035.081513
        8.480000   +7.761433E-05        0.000000       -0.001044        0.678120        0.000000    -1211.801656
        8.490000   +7.070135E-05        0.000000       -0.014651       -1.674962        0.000000    -1365.930804
        8.500000   +6.497207E-05        0.000000       -0.025642        0.867043        0.000000    -1511.950247
        8.510000   +6.026175E-05        0.000000       -0.033635       -1.365463        0.000000    -1637.858171
        8.520000   +5.689629E-05        0.000000       -0.038296        0.446279        0.000000    -1692.181750
        8.530000   +5.531391E-05        0.000000       -0.039481       -1.501402        0.000000    -1653.110797
        8.540000   +5.515923E-05        0.000000       -0.037298        0.897399        0.000000    -1549.080235
        8.550000   +5.613853E-05        0.000000       -0.032020       -1.773893        0.000000    -1410.361526
        8.560000   +5.837906E-05        0.000000       -0.024012        0.758480        0.000000    -1249.855327
        8.570000   +6.139050E-05        0.000000       -0.013696       -1.096539        0.000000    -1088.161186
        8.580000   +6.504238E-05        0.000000       -0.001499        0.192068        0.000000     -946.889021
        8.590000   +6.909062E-05        0.000000        0.012208       -0.094956        0.000000     -826.462745
        8.600000   +7.280670E-05        0.000000        0.027110        0.407473        0.000000     -715.009017
        8.610000   +7.626278E-05        0.000000        0.042917       -0.352202        0.000000     -602.466507
        8.620000   +7.922655E-05        0.000000        0.059335        1.036261        0.000000     -481.121214
        8.630000   +8.160607E-05        0.000000        0.076044       -0.877026        0.000000     -347.506980
        8.640000   +8.383362E-05        0.000000        0.092691        0.835229        0.000000     -211.796885
        8.650000   +8.582015E-05        0.000000        0.108912       -0.578427        0.000000      -93.031872
        8.660000   +8.759550E-05        0.000000        0.124390        0.528085        0.000000       -7.365056
        8.670000   +8.929504E-05        0.000000        0.138896       -0.401469        0.000000       33.944899
        8.680000   +9.068435E-05        0.000000        0.152317        0.761036        0.000000       25.396563
        8.690000   +9.173581E-05        0.000000        0.164679       -0.606193        0.000000      -26.174198
        8.700000   +9.277238E-05        0.000000        0.176121        0.427348        0.000000     -101.202008
        8.710000   +9.365614E-05        0.000000        0.186849       -0.073293        0.000000     -174.505234
        8.720000   +9.465688E-05        0.000000        0.197063       -0.455042        0.000000     -220.757778
        8.730000   +9.617324E-05        0.000000        0.206889        0.280145        0.000000     -224.760601
        8.740000   +9.809521E-05        0.000000        0.216336       -0.642919        0.000000     -196.939787
        8.750000        0.000101        0.000000        0.225321       -0.634961        0.000000     -165.108125
        8.760000        0.000105        0.000000        0.233756       -0.071743        0.000000     -144.254330
        8.770000        0.000111        0.000000        0.241587       -1.100846        0.000000     -130.176047
        8.780000        0.000118        0.000000        0.248776       -0.133775        0.000000     -124.965722
        8.790000        0.000126        0.000000        0.255302       -0.663391        0.000000     -141.040469
        8.800000        0.000136        0.000000        0.261205       -0.234376        0.000000     -175.105912
        8.810000        0.000146        0.000000        0.266583       -0.534466        0.000000     -205.134895
        8.820000        0.000158        0.000000        0.271523        0.360005        0.000000     -217.962756
        8.830000        0.000169        0.000000        0.276059       -0.562599        0.000000     -220.053980
        8.840000        0.000181        0.000000        0.280192        0.648731        0.000000     -218.679977
        8.850000        0.000192        0.000000        0.283924        0.065945        0.000000     -209.748740
        8.860000        0.000202        0.000000        0.287243        0.384597        0.000000     -187.667733
        8.870000        0.000211        0.000000        0.290094        0.272235        0.000000     -155.168852
        8.880000        0.000220        0.000000        0.292386        0.907563        0.000000     -120.971548
        8.890000        0.000227        0.000000        0.294021       -0.600400        0.000000      -91.174107
        8.900000        0.000234        0.000000        0.294916        1.802836        0.000000      -66.841989
        8.910000        0.000239        0.000000        0.295009       -1.013489        0.000000      -46.589561
        8.920000        0.000243        0.000000        0.294245        1.700489        0.000000      -29.342005
        8.930000        0.000246        0.000000        0.292576       -0.563373        0.000000      -15.158788
        8.940000        0.000248        0.000000        0.289962        1.227801        0.000000       -4.377509
        8.950000        0.000248        0.000000        0.286369       -0.507493        0.000000        2.680598
        8.960000        0.000248        0.000000        0.281777        1.243542        0.000000        5.619565
        8.970000        0.000247        0.000000        0.276176       -0.580569        0.000000        3.572931
        8.980000        0.000246        0.000000        0.269568        0.835836        0.000000       -4.721847
        8.990000        0.000243        0.000000        0.261976        0.065498        0.000000      -20.224458
        9.000000        0.000240        0.000000        0.253443        0.075377        0.000000      -42.857828
        9.010000        0.000236        0.000000        0.244037        0.341264        0.000000      -71.644192
        9.020000        0.000232        0.000000        0.233835        0.206745        0.000000     -106.475102
        9.030000        0.000228        0.000000        0.222929       -0.302702        0.000000     -149.654192
        9.040000        0.000223        0.000000        0.211427        0.743731        0.000000     -205.213123
        9.050000        0.000217        0.000000        0.199480       -0.274276        0.000000     -274.868962
        9.060000        0.000211        0.000000        0.187281        0.362871        0.000000     -353.477960
        9.070000        0.000204        0.000000        0.175053        0.459327        0.000000     -430.972030
        9.080000        0.000197        0.000000        0.163008       -0.082730        0.000000     -498.412939
        9.090000        0.000189        0.000000        0.151318        0.636631        0.000000     -553.737949
        9.100000        0.000180        0.000000        0.140123        0.196177        0.000000     -597.280955
        9.110000        0.000171        0.000000        0.129536        0.432229        0.000000     -624.864761
        9.120000        0.000161        0.000000        0.119629       -0.037670        0.000000     -631.093139
        9.130000        0.000151        0.000000        0.110409        0.618022        0.000000     -617.981602
        9.140000        0.000140        0.000000        0.101832       -0.592385        0.000000     -598.127890
        9.150000        0.000129        0.000000        0.093838        0.373986        0.000000     -583.959986
        9.160000        0.000118        0.000000        0.086387       -0.219415        0.000000     -584.458740
        9.170000        0.000107        0.000000        0.079480       -0.518057        0.000000     -608.581812
        9.180000   +9.731523E-05        0.000000        0.073183        0.319113        0.000000     -660.396157
        9.190000   +8.728674E-05        0.000000        0.067640       -0.380329        0.000000     -728.913657
        9.200000   +7.759205E-05        0.000000        0.063037       -0.025368        0.000000     -790.404190
        9.210000   +6.789484E-05        0.000000        0.059542        0.619317        0.000000     -822.295264
        9.220000   +5.797575E-05        0.000000        0.057236       -0.609012        0.000000     -807.657000
        9.230000   +4.827311E-05        0.000000        0.056079        0.490938        0.000000     -742.117970
        9.240000   +3.897155E-05        0.000000        0.055891       -0.919596        0.000000     -636.815391
        9.250000   +3.041760E-05        0.000000        0.056392        0.136713        0.000000     -504.356690
        9.260000   +2.300670E-05        0.000000        0.057234       -1.223032        0.000000     -355.705955
        9.270000   +1.667421E-05        0.000000        0.058024        0.532364        0.000000     -218.463758
        9.280000   +1.155917E-05        0.000000        0.058402       -1.800911        0.000000     -121.807452
        9.290000   +8.240907E-06        0.000000        0.058116        0.282682        0.000000      -58.883200
        9.300000   +6.682044E-06        0.000000        0.057004       -1.460100        0.000000      -16.579022
        9.310000   +7.086895E-06        0.000000        0.054952       -0.351648        0.000000      -21.782273
        9.320000   +9.454404E-06        0.000000        0.051975       -0.835284        0.000000     -101.245570
        9.330000   +1.314060E-05        0.000000        0.048280       -0.052132        0.000000     -238.115529
        9.340000   +1.830454E-05        0.000000        0.044226       -1.476832        0.000000     -406.536892
        9.350000   +2.475765E-05        0.000000        0.040254        0.798064        0.000000     -591.936481
        9.360000   +3.197569E-05        0.000000        0.036851       -1.464826        0.000000     -765.885225
        9.370000   +3.980532E-05        0.000000        0.034479        1.231216        0.000000     -894.194493
        9.380000   +4.776601E-05        0.000000        0.033480       -0.992333        0.000000     -960.572253
        9.390000   +5.578734E-05        0.000000        0.034032        0.946401        0.000000     -960.682834
        9.400000   +6.410532E-05        0.000000        0.036139       -1.078420        0.000000     -907.908886
        9.410000   +7.259632E-05        0.000000        0.039657        1.087146        0.000000     -839.622586
        9.420000   +8.131653E-05        0.000000        0.044401       -1.463592        0.000000     -783.530040
        9.430000   +9.066926E-05        0.000000        0.050226        0.793508        0.000000     -734.320237
        9.440000        0.000100        0.000000        0.057000       -0.812265        0.000000     -691.240101
        9.450000        0.000110        0.000000        0.064601        0.248696        0.000000     -677.942760
        9.460000        0.000121        0.000000        0.072988       -0.443481        0.000000     -698.265696
        9.470000        0.000131        0.000000        0.082224        0.560902        0.000000     -717.979138
        9.480000        0.000142        0.000000        0.092378       -0.999289        0.000000     -708.226569
        9.490000        0.000152        0.000000        0.103423        1.634896        0.000000     -676.090150
        9.500000        0.000162        0.000000        0.115273       -1.068317        0.000000     -635.556997
        9.510000        0.000172        0.000000        0.127827        1.483489        0.000000     -580.728554
        9.520000        0.000180        0.000000        0.140958       -0.681316        0.000000     -502.693925
        9.530000        0.000189        0.000000        0.154457        1.045822        0.000000     -410.864228
        9.540000        0.000196        0.000000        0.168066       -0.714322        0.000000     -327.132085
        9.550000        0.000203        0.000000        0.181548        1.094177        0.000000     -263.362947
        9.560000        0.000210        0.000000        0.194731       -0.846525        0.000000     -216.660496
        9.570000        0.000216        0.000000        0.207500        0.809642        0.000000     -179.909458
        9.580000        0.000222        0.000000        0.219758       -0.144237        0.000000     -150.981070
        9.590000        0.000228        0.000000        0.231422        0.230597        0.000000     -131.795211
        9.600000        0.000233        0.000000        0.242438        0.221719        0.000000     -121.989531
        9.610000        0.000237        0.000000        0.252787        0.639955        0.000000     -117.600680
        9.620000        0.000240        0.000000        0.262467       -0.315105        0.000000     -113.525005
        9.630000        0.000243        0.000000        0.271475        1.293570        0.000000     -107.194587
        9.640000        0.000244        0.000000        0.279794       -0.326349        0.000000      -99.330000
        9.650000        0.000244        0.000000        0.287399        0.885614        0.000000      -92.044826
        9.660000        0.000243        0.000000        0.294264        0.346559        0.000000      -86.847096
        9.670000        0.000241        0.000000        0.300379        0.357090        0.000000      -82.742194
        9.680000        0.000238        0.000000        0.305738        0.468770        0.000000      -76.719301
        9.690000        0.000233        0.000000        0.310330        0.490961        0.000000      -65.250639
        9.700000        0.000228        0.000000        0.314124        0.375722        0.000000      -46.944105
        9.710000        0.000221        0.000000        0.317060        0.260846        0.000000      -24.260685
        9.720000        0.000213        0.000000        0.319071        0.767333        0.000000       -1.844981
        9.730000        0.000205        0.000000        0.320093       -0.203140        0.000000       17.696667
        9.740000        0.000195        0.000000        0.320081        0.511482        0.000000       36.524178
        9.750000        0.000185        0.000000        0.318988        0.307519        0.000000       56.915873
        9.760000        0.000175        0.000000        0.316756       -0.679701        0.000000       72.143508
        9.770000        0.000165        0.000000        0.313334        0.767104        0.000000       66.481356
        9.780000        0.000155        0.000000        0.308739       -1.262417        0.000000       30.618264
        9.790000        0.000146        0.000000        0.303075        0.223462        0.000000      -26.726820
        9.800000        0.000138        0.000000        0.296505       -0.918667        0.000000      -91.268571
        9.810000        0.000131        0.000000        0.289197       -0.118912        0.000000     -161.622998
        9.820000        0.000126        0.000000        0.281333       -1.063865        0.000000     -240.181031
        9.830000        0.000122        0.000000        0.273126        0.094032        0.000000     -310.952585
        9.840000        0.000120        0.000000        0.264771       -1.204699        0.000000     -347.567823
        9.850000        0.000119        0.000000        0.256367        0.196303        0.000000     -341.862958
        9.860000        0.000118        0.000000        0.247892       -0.393426        0.000000     -304.502101
        9.870000        0.000119        0.000000        0.239247       -0.008669        0.000000     -242.886862
        9.880000        0.000120        0.000000        0.230272       -0.356131        0.000000     -157.097278
        9.890000        0.000120        0.000000        0.220736        0.657424        0.000000      -55.893047
        9.900000        0.000121        0.000000        0.210366       -0.684710        0.000000       39.706033
        9.910000        0.000121        0.000000        0.198898        1.198850        0.000000      106.947496
        9.920000        0.000121        0.000000        0.186147       -0.290065        0.000000      129.199085
        9.930000        0.000119        0.000000        0.172053        0.498160        0.000000      101.359315
        9.940000        0.000117        0.000000        0.156696        0.504806        0.000000       34.086244
        9.950000        0.000114        0.000000        0.140261       -0.241793        0.000000      -56.643802
        9.960000        0.000110        0.000000        0.122990        0.408786        0.000000     -166.021126
        9.970000        0.000107        0.000000        0.105174        0.010198        0.000000     -292.925041
        9.980000        0.000102        0.000000        0.087154        0.311894        0.000000     -417.175193
        9.990000   +9.724901E-05        0.000000        0.069268       -0.106225        0.000000     -511.458909
       10.000000   +9.203080E-05        0.000000        0.051758        0.642076        0.000000     -579.818980
