            TIME           N2-U1           N2-R1
------------------------------------------------
      0.00100000      0.00500000     99.99925001
      0.00200000      0.01000000    199.99700004
      0.00300000      0.01500000    299.99325012
      0.00400000      0.02000000    399.98800029
      0.00500000      0.02500000    499.98125057
      0.00600000      0.03000000    599.97300099
      0.00700000      0.03500000    699.96325157
      0.00800000      0.04000000    799.95200235
      0.00900000      0.04500000    899.93925334
      0.01000000      0.05000000    999.92500458
      0.01100000      0.05500000   1099.90925610
      0.01200000      0.06000000   1199.89200792
      0.01300000      0.06500000   1299.87326007
      0.01400000      0.07000000   1399.85301258
      0.01500000      0.07500000   1499.83126547
      0.01600000      0.08000000   1599.80801877
      0.01700000      0.08500000   1699.78327252
      0.01800000      0.09000000   1799.75702673
      0.01900000      0.09500000   1899.72928143
      0.02000000      0.10000000   1999.70003666
      0.02100000      0.10500000   2099.66929244
      0.02200000      0.11000000   2199.63704880
      0.02300000      0.11500000   2299.60330576
      0.02400000      0.12000000   2399.56806335
      0.02500000      0.12500000   2499.53132160
      0.02600000      0.13000000   2599.49308054
      0.02700000      0.13500000   2699.45334020
      0.02800000      0.14000000   2799.41210060
      0.02900000      0.14500000   2899.36936177
      0.03000000      0.15000000   2999.32512373
      0.03100000      0.15500000   3099.27938652
      0.03200000      0.16000000   3199.23215016
      0.03300000      0.16500000   3299.18341468
      0.03400000      0.17000000   3399.13318011
      0.03500000      0.17500000   3499.08144647
      0.03600000      0.18000000   3599.02821379
      0.03700000      0.18500000   3698.97348211
      0.03800000      0.19000000   3798.91725145
      0.03900000      0.19500000   3898.85952182
      0.04000000      0.20000000   3998.80029327
      0.04100000      0.20500000   4098.73956581
      0.04200000      0.21000000   4198.67733949
      0.04300000      0.21500000   4298.61361432
      0.04400000      0.22000000   4398.54839033
      0.04500000      0.22500000   4498.48166755
      0.04600000      0.23000000   4598.41344601
      0.04700000      0.23500000   4698.34372573
      0.04800000      0.24000000   4798.27250674
      0.04900000      0.24500000   4898.19978908
      0.05000000      0.25000000   4998.12557276
      0.05100000      0.25500000   5098.04985781
      0.05200000      0.26000000   5197.97264426
      0.05300000      0.26500000   5297.89393215
      0.05400000      0.27000000   5397.81372149
      0.05500000      0.27500000   5497.73201231
      0.05600000      0.28000000   5597.64880465
      0.05700000      0.28500000   5697.56409852
      0.05800000      0.29000000   5797.47789397
      0.05900000      0.29500000   5897.39019100
      0.06000000      0.30000000   5997.30098966
      0.06100000      0.30500000   6097.21028997
      0.06200000      0.31000000   6197.11809195
      0.06300000      0.31500000   6297.02439564
      0.06400000      0.32000000   6396.92920106
      0.06500000      0.32500000   6496.83250824
      0.06600000      0.33000000   6596.73431719
      0.06700000      0.33500000   6696.63462797
      0.06800000      0.34000000   6796.53344059
      0.06900000      0.34500000   6896.43075508
      0.07000000      0.35000000   6996.32657146
      0.07100000      0.35500000   7096.22088977
      0.07200000      0.36000000   7196.11371002
      0.07300000      0.36500000   7296.00503225
      0.07400000      0.37000000   7395.89485650
      0.07500000      0.37500000   7495.78318277
      0.07600000      0.38000000   7595.67001111
      0.07700000      0.38500000   7695.55534153
      0.07800000      0.39000000   7795.43917406
      0.07900000      0.39500000   7895.32150875
      0.08000000      0.40000000   7995.20234560
      0.08100000      0.40500000   8095.08168465
      0.08200000      0.41000000   8194.95952593
      0.08300000      0.41500000   8294.83586946
      0.08400000      0.42000000   8394.71071526
      0.08500000      0.42500000   8494.58406338
      0.08600000      0.43000000   8594.45591383
      0.08700000      0.43500000   8694.32626665
      0.08800000      0.44000000   8794.19512185
      0.08900000      0.44500000   8894.06247948
      0.09000000      0.45000000   8993.92833954
      0.09100000      0.45500000   9093.79270208
      0.09200000      0.46000000   9193.65556712
      0.09300000      0.46500000   9293.51693469
      0.09400000      0.47000000   9393.37680481
      0.09500000      0.47500000   9493.23517752
      0.09600000      0.48000000   9593.09205283
      0.09700000      0.48500000   9692.94743078
      0.09800000      0.49000000   9792.80131140
      0.09900000      0.49500000   9892.65369470
      0.10000000      0.50000000   9992.50458073
      0.10100000      0.50500000  10092.35396950
      0.10200000      0.51000000  10192.20186105
      0.10300000      0.51500000  10292.04825540
      0.10400000      0.52000000  10391.89315258
      0.10500000      0.52500000  10491.73655262
      0.10600000      0.53000000  10591.57845554
      0.10700000      0.53500000  10691.41886137
      0.10800000      0.54000000  10791.25777014
      0.10900000      0.54500000  10891.09518188
      0.11000000      0.55000000  10990.93109661
      0.11100000      0.55500000  11090.76551436
      0.11200000      0.56000000  11190.59843516
      0.11300000      0.56500000  11290.42985904
      0.11400000      0.57000000  11390.25978601
      0.11500000      0.57500000  11490.08821613
      0.11600000      0.58000000  11589.91514939
      0.11700000      0.58500000  11689.74058585
      0.11800000      0.59000000  11789.56452552
      0.11900000      0.59500000  11889.38696843
      0.12000000      0.60000000  11989.20791460
      0.12100000      0.60500000  12089.02736408
      0.12200000      0.61000000  12188.84531687
      0.12300000      0.61500000  12288.66177302
      0.12400000      0.62000000  12388.47673254
      0.12500000      0.62500000  12488.29019547
      0.12600000      0.63000000  12588.10216183
      0.12700000      0.63500000  12687.91263165
      0.12800000      0.64000000  12787.72160496
      0.12900000      0.64500000  12887.52908178
      0.13000000      0.65000000  12987.33506215
      0.13100000      0.65500000  13087.13954609
      0.13200000      0.66000000  13186.94253362
      0.13300000      0.66500000  13286.74402478
      0.13400000      0.67000000  13386.54401959
      0.13500000      0.67500000  13486.34251808
      0.13600000      0.68000000  13586.13952027
      0.13700000      0.68500000  13685.93502620
      0.13800000      0.69000000  13785.72903589
      0.13900000      0.69500000  13885.52154938
      0.14000000      0.70000000  13985.31256667
      0.14100000      0.70500000  14085.10208781
      0.14200000      0.71000000  14184.89011282
      0.14300000      0.71500000  14284.67664173
      0.14400000      0.72000000  14384.46167457
      0.14500000      0.72500000  14484.24521136
      0.14600000      0.73000000  14584.02725214
      0.14700000      0.73500000  14683.80779691
      0.14800000      0.74000000  14783.58684573
      0.14900000      0.74500000  14883.36439861
      0.15000000      0.75000000  14983.14045558
      0.15100000      0.75500000  15082.91501667
      0.15200000      0.76000000  15182.68808190
      0.15300000      0.76500000  15282.45965130
      0.15400000      0.77000000  15382.22972491
      0.15500000      0.77500000  15481.99830274
      0.15600000      0.78000000  15581.76538483
      0.15700000      0.78500000  15681.53097120
      0.15800000      0.79000000  15781.29506188
      0.15900000      0.79500000  15881.05765690
      0.16000000      0.80000000  15980.81875628
      0.16100000      0.80500000  16080.57836005
      0.16200000      0.81000000  16180.33646825
      0.16300000      0.81500000  16280.09308089
      0.16400000      0.82000000  16379.84819801
      0.16500000      0.82500000  16479.60181962
      0.16600000      0.83000000  16579.35394577
      0.16700000      0.83500000  16679.10457647
      0.16800000      0.84000000  16778.85371175
      0.16900000      0.84500000  16878.60135165
      0.17000000      0.85000000  16978.34749619
      0.17100000      0.85500000  17078.09214539
      0.17200000      0.86000000  17177.83529928
      0.17300000      0.86500000  17277.57695790
      0.17400000      0.87000000  17377.31712126
      0.17500000      0.87500000  17477.05578940
      0.17600000      0.88000000  17576.79296234
      0.17700000      0.88500000  17676.52864012
      0.17800000      0.89000000  17776.26282275
      0.17900000      0.89500000  17875.99551026
      0.18000000      0.90000000  17975.72670269
      0.18100000      0.90500000  18075.45640006
      0.18200000      0.91000000  18175.18460239
      0.18300000      0.91500000  18274.91130972
      0.18400000      0.92000000  18374.63652207
      0.18500000      0.92500000  18474.36023948
      0.18600000      0.93000000  18574.08246195
      0.18700000      0.93500000  18673.80318953
      0.18800000      0.94000000  18773.52242225
      0.18900000      0.94500000  18873.24016012
      0.19000000      0.95000000  18972.95640318
      0.19100000      0.95500000  19072.67115145
      0.19200000      0.96000000  19172.38440497
      0.19300000      0.96500000  19272.09616375
      0.19400000      0.97000000  19371.80642783
      0.19500000      0.97500000  19471.51519723
      0.19600000      0.98000000  19571.22247198
      0.19700000      0.98500000  19670.92825211
      0.19800000      0.99000000  19770.63253765
      0.19900000      0.99500000  19870.33532862
      0.20000000      1.00000000  19970.03662504
      0.20100000      1.00500000  20069.73642696
      0.20200000      1.01000000  20169.43473439
      0.20300000      1.01500000  20269.13154737
      0.20400000      1.02000000  20368.82686591
      0.20500000      1.02500000  20468.52069005
      0.20600000      1.03000000  20568.21301981
      0.20700000      1.03500000  20667.90385523
      0.20800000      1.04000000  20767.59319632
      0.20900000      1.04500000  20867.28104313
      0.21000000      1.05000000  20966.96739566
      0.21100000      1.05500000  21066.65225396
      0.21200000      1.06000000  21166.33561804
      0.21300000      1.06500000  21266.01748795
      0.21400000      1.07000000  21365.69786369
      0.21500000      1.07500000  21465.37674531
      0.21600000      1.08000000  21565.05413282
      0.21700000      1.08500000  21664.73002626
      0.21800000      1.09000000  21764.40442565
      0.21900000      1.09500000  21864.07733102
      0.22000000      1.10000000  21963.74874240
      0.22100000      1.10500000  22063.41865982
      0.22200000      1.11000000  22163.08708329
      0.22300000      1.11500000  22262.75401286
      0.22400000      1.12000000  22362.41944854
      0.22500000      1.12500000  22462.08339037
      0.22600000      1.13000000  22561.74583837
      0.22700000      1.13500000  22661.40679257
      0.22800000      1.14000000  22761.06625299
      0.22900000      1.14500000  22860.72421967
      0.23000000      1.15000000  22960.38069263
      0.23100000      1.15500000  23060.03567190
      0.23200000      1.16000000  23159.68915751
      0.23300000      1.16500000  23259.34114947
      0.23400000      1.17000000  23358.99164783
      0.23500000      1.17500000  23458.64065261
      0.23600000      1.18000000  23558.28816383
      0.23700000      1.18500000  23657.93418152
      0.23800000      1.19000000  23757.57870572
      0.23900000      1.19500000  23857.22173644
      0.24000000      1.20000000  23956.86327372
      0.24100000      1.20500000  24056.50331757
      0.24200000      1.21000000  24156.14186804
      0.24300000      1.21500000  24255.77892514
      0.24400000      1.22000000  24355.41448891
      0.24500000      1.22500000  24455.04855937
      0.24600000      1.23000000  24554.68113655
      0.24700000      1.23500000  24654.31222048
      0.24800000      1.24000000  24753.94181117
      0.24900000      1.24500000  24853.56990867
      0.25000000      1.25000000  24953.19651300
      0.25100000      1.25500000  24972.67181665
      0.25200000      1.26000000  24977.29704968
      0.25300000      1.26500000  24981.92221280
      0.25400000      1.27000000  24986.54730601
      0.25500000      1.27500000  24991.17232931
      0.25600000      1.28000000  24995.79728270
      0.25700000      1.28500000  25000.42216618
      0.25800000      1.29000000  25005.04697975
      0.25900000      1.29500000  25009.67172342
      0.26000000      1.30000000  25014.29639718
      0.26100000      1.30500000  25018.92100104
      0.26200000      1.31000000  25023.54553499
      0.26300000      1.31500000  25028.16999905
      0.26400000      1.32000000  25032.79439321
      0.26500000      1.32500000  25037.41871747
      0.26600000      1.33000000  25042.04297183
      0.26700000      1.33500000  25046.66715630
      0.26800000      1.34000000  25051.29127087
      0.26900000      1.34500000  25055.91531555
      0.27000000      1.35000000  25060.53929033
      0.27100000      1.35500000  25065.16319523
      0.27200000      1.36000000  25069.78703024
      0.27300000      1.36500000  25074.41079536
      0.27400000      1.37000000  25079.03449059
      0.27500000      1.37500000  25083.65811594
      0.27600000      1.38000000  25088.28167141
      0.27700000      1.38500000  25092.90515699
      0.27800000      1.39000000  25097.52857269
      0.27900000      1.39500000  25102.15191851
      0.28000000      1.40000000  25106.77519445
      0.28100000      1.40500000  25111.39840051
      0.28200000      1.41000000  25116.02153670
      0.28300000      1.41500000  25120.64460301
      0.28400000      1.42000000  25125.26759945
      0.28500000      1.42500000  25129.89052602
      0.28600000      1.43000000  25134.51338271
      0.28700000      1.43500000  25139.13616954
      0.28800000      1.44000000  25143.75888649
      0.28900000      1.44500000  25148.38153358
      0.29000000      1.45000000  25153.00411081
      0.29100000      1.45500000  25157.62661816
      0.29200000      1.46000000  25162.24905566
      0.29300000      1.46500000  25166.87142329
      0.29400000      1.47000000  25171.49372106
      0.29500000      1.47500000  25176.11594898
      0.29600000      1.48000000  25180.73810703
      0.29700000      1.48500000  25185.36019523
      0.29800000      1.49000000  25189.98221357
      0.29900000      1.49500000  25194.60416205
      0.30000000      1.50000000  25199.22604069
      0.30100000      1.50500000  25203.84784947
      0.30200000      1.51000000  25208.46958840
      0.30300000      1.51500000  25213.09125748
      0.30400000      1.52000000  25217.71285671
      0.30500000      1.52500000  25222.33438610
      0.30600000      1.53000000  25226.95584564
      0.30700000      1.53500000  25231.57723534
      0.30800000      1.54000000  25236.19855519
      0.30900000      1.54500000  25240.81980521
      0.31000000      1.55000000  25245.44098538
      0.31100000      1.55500000  25250.06209571
      0.31200000      1.56000000  25254.68313621
      0.31300000      1.56500000  25259.30410686
      0.31400000      1.57000000  25263.92500769
      0.31500000      1.57500000  25268.54583868
      0.31600000      1.58000000  25273.16659983
      0.31700000      1.58500000  25277.78729116
      0.31800000      1.59000000  25282.40791265
      0.31900000      1.59500000  25287.02846432
      0.32000000      1.60000000  25291.64894616
      0.32100000      1.60500000  25296.26935817
      0.32200000      1.61000000  25300.88970036
      0.32300000      1.61500000  25305.50997272
      0.32400000      1.62000000  25310.13017526
      0.32500000      1.62500000  25314.75030799
      0.32600000      1.63000000  25319.37037089
      0.32700000      1.63500000  25323.99036397
      0.32800000      1.64000000  25328.61028723
      0.32900000      1.64500000  25333.23014068
      0.33000000      1.65000000  25337.84992431
      0.33100000      1.65500000  25342.46963814
      0.33200000      1.66000000  25347.08928214
      0.33300000      1.66500000  25351.70885634
      0.33400000      1.67000000  25356.32836073
      0.33500000      1.67500000  25360.94779531
      0.33600000      1.68000000  25365.56716008
      0.33700000      1.68500000  25370.18645505
      0.33800000      1.69000000  25374.80568021
      0.33900000      1.69500000  25379.42483557
      0.34000000      1.70000000  25384.04392113
      0.34100000      1.70500000  25388.66293688
      0.34200000      1.71000000  25393.28188284
      0.34300000      1.71500000  25397.90075900
      0.34400000      1.72000000  25402.51956536
      0.34500000      1.72500000  25407.13830193
      0.34600000      1.73000000  25411.75696870
      0.34700000      1.73500000  25416.37556568
      0.34800000      1.74000000  25420.99409287
      0.34900000      1.74500000  25425.61255027
      0.35000000      1.75000000  25430.23093787
      0.35100000      1.75500000  25434.84925570
      0.35200000      1.76000000  25439.46750373
      0.35300000      1.76500000  25444.08568198
      0.35400000      1.77000000  25448.70379044
      0.35500000      1.77500000  25453.32182913
      0.35600000      1.78000000  25457.93979803
      0.35700000      1.78500000  25462.55769715
      0.35800000      1.79000000  25467.17552649
      0.35900000      1.79500000  25471.79328605
      0.36000000      1.80000000  25476.41097584
      0.36100000      1.80500000  25481.02859586
      0.36200000      1.81000000  25485.64614610
      0.36300000      1.81500000  25490.26362656
      0.36400000      1.82000000  25494.88103726
      0.36500000      1.82500000  25499.49837818
      0.36600000      1.83000000  25504.11564934
      0.36700000      1.83500000  25508.73285073
      0.36800000      1.84000000  25513.34998236
      0.36900000      1.84500000  25517.96704422
      0.37000000      1.85000000  25522.58403631
      0.37100000      1.85500000  25527.20095865
      0.37200000      1.86000000  25531.81781122
      0.37300000      1.86500000  25536.43459403
      0.37400000      1.87000000  25541.05130709
      0.37500000      1.87500000  25545.66795038
      0.37600000      1.88000000  25550.28452393
      0.37700000      1.88500000  25554.90102771
      0.37800000      1.89000000  25559.51746175
      0.37900000      1.89500000  25564.13382603
      0.38000000      1.90000000  25568.75012056
      0.38100000      1.90500000  25573.36634534
      0.38200000      1.91000000  25577.98250038
      0.38300000      1.91500000  25582.59858567
      0.38400000      1.92000000  25587.21460121
      0.38500000      1.92500000  25591.83054700
      0.38600000      1.93000000  25596.44642306
      0.38700000      1.93500000  25601.06222937
      0.38800000      1.94000000  25605.67796595
      0.38900000      1.94500000  25610.29363278
      0.39000000      1.95000000  25614.90922987
      0.39100000      1.95500000  25619.52475723
      0.39200000      1.96000000  25624.14021486
      0.39300000      1.96500000  25628.75560275
      0.39400000      1.97000000  25633.37092090
      0.39500000      1.97500000  25637.98616933
      0.39600000      1.98000000  25642.60134802
      0.39700000      1.98500000  25647.21645699
      0.39800000      1.99000000  25651.83149623
      0.39900000      1.99500000  25656.44646574
      0.40000000      2.00000000  25661.06136553
      0.40100000      2.00500000  25665.67619559
      0.40200000      2.01000000  25670.29095593
      0.40300000      2.01500000  25674.90564655
      0.40400000      2.02000000  25679.52026745
      0.40500000      2.02500000  25684.13481863
      0.40600000      2.03000000  25688.74930010
      0.40700000      2.03500000  25693.36371185
      0.40800000      2.04000000  25697.97805388
      0.40900000      2.04500000  25702.59232620
      0.41000000      2.05000000  25707.20652881
      0.41100000      2.05500000  25711.82066170
      0.41200000      2.06000000  25716.43472489
      0.41300000      2.06500000  25721.04871837
      0.41400000      2.07000000  25725.66264214
      0.41500000      2.07500000  25730.27649620
      0.41600000      2.08000000  25734.89028056
      0.41700000      2.08500000  25739.50399522
      0.41800000      2.09000000  25744.11764018
      0.41900000      2.09500000  25748.73121543
      0.42000000      2.10000000  25753.34472099
      0.42100000      2.10500000  25757.95815684
      0.42200000      2.11000000  25762.57152300
      0.42300000      2.11500000  25767.18481947
      0.42400000      2.12000000  25771.79804624
      0.42500000      2.12500000  25776.41120332
      0.42600000      2.13000000  25781.02429070
      0.42700000      2.13500000  25785.63730840
      0.42800000      2.14000000  25790.25025640
      0.42900000      2.14500000  25794.86313472
      0.43000000      2.15000000  25799.47594335
      0.43100000      2.15500000  25804.08868229
      0.43200000      2.16000000  25808.70135156
      0.43300000      2.16500000  25813.31395113
      0.43400000      2.17000000  25817.92648103
      0.43500000      2.17500000  25822.53894125
      0.43600000      2.18000000  25827.15133179
      0.43700000      2.18500000  25831.76365265
      0.43800000      2.19000000  25836.37590383
      0.43900000      2.19500000  25840.98808534
      0.44000000      2.20000000  25845.60019717
      0.44100000      2.20500000  25850.21223934
      0.44200000      2.21000000  25854.82421183
      0.44300000      2.21500000  25859.43611465
      0.44400000      2.22000000  25864.04794780
      0.44500000      2.22500000  25868.65971128
      0.44600000      2.23000000  25873.27140510
      0.44700000      2.23500000  25877.88302925
      0.44800000      2.24000000  25882.49458374
      0.44900000      2.24500000  25887.10606857
      0.45000000      2.25000000  25891.71748374
      0.45100000      2.25500000  25896.32882924
      0.45200000      2.26000000  25900.94010509
      0.45300000      2.26500000  25905.55131128
      0.45400000      2.27000000  25910.16244782
      0.45500000      2.27500000  25914.77351470
      0.45600000      2.28000000  25919.38451192
      0.45700000      2.28500000  25923.99543950
      0.45800000      2.29000000  25928.60629742
      0.45900000      2.29500000  25933.21708569
      0.46000000      2.30000000  25937.82780432
      0.46100000      2.30500000  25942.43845330
      0.46200000      2.31000000  25947.04903263
      0.46300000      2.31500000  25951.65954232
      0.46400000      2.32000000  25956.26998237
      0.46500000      2.32500000  25960.88035277
      0.46600000      2.33000000  25965.49065353
      0.46700000      2.33500000  25970.10088465
      0.46800000      2.34000000  25974.71104614
      0.46900000      2.34500000  25979.32113799
      0.47000000      2.35000000  25983.93116020
      0.47100000      2.35500000  25988.54111278
      0.47200000      2.36000000  25993.15099572
      0.47300000      2.36500000  25997.76080904
      0.47400000      2.37000000  26002.37055272
      0.47500000      2.37500000  26006.98022678
      0.47600000      2.38000000  26011.58983120
      0.47700000      2.38500000  26016.19936600
      0.47800000      2.39000000  26020.80883118
      0.47900000      2.39500000  26025.41822673
      0.48000000      2.40000000  26030.02755266
      0.48100000      2.40500000  26034.63680896
      0.48200000      2.41000000  26039.24599565
      0.48300000      2.41500000  26043.85511272
      0.48400000      2.42000000  26048.46416017
      0.48500000      2.42500000  26053.07313800
      0.48600000      2.43000000  26057.68204622
      0.48700000      2.43500000  26062.29088482
      0.48800000      2.44000000  26066.89965381
      0.48900000      2.44500000  26071.50835319
      0.49000000      2.45000000  26076.11698296
      0.49100000      2.45500000  26080.72554313
      0.49200000      2.46000000  26085.33403368
      0.49300000      2.46500000  26089.94245463
      0.49400000      2.47000000  26094.55080597
      0.49500000      2.47500000  26099.15908771
      0.49600000      2.48000000  26103.76729985
      0.49700000      2.48500000  26108.37544239
      0.49800000      2.49000000  26112.98351532
      0.49900000      2.49500000  26117.59151866
      0.50000000      2.50000000  26122.19945240
      0.50100000      2.50500000  26126.80731655
      0.50200000      2.51000000  26131.41511110
      0.50300000      2.51500000  26136.02283606
      0.50400000      2.52000000  26140.63049142
      0.50500000      2.52500000  26145.23807720
      0.50600000      2.53000000  26149.84559338
      0.50700000      2.53500000  26154.45303998
      0.50800000      2.54000000  26159.06041699
      0.50900000      2.54500000  26163.66772441
      0.51000000      2.55000000  26168.27496225
      0.51100000      2.55500000  26172.88213051
      0.51200000      2.56000000  26177.48922918
      0.51300000      2.56500000  26182.09625828
      0.51400000      2.57000000  26186.70321779
      0.51500000      2.57500000  26191.31010773
      0.51600000      2.58000000  26195.91692809
      0.51700000      2.58500000  26200.52367887
      0.51800000      2.59000000  26205.13036008
      0.51900000      2.59500000  26209.73697172
      0.52000000      2.60000000  26214.34351378
      0.52100000      2.60500000  26218.94998628
      0.52200000      2.61000000  26223.55638921
      0.52300000      2.61500000  26228.16272256
      0.52400000      2.62000000  26232.76898635
      0.52500000      2.62500000  26237.37518058
      0.52600000      2.63000000  26241.98130524
      0.52700000      2.63500000  26246.58736034
      0.52800000      2.64000000  26251.19334588
      0.52900000      2.64500000  26255.79926186
      0.53000000      2.65000000  26260.40510828
      0.53100000      2.65500000  26265.01088514
      0.53200000      2.66000000  26269.61659244
      0.53300000      2.66500000  26274.22223019
      0.53400000      2.67000000  26278.82779839
      0.53500000      2.67500000  26283.43329703
      0.53600000      2.68000000  26288.03872613
      0.53700000      2.68500000  26292.64408567
      0.53800000      2.69000000  26297.24937566
      0.53900000      2.69500000  26301.85459611
      0.54000000      2.70000000  26306.45974701
      0.54100000      2.70500000  26311.06482836
      0.54200000      2.71000000  26315.66984018
      0.54300000      2.71500000  26320.27478245
      0.54400000      2.72000000  26324.87965517
      0.54500000      2.72500000  26329.48445836
      0.54600000      2.73000000  26334.08919201
      0.54700000      2.73500000  26338.69385613
      0.54800000      2.74000000  26343.29845070
      0.54900000      2.74500000  26347.90297575
      0.55000000      2.75000000  26352.50743125
      0.55100000      2.75500000  26357.11181723
      0.55200000      2.76000000  26361.71613368
      0.55300000      2.76500000  26366.32038059
      0.55400000      2.77000000  26370.92455798
      0.55500000      2.77500000  26375.52866584
      0.55600000      2.78000000  26380.13270418
      0.55700000      2.78500000  26384.73667299
      0.55800000      2.79000000  26389.34057228
      0.55900000      2.79500000  26393.94440204
      0.56000000      2.80000000  26398.54816229
      0.56100000      2.80500000  26403.15185302
      0.56200000      2.81000000  26407.75547422
      0.56300000      2.81500000  26412.35902591
      0.56400000      2.82000000  26416.96250809
      0.56500000      2.82500000  26421.56592075
      0.56600000      2.83000000  26426.16926390
      0.56700000      2.83500000  26430.77253754
      0.56800000      2.84000000  26435.37574166
      0.56900000      2.84500000  26439.97887628
      0.57000000      2.85000000  26444.58194139
      0.57100000      2.85500000  26449.18493699
      0.57200000      2.86000000  26453.78786309
      0.57300000      2.86500000  26458.39071968
      0.57400000      2.87000000  26462.99350677
      0.57500000      2.87500000  26467.59622436
      0.57600000      2.88000000  26472.19887245
      0.57700000      2.88500000  26476.80145104
      0.57800000      2.89000000  26481.40396013
      0.57900000      2.89500000  26486.00639973
      0.58000000      2.90000000  26490.60876983
      0.58100000      2.90500000  26495.21107044
      0.58200000      2.91000000  26499.81330155
      0.58300000      2.91500000  26504.41546317
      0.58400000      2.92000000  26509.01755531
      0.58500000      2.92500000  26513.61957795
      0.58600000      2.93000000  26518.22153111
      0.58700000      2.93500000  26522.82341478
      0.58800000      2.94000000  26527.42522896
      0.58900000      2.94500000  26532.02697367
      0.59000000      2.95000000  26536.62864889
      0.59100000      2.95500000  26541.23025462
      0.59200000      2.96000000  26545.83179088
      0.59300000      2.96500000  26550.43325766
      0.59400000      2.97000000  26555.03465497
      0.59500000      2.97500000  26559.63598279
      0.59600000      2.98000000  26564.23724114
      0.59700000      2.98500000  26568.83843002
      0.59800000      2.99000000  26573.43954943
      0.59900000      2.99500000  26578.04059936
      0.60000000      3.00000000  26582.64157983
      0.60100000      3.00500000  26587.24249083
      0.60200000      3.01000000  26591.84333236
      0.60300000      3.01500000  26596.44410442
      0.60400000      3.02000000  26601.04480702
      0.60500000      3.02500000  26605.64544016
      0.60600000      3.03000000  26610.24600383
      0.60700000      3.03500000  26614.84649805
      0.60800000      3.04000000  26619.44692280
      0.60900000      3.04500000  26624.04727810
      0.61000000      3.05000000  26628.64756394
      0.61100000      3.05500000  26633.24778032
      0.61200000      3.06000000  26637.84792725
      0.61300000      3.06500000  26642.44800473
      0.61400000      3.07000000  26647.04801275
      0.61500000      3.07500000  26651.64795133
      0.61600000      3.08000000  26656.24782045
      0.61700000      3.08500000  26660.84762013
      0.61800000      3.09000000  26665.44735036
      0.61900000      3.09500000  26670.04701115
      0.62000000      3.10000000  26674.64660249
      0.62100000      3.10500000  26679.24612438
      0.62200000      3.11000000  26683.84557684
      0.62300000      3.11500000  26688.44495986
      0.62400000      3.12000000  26693.04427343
      0.62500000      3.12500000  26697.64351757
      0.62600000      3.13000000  26702.24269228
      0.62700000      3.13500000  26706.84179754
      0.62800000      3.14000000  26711.44083338
      0.62900000      3.14500000  26716.03979978
      0.63000000      3.15000000  26720.63869675
      0.63100000      3.15500000  26725.23752429
      0.63200000      3.16000000  26729.83628240
      0.63300000      3.16500000  26734.43497108
      0.63400000      3.17000000  26739.03359033
      0.63500000      3.17500000  26743.63214017
      0.63600000      3.18000000  26748.23062057
      0.63700000      3.18500000  26752.82903156
      0.63800000      3.19000000  26757.42737312
      0.63900000      3.19500000  26762.02564527
      0.64000000      3.20000000  26766.62384799
      0.64100000      3.20500000  26771.22198130
      0.64200000      3.21000000  26775.82004519
      0.64300000      3.21500000  26780.41803967
      0.64400000      3.22000000  26785.01596473
      0.64500000      3.22500000  26789.61382038
      0.64600000      3.23000000  26794.21160662
      0.64700000      3.23500000  26798.80932345
      0.64800000      3.24000000  26803.40697087
      0.64900000      3.24500000  26808.00454888
      0.65000000      3.25000000  26812.60205749
      0.65100000      3.25500000  26817.19949670
      0.65200000      3.26000000  26821.79686650
      0.65300000      3.26500000  26826.39416689
      0.65400000      3.27000000  26830.99139789
      0.65500000      3.27500000  26835.58855949
      0.65600000      3.28000000  26840.18565169
      0.65700000      3.28500000  26844.78267449
      0.65800000      3.29000000  26849.37962790
      0.65900000      3.29500000  26853.97651191
      0.66000000      3.30000000  26858.57332653
      0.66100000      3.30500000  26863.17007175
      0.66200000      3.31000000  26867.76674759
      0.66300000      3.31500000  26872.36335404
      0.66400000      3.32000000  26876.95989109
      0.66500000      3.32500000  26881.55635877
      0.66600000      3.33000000  26886.15275705
      0.66700000      3.33500000  26890.74908595
      0.66800000      3.34000000  26895.34534547
      0.66900000      3.34500000  26899.94153561
      0.67000000      3.35000000  26904.53765637
      0.67100000      3.35500000  26909.13370774
      0.67200000      3.36000000  26913.72968974
      0.67300000      3.36500000  26918.32560236
      0.67400000      3.37000000  26922.92144561
      0.67500000      3.37500000  26927.51721948
      0.67600000      3.38000000  26932.11292398
      0.67700000      3.38500000  26936.70855911
      0.67800000      3.39000000  26941.30412487
      0.67900000      3.39500000  26945.89962126
      0.68000000      3.40000000  26950.49504828
      0.68100000      3.40500000  26955.09040593
      0.68200000      3.41000000  26959.68569422
      0.68300000      3.41500000  26964.28091315
      0.68400000      3.42000000  26968.87606271
      0.68500000      3.42500000  26973.47114291
      0.68600000      3.43000000  26978.06615375
      0.68700000      3.43500000  26982.66109524
      0.68800000      3.44000000  26987.25596736
      0.68900000      3.44500000  26991.85077013
      0.69000000      3.45000000  26996.44550354
      0.69100000      3.45500000  27001.04016760
      0.69200000      3.46000000  27005.63476231
      0.69300000      3.46500000  27010.22928766
      0.69400000      3.47000000  27014.82374367
      0.69500000      3.47500000  27019.41813033
      0.69600000      3.48000000  27024.01244763
      0.69700000      3.48500000  27028.60669560
      0.69800000      3.49000000  27033.20087422
      0.69900000      3.49500000  27037.79498349
      0.70000000      3.50000000  27042.38902342
      0.70100000      3.50500000  27046.98299401
      0.70200000      3.51000000  27051.57689527
      0.70300000      3.51500000  27056.17072718
      0.70400000      3.52000000  27060.76448975
      0.70500000      3.52500000  27065.35818299
      0.70600000      3.53000000  27069.95180690
      0.70700000      3.53500000  27074.54536147
      0.70800000      3.54000000  27079.13884671
      0.70900000      3.54500000  27083.73226262
      0.71000000      3.55000000  27088.32560920
      0.71100000      3.55500000  27092.91888645
      0.71200000      3.56000000  27097.51209437
      0.71300000      3.56500000  27102.10523297
      0.71400000      3.57000000  27106.69830224
      0.71500000      3.57500000  27111.29130219
      0.71600000      3.58000000  27115.88423282
      0.71700000      3.58500000  27120.47709412
      0.71800000      3.59000000  27125.06988611
      0.71900000      3.59500000  27129.66260878
      0.72000000      3.60000000  27134.25526213
      0.72100000      3.60500000  27138.84784617
      0.72200000      3.61000000  27143.44036089
      0.72300000      3.61500000  27148.03280630
      0.72400000      3.62000000  27152.62518240
      0.72500000      3.62500000  27157.21748918
      0.72600000      3.63000000  27161.80972666
      0.72700000      3.63500000  27166.40189483
      0.72800000      3.64000000  27170.99399369
      0.72900000      3.64500000  27175.58602325
      0.73000000      3.65000000  27180.17798350
      0.73100000      3.65500000  27184.76987445
      0.73200000      3.66000000  27189.36169610
      0.73300000      3.66500000  27193.95344845
      0.73400000      3.67000000  27198.54513150
      0.73500000      3.67500000  27203.13674525
      0.73600000      3.68000000  27207.72828970
      0.73700000      3.68500000  27212.31976486
      0.73800000      3.69000000  27216.91117072
      0.73900000      3.69500000  27221.50250729
      0.74000000      3.70000000  27226.09377457
      0.74100000      3.70500000  27230.68497256
      0.74200000      3.71000000  27235.27610127
      0.74300000      3.71500000  27239.86716068
      0.74400000      3.72000000  27244.45815081
      0.74500000      3.72500000  27249.04907165
      0.74600000      3.73000000  27253.63992320
      0.74700000      3.73500000  27258.23070548
      0.74800000      3.74000000  27262.82141847
      0.74900000      3.74500000  27267.41206219
      0.75000000      3.75000000  27272.00263662
      0.75100000      3.75500000  27276.59314178
      0.75200000      3.76000000  27281.18357766
      0.75300000      3.76500000  27285.77394427
      0.75400000      3.77000000  27290.36424160
      0.75500000      3.77500000  27294.95446966
      0.75600000      3.78000000  27299.54462845
      0.75700000      3.78500000  27304.13471796
      0.75800000      3.79000000  27308.72473821
      0.75900000      3.79500000  27313.31468920
      0.76000000      3.80000000  27317.90457091
      0.76100000      3.80500000  27322.49438336
      0.76200000      3.81000000  27327.08412655
      0.76300000      3.81500000  27331.67380048
      0.76400000      3.82000000  27336.26340514
      0.76500000      3.82500000  27340.85294055
      0.76600000      3.83000000  27345.44240669
      0.76700000      3.83500000  27350.03180358
      0.76800000      3.84000000  27354.62113121
      0.76900000      3.84500000  27359.21038959
      0.77000000      3.85000000  27363.79957872
      0.77100000      3.85500000  27368.38869859
      0.77200000      3.86000000  27372.97774921
      0.77300000      3.86500000  27377.56673058
      0.77400000      3.87000000  27382.15564271
      0.77500000      3.87500000  27386.74448558
      0.77600000      3.88000000  27391.33325922
      0.77700000      3.88500000  27395.92196360
      0.77800000      3.89000000  27400.51059874
      0.77900000      3.89500000  27405.09916465
      0.78000000      3.90000000  27409.68766131
      0.78100000      3.90500000  27414.27608873
      0.78200000      3.91000000  27418.86444691
      0.78300000      3.91500000  27423.45273585
      0.78400000      3.92000000  27428.04095556
      0.78500000      3.92500000  27432.62910604
      0.78600000      3.93000000  27437.21718728
      0.78700000      3.93500000  27441.80519929
      0.78800000      3.94000000  27446.39314207
      0.78900000      3.94500000  27450.98101562
      0.79000000      3.95000000  27455.56881995
      0.79100000      3.95500000  27460.15655504
      0.79200000      3.96000000  27464.74422091
      0.79300000      3.96500000  27469.33181756
      0.79400000      3.97000000  27473.91934498
      0.79500000      3.97500000  27478.50680318
      0.79600000      3.98000000  27483.09419216
      0.79700000      3.98500000  27487.68151192
      0.79800000      3.99000000  27492.26876247
      0.79900000      3.99500000  27496.85594380
      0.80000000      4.00000000  27501.44305591
      0.80100000      4.00500000  27506.03009880
      0.80200000      4.01000000  27510.61707249
      0.80300000      4.01500000  27515.20397696
      0.80400000      4.02000000  27519.79081223
      0.80500000      4.02500000  27524.37757828
      0.80600000      4.03000000  27528.96427513
      0.80700000      4.03500000  27533.55090277
      0.80800000      4.04000000  27538.13746120
      0.80900000      4.04500000  27542.72395043
      0.81000000      4.05000000  27547.31037046
      0.81100000      4.05500000  27551.89672128
      0.81200000      4.06000000  27556.48300291
      0.81300000      4.06500000  27561.06921534
      0.81400000      4.07000000  27565.65535857
      0.81500000      4.07500000  27570.24143260
      0.81600000      4.08000000  27574.82743744
      0.81700000      4.08500000  27579.41337308
      0.81800000      4.09000000  27583.99923954
      0.81900000      4.09500000  27588.58503680
      0.82000000      4.10000000  27593.17076487
      0.82100000      4.10500000  27597.75642375
      0.82200000      4.11000000  27602.34201344
      0.82300000      4.11500000  27606.92753395
      0.82400000      4.12000000  27611.51298528
      0.82500000      4.12500000  27616.09836741
      0.82600000      4.13000000  27620.68368037
      0.82700000      4.13500000  27625.26892415
      0.82800000      4.14000000  27629.85409874
      0.82900000      4.14500000  27634.43920416
      0.83000000      4.15000000  27639.02424040
      0.83100000      4.15500000  27643.60920747
      0.83200000      4.16000000  27648.19410536
      0.83300000      4.16500000  27652.77893407
      0.83400000      4.17000000  27657.36369362
      0.83500000      4.17500000  27661.94838399
      0.83600000      4.18000000  27666.53300519
      0.83700000      4.18500000  27671.11755723
      0.83800000      4.19000000  27675.70204009
      0.83900000      4.19500000  27680.28645379
      0.84000000      4.20000000  27684.87079833
      0.84100000      4.20500000  27689.45507370
      0.84200000      4.21000000  27694.03927992
      0.84300000      4.21500000  27698.62341697
      0.84400000      4.22000000  27703.20748486
      0.84500000      4.22500000  27707.79148359
      0.84600000      4.23000000  27712.37541316
      0.84700000      4.23500000  27716.95927358
      0.84800000      4.24000000  27721.54306485
      0.84900000      4.24500000  27726.12678696
      0.85000000      4.25000000  27730.71043992
      0.85100000      4.25500000  27735.29402373
      0.85200000      4.26000000  27739.87753839
      0.85300000      4.26500000  27744.46098390
      0.85400000      4.27000000  27749.04436027
      0.85500000      4.27500000  27753.62766748
      0.85600000      4.28000000  27758.21090556
      0.85700000      4.28500000  27762.79407449
      0.85800000      4.29000000  27767.37717428
      0.85900000      4.29500000  27771.96020493
      0.86000000      4.30000000  27776.54316644
      0.86100000      4.30500000  27781.12605881
      0.86200000      4.31000000  27785.70888204
      0.86300000      4.31500000  27790.29163614
      0.86400000      4.32000000  27794.87432111
      0.86500000      4.32500000  27799.45693694
      0.86600000      4.33000000  27804.03948364
      0.86700000      4.33500000  27808.62196121
      0.86800000      4.34000000  27813.20436965
      0.86900000      4.34500000  27817.78670896
      0.87000000      4.35000000  27822.36897915
      0.87100000      4.35500000  27826.95118021
      0.87200000      4.36000000  27831.53331215
      0.87300000      4.36500000  27836.11537496
      0.87400000      4.37000000  27840.69736865
      0.87500000      4.37500000  27845.27929323
      0.87600000      4.38000000  27849.86114868
      0.87700000      4.38500000  27854.44293501
      0.87800000      4.39000000  27859.02465223
      0.87900000      4.39500000  27863.60630033
      0.88000000      4.40000000  27868.18787932
      0.88100000      4.40500000  27872.76938920
      0.88200000      4.41000000  27877.35082997
      0.88300000      4.41500000  27881.93220162
      0.88400000      4.42000000  27886.51350417
      0.88500000      4.42500000  27891.09473760
      0.88600000      4.43000000  27895.67590194
      0.88700000      4.43500000  27900.25699716
      0.88800000      4.44000000  27904.83802329
      0.88900000      4.44500000  27909.41898031
      0.89000000      4.45000000  27913.99986823
      0.89100000      4.45500000  27918.58068704
      0.89200000      4.46000000  27923.16143676
      0.89300000      4.46500000  27927.74211739
      0.89400000      4.47000000  27932.32272891
      0.89500000      4.47500000  27936.90327134
      0.89600000      4.48000000  27941.48374468
      0.89700000      4.48500000  27946.06414893
      0.89800000      4.49000000  27950.64448408
      0.89900000      4.49500000  27955.22475015
      0.90000000      4.50000000  27959.80494712
      0.90100000      4.50500000  27964.38507501
      0.90200000      4.51000000  27968.96513381
      0.90300000      4.51500000  27973.54512353
      0.90400000      4.52000000  27978.12504416
      0.90500000      4.52500000  27982.70489571
      0.90600000      4.53000000  27987.28467818
      0.90700000      4.53500000  27991.86439157
      0.90800000      4.54000000  27996.44403588
      0.90900000      4.54500000  28001.02361112
      0.91000000      4.55000000  28005.60311728
      0.91100000      4.55500000  28010.18255436
      0.91200000      4.56000000  28014.76192237
      0.91300000      4.56500000  28019.34122131
      0.91400000      4.57000000  28023.92045117
      0.91500000      4.57500000  28028.49961197
      0.91600000      4.58000000  28033.07870370
      0.91700000      4.58500000  28037.65772636
      0.91800000      4.59000000  28042.23667996
      0.91900000      4.59500000  28046.81556449
      0.92000000      4.60000000  28051.39437995
      0.92100000      4.60500000  28055.97312636
      0.92200000      4.61000000  28060.55180370
      0.92300000      4.61500000  28065.13041199
      0.92400000      4.62000000  28069.70895122
      0.92500000      4.62500000  28074.28742139
      0.92600000      4.63000000  28078.86582250
      0.92700000      4.63500000  28083.44415456
      0.92800000      4.64000000  28088.02241757
      0.92900000      4.64500000  28092.60061152
      0.93000000      4.65000000  28097.17873642
      0.93100000      4.65500000  28101.75679228
      0.93200000      4.66000000  28106.33477908
      0.93300000      4.66500000  28110.91269684
      0.93400000      4.67000000  28115.49054556
      0.93500000      4.67500000  28120.06832522
      0.93600000      4.68000000  28124.64603585
      0.93700000      4.68500000  28129.22367743
      0.93800000      4.69000000  28133.80124998
      0.93900000      4.69500000  28138.37875348
      0.94000000      4.70000000  28142.95618795
      0.94100000      4.70500000  28147.53355338
      0.94200000      4.71000000  28152.11084977
      0.94300000      4.71500000  28156.68807713
      0.94400000      4.72000000  28161.26523545
      0.94500000      4.72500000  28165.84232475
      0.94600000      4.73000000  28170.41934501
      0.94700000      4.73500000  28174.99629625
      0.94800000      4.74000000  28179.57317845
      0.94900000      4.74500000  28184.14999163
      0.95000000      4.75000000  28188.72673579
      0.95100000      4.75500000  28193.30341092
      0.95200000      4.76000000  28197.88001703
      0.95300000      4.76500000  28202.45655411
      0.95400000      4.77000000  28207.03302218
      0.95500000      4.77500000  28211.60942123
      0.95600000      4.78000000  28216.18575125
      0.95700000      4.78500000  28220.76201227
      0.95800000      4.79000000  28225.33820426
      0.95900000      4.79500000  28229.91432725
      0.96000000      4.80000000  28234.49038122
      0.96100000      4.80500000  28239.06636617
      0.96200000      4.81000000  28243.64228212
      0.96300000      4.81500000  28248.21812906
      0.96400000      4.82000000  28252.79390699
      0.96500000      4.82500000  28257.36961592
      0.96600000      4.83000000  28261.94525584
      0.96700000      4.83500000  28266.52082675
      0.96800000      4.84000000  28271.09632867
      0.96900000      4.84500000  28275.67176158
      0.97000000      4.85000000  28280.24712549
      0.97100000      4.85500000  28284.82242040
      0.97200000      4.86000000  28289.39764632
      0.97300000      4.86500000  28293.97280323
      0.97400000      4.87000000  28298.54789116
      0.97500000      4.87500000  28303.12291009
      0.97600000      4.88000000  28307.69786002
      0.97700000      4.88500000  28312.27274097
      0.97800000      4.89000000  28316.84755293
      0.97900000      4.89500000  28321.42229589
      0.98000000      4.90000000  28325.99696987
      0.98100000      4.90500000  28330.57157487
      0.98200000      4.91000000  28335.14611087
      0.98300000      4.91500000  28339.72057790
      0.98400000      4.92000000  28344.29497594
      0.98500000      4.92500000  28348.86930500
      0.98600000      4.93000000  28353.44356508
      0.98700000      4.93500000  28358.01775618
      0.98800000      4.94000000  28362.59187831
      0.98900000      4.94500000  28367.16593146
      0.99000000      4.95000000  28371.73991563
      0.99100000      4.95500000  28376.31383083
      0.99200000      4.96000000  28380.88767706
      0.99300000      4.96500000  28385.46145432
      0.99400000      4.97000000  28390.03516260
      0.99500000      4.97500000  28394.60880192
      0.99600000      4.98000000  28399.18237227
      0.99700000      4.98500000  28403.75587366
      0.99800000      4.99000000  28408.32930608
      0.99900000      4.99500000  28412.90266953
      1.00000000      5.00000000  28417.47596403
      1.00100000      4.99856591  28389.11925807
      1.00200000      4.99713181  28360.76243066
      1.00300000      4.99569772  28332.40548179
      1.00400000      4.99426362  28304.04841148
      1.00500000      4.99282953  28275.69121972
      1.00600000      4.99139544  28247.33390650
      1.00700000      4.98996134  28218.97647183
      1.00800000      4.98852725  28190.61891571
      1.00900000      4.98709316  28162.26123813
      1.01000000      4.98565906  28133.90343910
      1.01100000      4.98422497  28105.54551861
      1.01200000      4.98279087  28077.18747667
      1.01300000      4.98135678  28048.82931327
      1.01400000      4.97992269  28020.47102841
      1.01500000      4.97848859  27992.11262209
      1.01600000      4.97705450  27963.75409432
      1.01700000      4.97562040  27935.39544508
      1.01800000      4.97418631  27907.03667439
      1.01900000      4.97275222  27878.67778223
      1.02000000      4.97131812  27850.31876862
      1.02100000      4.96988403  27821.95963354
      1.02200000      4.96844993  27793.60037700
      1.02300000      4.96701584  27765.24099899
      1.02400000      4.96558175  27736.88149953
      1.02500000      4.96414765  27708.52187860
      1.02600000      4.96271356  27680.16213620
      1.02700000      4.96127947  27651.80227234
      1.02800000      4.95984537  27623.44228701
      1.02900000      4.95841128  27595.08218021
      1.03000000      4.95697718  27566.72195195
      1.03100000      4.95554309  27538.36160221
      1.03200000      4.95410900  27510.00113101
      1.03300000      4.95267490  27481.64053834
      1.03400000      4.95124081  27453.27982420
      1.03500000      4.94980671  27424.91898859
      1.03600000      4.94837262  27396.55803151
      1.03700000      4.94693853  27368.19695295
      1.03800000      4.94550443  27339.83575292
      1.03900000      4.94407034  27311.47443142
      1.04000000      4.94263624  27283.11298845
      1.04100000      4.94120215  27254.75142400
      1.04200000      4.93976806  27226.38973807
      1.04300000      4.93833396  27198.02793067
      1.04400000      4.93689987  27169.66600180
      1.04500000      4.93546578  27141.30395144
      1.04600000      4.93403168  27112.94177961
      1.04700000      4.93259759  27084.57948630
      1.04800000      4.93116349  27056.21707151
      1.04900000      4.92972940  27027.85453524
      1.05000000      4.92829531  26999.49187749
      1.05100000      4.92686121  26971.12909826
      1.05200000      4.92542712  26942.76619755
      1.05300000      4.92399302  26914.40317535
      1.05400000      4.92255893  26886.04003168
      1.05500000      4.92112484  26857.67676652
      1.05600000      4.91969074  26829.31337987
      1.05700000      4.91825665  26800.94987174
      1.05800000      4.91682255  26772.58624213
      1.05900000      4.91538846  26744.22249103
      1.06000000      4.91395437  26715.85861844
      1.06100000      4.91252027  26687.49462437
      1.06200000      4.91108618  26659.13050880
      1.06300000      4.90965209  26630.76627175
      1.06400000      4.90821799  26602.40191321
      1.06500000      4.90678390  26574.03743318
      1.06600000      4.90534980  26545.67283165
      1.06700000      4.90391571  26517.30810864
      1.06800000      4.90248162  26488.94326414
      1.06900000      4.90104752  26460.57829814
      1.07000000      4.89961343  26432.21321065
      1.07100000      4.89817933  26403.84800167
      1.07200000      4.89674524  26375.48267119
      1.07300000      4.89531115  26347.11721922
      1.07400000      4.89387705  26318.75164575
      1.07500000      4.89244296  26290.38595078
      1.07600000      4.89100886  26262.02013432
      1.07700000      4.88957477  26233.65419637
      1.07800000      4.88814068  26205.28813691
      1.07900000      4.88670658  26176.92195595
      1.08000000      4.88527249  26148.55565350
      1.08100000      4.88383840  26120.18922954
      1.08200000      4.88240430  26091.82268408
      1.08300000      4.88097021  26063.45601713
      1.08400000      4.87953611  26035.08922867
      1.08500000      4.87810202  26006.72231871
      1.08600000      4.87666793  25978.35528724
      1.08700000      4.87523383  25949.98813428
      1.08800000      4.87379974  25921.62085980
      1.08900000      4.87236564  25893.25346382
      1.09000000      4.87093155  25864.88594634
      1.09100000      4.86949746  25836.51830735
      1.09200000      4.86806336  25808.15054685
      1.09300000      4.86662927  25779.78266484
      1.09400000      4.86519517  25751.41466133
      1.09500000      4.86376108  25723.04653631
      1.09600000      4.86232699  25694.67828978
      1.09700000      4.86089289  25666.30992174
      1.09800000      4.85945880  25637.94143218
      1.09900000      4.85802471  25609.57282112
      1.10000000      4.85659061  25581.20408854
      1.10100000      4.85515652  25552.83523445
      1.10200000      4.85372242  25524.46625885
      1.10300000      4.85228833  25496.09716173
      1.10400000      4.85085424  25467.72794310
      1.10500000      4.84942014  25439.35860295
      1.10600000      4.84798605  25410.98914129
      1.10700000      4.84655195  25382.61955811
      1.10800000      4.84511786  25354.24985341
      1.10900000      4.84368377  25325.88002720
      1.11000000      4.84224967  25297.51007947
      1.11100000      4.84081558  25269.14001022
      1.11200000      4.83938148  25240.76981944
      1.11300000      4.83794739  25212.39950715
      1.11400000      4.83651330  25184.02907334
      1.11500000      4.83507920  25155.65851800
      1.11600000      4.83364511  25127.28784115
      1.11700000      4.83221102  25098.91704277
      1.11800000      4.83077692  25070.54612286
      1.11900000      4.82934283  25042.17508143
      1.12000000      4.82790873  25013.80391848
      1.12100000      4.82647464  24985.43263400
      1.12200000      4.82504055  24957.06122800
      1.12300000      4.82360645  24928.68970047
      1.12400000      4.82217236  24900.31805141
      1.12500000      4.82073826  24871.94628082
      1.12600000      4.81930417  24843.57438871
      1.12700000      4.81787008  24815.20237506
      1.12800000      4.81643598  24786.83023989
      1.12900000      4.81500189  24758.45798318
      1.13000000      4.81356779  24730.08560495
      1.13100000      4.81213370  24701.71310518
      1.13200000      4.81069961  24673.34048388
      1.13300000      4.80926551  24644.96774104
      1.13400000      4.80783142  24616.59487668
      1.13500000      4.80639733  24588.22189078
      1.13600000      4.80496323  24559.84878334
      1.13700000      4.80352914  24531.47555437
      1.13800000      4.80209504  24503.10220386
      1.13900000      4.80066095  24474.72873181
      1.14000000      4.79922686  24446.35513823
      1.14100000      4.79779276  24417.98142311
      1.14200000      4.79635867  24389.60758645
      1.14300000      4.79492457  24361.23362825
      1.14400000      4.79349048  24332.85954851
      1.14500000      4.79205639  24304.48534723
      1.14600000      4.79062229  24276.11102441
      1.14700000      4.78918820  24247.73658004
      1.14800000      4.78775411  24219.36201414
      1.14900000      4.78632001  24190.98732668
      1.15000000      4.78488592  24162.61251769
      1.15100000      4.78345182  24134.23758715
      1.15200000      4.78201773  24105.86253507
      1.15300000      4.78058364  24077.48736144
      1.15400000      4.77914954  24049.11206626
      1.15500000      4.77771545  24020.73664954
      1.15600000      4.77628135  23992.36111127
      1.15700000      4.77484726  23963.98545145
      1.15800000      4.77341317  23935.60967008
      1.15900000      4.77197907  23907.23376717
      1.16000000      4.77054498  23878.85774270
      1.16100000      4.76911088  23850.48159668
      1.16200000      4.76767679  23822.10532911
      1.16300000      4.76624270  23793.72893998
      1.16400000      4.76480860  23765.35242931
      1.16500000      4.76337451  23736.97579708
      1.16600000      4.76194042  23708.59904330
      1.16700000      4.76050632  23680.22216796
      1.16800000      4.75907223  23651.84517106
      1.16900000      4.75763813  23623.46805261
      1.17000000      4.75620404  23595.09081261
      1.17100000      4.75476995  23566.71345105
      1.17200000      4.75333585  23538.33596793
      1.17300000      4.75190176  23509.95836325
      1.17400000      4.75046766  23481.58063701
      1.17500000      4.74903357  23453.20278921
      1.17600000      4.74759948  23424.82481985
      1.17700000      4.74616538  23396.44672893
      1.17800000      4.74473129  23368.06851645
      1.17900000      4.74329719  23339.69018241
      1.18000000      4.74186310  23311.31172679
      1.18100000      4.74042901  23282.93314962
      1.18200000      4.73899491  23254.55445089
      1.18300000      4.73756082  23226.17563059
      1.18400000      4.73612673  23197.79668872
      1.18500000      4.73469263  23169.41762529
      1.18600000      4.73325854  23141.03844029
      1.18700000      4.73182444  23112.65913373
      1.18800000      4.73039035  23084.27970559
      1.18900000      4.72895626  23055.90015589
      1.19000000      4.72752216  23027.52048462
      1.19100000      4.72608807  22999.14069177
      1.19200000      4.72465397  22970.76077736
      1.19300000      4.72321988  22942.38074138
      1.19400000      4.72178579  22914.00058382
      1.19500000      4.72035169  22885.62030469
      1.19600000      4.71891760  22857.23990399
      1.19700000      4.71748350  22828.85938171
      1.19800000      4.71604941  22800.47873786
      1.19900000      4.71461532  22772.09797244
      1.20000000      4.71318122  22743.71708543
      1.20100000      4.71174713  22715.33607686
      1.20200000      4.71031304  22686.95494670
      1.20300000      4.70887894  22658.57369497
      1.20400000      4.70744485  22630.19232166
      1.20500000      4.70601075  22601.81082677
      1.20600000      4.70457666  22573.42921030
      1.20700000      4.70314257  22545.04747225
      1.20800000      4.70170847  22516.66561262
      1.20900000      4.70027438  22488.28363141
      1.21000000      4.69884028  22459.90152862
      1.21100000      4.69740619  22431.51930424
      1.21200000      4.69597210  22403.13695828
      1.21300000      4.69453800  22374.75449074
      1.21400000      4.69310391  22346.37190161
      1.21500000      4.69166981  22317.98919090
      1.21600000      4.69023572  22289.60635860
      1.21700000      4.68880163  22261.22340471
      1.21800000      4.68736753  22232.84032923
      1.21900000      4.68593344  22204.45713217
      1.22000000      4.68449935  22176.07381352
      1.22100000      4.68306525  22147.69037329
      1.22200000      4.68163116  22119.30681146
      1.22300000      4.68019706  22090.92312804
      1.22400000      4.67876297  22062.53932303
      1.22500000      4.67732888  22034.15539643
      1.22600000      4.67589478  22005.77134823
      1.22700000      4.67446069  21977.38717845
      1.22800000      4.67302659  21949.00288707
      1.22900000      4.67159250  21920.61847409
      1.23000000      4.67015841  21892.23393952
      1.23100000      4.66872431  21863.84928336
      1.23200000      4.66729022  21835.46450560
      1.23300000      4.66585612  21807.07960624
      1.23400000      4.66442203  21778.69458528
      1.23500000      4.66298794  21750.30944273
      1.23600000      4.66155384  21721.92417858
      1.23700000      4.66011975  21693.53879283
      1.23800000      4.65868566  21665.15328548
      1.23900000      4.65725156  21636.76765653
      1.24000000      4.65581747  21608.38190597
      1.24100000      4.65438337  21579.99603382
      1.24200000      4.65294928  21551.61004006
      1.24300000      4.65151519  21523.22392470
      1.24400000      4.65008109  21494.83768774
      1.24500000      4.64864700  21466.45132917
      1.24600000      4.64721290  21438.06484900
      1.24700000      4.64577881  21409.67824722
      1.24800000      4.64434472  21381.29152383
      1.24900000      4.64291062  21352.90467884
      1.25000000      4.64147653  21324.51771224
      1.25100000      4.64004243  21296.13062403
      1.25200000      4.63860834  21267.74341421
      1.25300000      4.63717425  21239.35608279
      1.25400000      4.63574015  21210.96862975
      1.25500000      4.63430606  21182.58105511
      1.25600000      4.63287197  21154.19335885
      1.25700000      4.63143787  21125.80554098
      1.25800000      4.63000378  21097.41760150
      1.25900000      4.62856968  21069.02954040
      1.26000000      4.62713559  21040.64135769
      1.26100000      4.62570150  21012.25305336
      1.26200000      4.62426740  20983.86462742
      1.26300000      4.62283331  20955.47607987
      1.26400000      4.62139921  20927.08741069
      1.26500000      4.61996512  20898.69861991
      1.26600000      4.61853103  20870.30970750
      1.26700000      4.61709693  20841.92067347
      1.26800000      4.61566284  20813.53151782
      1.26900000      4.61422874  20785.14224056
      1.27000000      4.61279465  20756.75284168
      1.27100000      4.61136056  20728.36332117
      1.27200000      4.60992646  20699.97367904
      1.27300000      4.60849237  20671.58391530
      1.27400000      4.60705828  20643.19402992
      1.27500000      4.60562418  20614.80402293
      1.27600000      4.60419009  20586.41389431
      1.27700000      4.60275599  20558.02364407
      1.27800000      4.60132190  20529.63327220
      1.27900000      4.59988781  20501.24277870
      1.28000000      4.59845371  20472.85216357
      1.28100000      4.59701962  20444.46142682
      1.28200000      4.59558552  20416.07056845
      1.28300000      4.59415143  20387.67958844
      1.28400000      4.59271734  20359.28848681
      1.28500000      4.59128324  20330.89726354
      1.28600000      4.58984915  20302.50591865
      1.28700000      4.58841506  20274.11445212
      1.28800000      4.58698096  20245.72286396
      1.28900000      4.58554687  20217.33115417
      1.29000000      4.58411277  20188.93932274
      1.29100000      4.58267868  20160.54736968
      1.29200000      4.58124459  20132.15529499
      1.29300000      4.57981049  20103.76309867
      1.29400000      4.57837640  20075.37078070
      1.29500000      4.57694230  20046.97834110
      1.29600000      4.57550821  20018.58577987
      1.29700000      4.57407412  19990.19309700
      1.29800000      4.57264002  19961.80029248
      1.29900000      4.57120593  19933.40736633
      1.30000000      4.56977183  19905.01431854
      1.30100000      4.56833774  19876.62114911
      1.30200000      4.56690365  19848.22785804
      1.30300000      4.56546955  19819.83444533
      1.30400000      4.56403546  19791.44091098
      1.30500000      4.56260137  19763.04725498
      1.30600000      4.56116727  19734.65347734
      1.30700000      4.55973318  19706.25957806
      1.30800000      4.55829908  19677.86555713
      1.30900000      4.55686499  19649.47141456
      1.31000000      4.55543090  19621.07715034
      1.31100000      4.55399680  19592.68276447
      1.31200000      4.55256271  19564.28825696
      1.31300000      4.55112861  19535.89362780
      1.31400000      4.54969452  19507.49887700
      1.31500000      4.54826043  19479.10400454
      1.31600000      4.54682633  19450.70901043
      1.31700000      4.54539224  19422.31389467
      1.31800000      4.54395814  19393.91865727
      1.31900000      4.54252405  19365.52329821
      1.32000000      4.54108996  19337.12781750
      1.32100000      4.53965586  19308.73221513
      1.32200000      4.53822177  19280.33649112
      1.32300000      4.53678768  19251.94064545
      1.32400000      4.53535358  19223.54467812
      1.32500000      4.53391949  19195.14858914
      1.32600000      4.53248539  19166.75237850
      1.32700000      4.53105130  19138.35604621
      1.32800000      4.52961721  19109.95959226
      1.32900000      4.52818311  19081.56301665
      1.33000000      4.52674902  19053.16631938
      1.33100000      4.52531492  19024.76950045
      1.33200000      4.52388083  18996.37255986
      1.33300000      4.52244674  18967.97549762
      1.33400000      4.52101264  18939.57831371
      1.33500000      4.51957855  18911.18100814
      1.33600000      4.51814445  18882.78358091
      1.33700000      4.51671036  18854.38603202
      1.33800000      4.51527627  18825.98836146
      1.33900000      4.51384217  18797.59056923
      1.34000000      4.51240808  18769.19265535
      1.34100000      4.51097399  18740.79461979
      1.34200000      4.50953989  18712.39646257
      1.34300000      4.50810580  18683.99818369
      1.34400000      4.50667170  18655.59978313
      1.34500000      4.50523761  18627.20126091
      1.34600000      4.50380352  18598.80261702
      1.34700000      4.50236942  18570.40385146
      1.34800000      4.50093533  18542.00496423
      1.34900000      4.49950123  18513.60595533
      1.35000000      4.49806714  18485.20682476
      1.35100000      4.49663305  18456.80757252
      1.35200000      4.49519895  18428.40819860
      1.35300000      4.49376486  18400.00870301
      1.35400000      4.49233076  18371.60908575
      1.35500000      4.49089667  18343.20934681
      1.35600000      4.48946258  18314.80948620
      1.35700000      4.48802848  18286.40950391
      1.35800000      4.48659439  18258.00939995
      1.35900000      4.48516030  18229.60917431
      1.36000000      4.48372620  18201.20882699
      1.36100000      4.48229211  18172.80835799
      1.36200000      4.48085801  18144.40776731
      1.36300000      4.47942392  18116.00705496
      1.36400000      4.47798983  18087.60622092
      1.36500000      4.47655573  18059.20526521
      1.36600000      4.47512164  18030.80418781
      1.36700000      4.47368754  18002.40298873
      1.36800000      4.47225345  17974.00166796
      1.36900000      4.47081936  17945.60022552
      1.37000000      4.46938526  17917.19866139
      1.37100000      4.46795117  17888.79697557
      1.37200000      4.46651707  17860.39516807
      1.37300000      4.46508298  17831.99323889
      1.37400000      4.46364889  17803.59118802
      1.37500000      4.46221479  17775.18901546
      1.37600000      4.46078070  17746.78672121
      1.37700000      4.45934661  17718.38430528
      1.37800000      4.45791251  17689.98176765
      1.37900000      4.45647842  17661.57910833
      1.38000000      4.45504432  17633.17632733
      1.38100000      4.45361023  17604.77342463
      1.38200000      4.45217614  17576.37040025
      1.38300000      4.45074204  17547.96725417
      1.38400000      4.44930795  17519.56398639
      1.38500000      4.44787385  17491.16059693
      1.38600000      4.44643976  17462.75708577
      1.38700000      4.44500567  17434.35345291
      1.38800000      4.44357157  17405.94969836
      1.38900000      4.44213748  17377.54582212
      1.39000000      4.44070338  17349.14182417
      1.39100000      4.43926929  17320.73770453
      1.39200000      4.43783520  17292.33346319
      1.39300000      4.43640110  17263.92910015
      1.39400000      4.43496701  17235.52461542
      1.39500000      4.43353292  17207.12000898
      1.39600000      4.43209882  17178.71528084
      1.39700000      4.43066473  17150.31043101
      1.39800000      4.42923063  17121.90545946
      1.39900000      4.42779654  17093.50036622
      1.40000000      4.42636245  17065.09515128
      1.40100000      4.42492835  17036.68981463
      1.40200000      4.42349426  17008.28435627
      1.40300000      4.42206016  16979.87877621
      1.40400000      4.42062607  16951.47307445
      1.40500000      4.41919198  16923.06725098
      1.40600000      4.41775788  16894.66130580
      1.40700000      4.41632379  16866.25523892
      1.40800000      4.41488969  16837.84905032
      1.40900000      4.41345560  16809.44274002
      1.41000000      4.41202151  16781.03630801
      1.41100000      4.41058741  16752.62975429
      1.41200000      4.40915332  16724.22307885
      1.41300000      4.40771923  16695.81628171
      1.41400000      4.40628513  16667.40936285
      1.41500000      4.40485104  16639.00232229
      1.41600000      4.40341694  16610.59516000
      1.41700000      4.40198285  16582.18787600
      1.41800000      4.40054876  16553.78047029
      1.41900000      4.39911466  16525.37294287
      1.42000000      4.39768057  16496.96529373
      1.42100000      4.39624647  16468.55752287
      1.42200000      4.39481238  16440.14963030
      1.42300000      4.39337829  16411.74161600
      1.42400000      4.39194419  16383.33347999
      1.42500000      4.39051010  16354.92522226
      1.42600000      4.38907600  16326.51684281
      1.42700000      4.38764191  16298.10834164
      1.42800000      4.38620782  16269.69971875
      1.42900000      4.38477372  16241.29097414
      1.43000000      4.38333963  16212.88210780
      1.43100000      4.38190554  16184.47311974
      1.43200000      4.38047144  16156.06400996
      1.43300000      4.37903735  16127.65477846
      1.43400000      4.37760325  16099.24542523
      1.43500000      4.37616916  16070.83595027
      1.43600000      4.37473507  16042.42635359
      1.43700000      4.37330097  16014.01663518
      1.43800000      4.37186688  15985.60679505
      1.43900000      4.37043278  15957.19683319
      1.44000000      4.36899869  15928.78674959
      1.44100000      4.36756460  15900.37654427
      1.44200000      4.36613050  15871.96621722
      1.44300000      4.36469641  15843.55576844
      1.44400000      4.36326232  15815.14519792
      1.44500000      4.36182822  15786.73450568
      1.44600000      4.36039413  15758.32369170
      1.44700000      4.35896003  15729.91275599
      1.44800000      4.35752594  15701.50169855
      1.44900000      4.35609185  15673.09051937
      1.45000000      4.35465775  15644.67921845
      1.45100000      4.35322366  15616.26779581
      1.45200000      4.35178956  15587.85625142
      1.45300000      4.35035547  15559.44458530
      1.45400000      4.34892138  15531.03279744
      1.45500000      4.34748728  15502.62088784
      1.45600000      4.34605319  15474.20885651
      1.45700000      4.34461909  15445.79670343
      1.45800000      4.34318500  15417.38442862
      1.45900000      4.34175091  15388.97203206
      1.46000000      4.34031681  15360.55951376
      1.46100000      4.33888272  15332.14687372
      1.46200000      4.33744863  15303.73411194
      1.46300000      4.33601453  15275.32122841
      1.46400000      4.33458044  15246.90822314
      1.46500000      4.33314634  15218.49509613
      1.46600000      4.33171225  15190.08184737
      1.46700000      4.33027816  15161.66847686
      1.46800000      4.32884406  15133.25498461
      1.46900000      4.32740997  15104.84137061
      1.47000000      4.32597587  15076.42763487
      1.47100000      4.32454178  15048.01377737
      1.47200000      4.32310769  15019.59979813
      1.47300000      4.32167359  14991.18569714
      1.47400000      4.32023950  14962.77147440
      1.47500000      4.31880540  14934.35712990
      1.47600000      4.31737131  14905.94266366
      1.47700000      4.31593722  14877.52807566
      1.47800000      4.31450312  14849.11336591
      1.47900000      4.31306903  14820.69853440
      1.48000000      4.31163494  14792.28358114
      1.48100000      4.31020084  14763.86850613
      1.48200000      4.30876675  14735.45330936
      1.48300000      4.30733265  14707.03799084
      1.48400000      4.30589856  14678.62255056
      1.48500000      4.30446447  14650.20698852
      1.48600000      4.30303037  14621.79130472
      1.48700000      4.30159628  14593.37549917
      1.48800000      4.30016218  14564.95957185
      1.48900000      4.29872809  14536.54352278
      1.49000000      4.29729400  14508.12735195
      1.49100000      4.29585990  14479.71105935
      1.49200000      4.29442581  14451.29464499
      1.49300000      4.29299171  14422.87810887
      1.49400000      4.29155762  14394.46145099
      1.49500000      4.29012353  14366.04467134
      1.49600000      4.28868943  14337.62776993
      1.49700000      4.28725534  14309.21074675
      1.49800000      4.28582125  14280.79360181
      1.49900000      4.28438715  14252.37633511
      1.50000000      4.28295306  14223.95894663
      1.50100000      4.28151896  14195.54143639
      1.50200000      4.28008487  14167.12380438
      1.50300000      4.27865078  14138.70605061
      1.50400000      4.27721668  14110.28817506
      1.50500000      4.27578259  14081.87017774
      1.50600000      4.27434849  14053.45205865
      1.50700000      4.27291440  14025.03381779
      1.50800000      4.27148031  13996.61545516
      1.50900000      4.27004621  13968.19697076
      1.51000000      4.26861212  13939.77836458
      1.51100000      4.26717802  13911.35963663
      1.51200000      4.26574393  13882.94078690
      1.51300000      4.26430984  13854.52181540
      1.51400000      4.26287574  13826.10272212
      1.51500000      4.26144165  13797.68350707
      1.51600000      4.26000756  13769.26417024
      1.51700000      4.25857346  13740.84471163
      1.51800000      4.25713937  13712.42513124
      1.51900000      4.25570527  13684.00542908
      1.52000000      4.25427118  13655.58560514
      1.52100000      4.25283709  13627.16565941
      1.52200000      4.25140299  13598.74559191
      1.52300000      4.24996890  13570.32540262
      1.52400000      4.24853480  13541.90509155
      1.52500000      4.24710071  13513.48465870
      1.52600000      4.24566662  13485.06410406
      1.52700000      4.24423252  13456.64342764
      1.52800000      4.24279843  13428.22262944
      1.52900000      4.24136433  13399.80170945
      1.53000000      4.23993024  13371.38066767
      1.53100000      4.23849615  13342.95950411
      1.53200000      4.23706205  13314.53821876
      1.53300000      4.23562796  13286.11681162
      1.53400000      4.23419387  13257.69528270
      1.53500000      4.23275977  13229.27363198
      1.53600000      4.23132568  13200.85185948
      1.53700000      4.22989158  13172.42996518
      1.53800000      4.22845749  13144.00794910
      1.53900000      4.22702340  13115.58581122
      1.54000000      4.22558930  13087.16355155
      1.54100000      4.22415521  13058.74117008
      1.54200000      4.22272111  13030.31866683
      1.54300000      4.22128702  13001.89604178
      1.54400000      4.21985293  12973.47329493
      1.54500000      4.21841883  12945.05042629
      1.54600000      4.21698474  12916.62743585
      1.54700000      4.21555064  12888.20432361
      1.54800000      4.21411655  12859.78108958
      1.54900000      4.21268246  12831.35773375
      1.55000000      4.21124836  12802.93425612
      1.55100000      4.20981427  12774.51065669
      1.55200000      4.20838018  12746.08693547
      1.55300000      4.20694608  12717.66309244
      1.55400000      4.20551199  12689.23912761
      1.55500000      4.20407789  12660.81504098
      1.55600000      4.20264380  12632.39083254
      1.55700000      4.20120971  12603.96650231
      1.55800000      4.19977561  12575.54205026
      1.55900000      4.19834152  12547.11747641
      1.56000000      4.19690742  12518.69278076
      1.56100000      4.19547333  12490.26796331
      1.56200000      4.19403924  12461.84302404
      1.56300000      4.19260514  12433.41796297
      1.56400000      4.19117105  12404.99278010
      1.56500000      4.18973695  12376.56747541
      1.56600000      4.18830286  12348.14204892
      1.56700000      4.18686877  12319.71650061
      1.56800000      4.18543467  12291.29083049
      1.56900000      4.18400058  12262.86503857
      1.57000000      4.18256649  12234.43912483
      1.57100000      4.18113239  12206.01308928
      1.57200000      4.17969830  12177.58693192
      1.57300000      4.17826420  12149.16065274
      1.57400000      4.17683011  12120.73425175
      1.57500000      4.17539602  12092.30772895
      1.57600000      4.17396192  12063.88108433
      1.57700000      4.17252783  12035.45431790
      1.57800000      4.17109373  12007.02742964
      1.57900000      4.16965964  11978.60041957
      1.58000000      4.16822555  11950.17328768
      1.58100000      4.16679145  11921.74603398
      1.58200000      4.16535736  11893.31865845
      1.58300000      4.16392327  11864.89116111
      1.58400000      4.16248917  11836.46354195
      1.58500000      4.16105508  11808.03580096
      1.58600000      4.15962098  11779.60793815
      1.58700000      4.15818689  11751.17995352
      1.58800000      4.15675280  11722.75184707
      1.58900000      4.15531870  11694.32361879
      1.59000000      4.15388461  11665.89526869
      1.59100000      4.15245051  11637.46679676
      1.59200000      4.15101642  11609.03820301
      1.59300000      4.14958233  11580.60948744
      1.59400000      4.14814823  11552.18065003
      1.59500000      4.14671414  11523.75169080
      1.59600000      4.14528004  11495.32260974
      1.59700000      4.14384595  11466.89340685
      1.59800000      4.14241186  11438.46408213
      1.59900000      4.14097776  11410.03463558
      1.60000000      4.13954367  11381.60506721
      1.60100000      4.13810958  11353.17537700
      1.60200000      4.13667548  11324.74556496
      1.60300000      4.13524139  11296.31563108
      1.60400000      4.13380729  11267.88557537
      1.60500000      4.13237320  11239.45539783
      1.60600000      4.13093911  11211.02509846
      1.60700000      4.12950501  11182.59467725
      1.60800000      4.12807092  11154.16413420
      1.60900000      4.12663682  11125.73346932
      1.61000000      4.12520273  11097.30268260
      1.61100000      4.12376864  11068.87177404
      1.61200000      4.12233454  11040.44074364
      1.61300000      4.12090045  11012.00959141
      1.61400000      4.11946635  10983.57831734
      1.61500000      4.11803226  10955.14692142
      1.61600000      4.11659817  10926.71540367
      1.61700000      4.11516407  10898.28376407
      1.61800000      4.11372998  10869.85200263
      1.61900000      4.11229589  10841.42011935
      1.62000000      4.11086179  10812.98811422
      1.62100000      4.10942770  10784.55598726
      1.62200000      4.10799360  10756.12373844
      1.62300000      4.10655951  10727.69136778
      1.62400000      4.10512542  10699.25887528
      1.62500000      4.10369132  10670.82626093
      1.62600000      4.10225723  10642.39352473
      1.62700000      4.10082313  10613.96066668
      1.62800000      4.09938904  10585.52768679
      1.62900000      4.09795495  10557.09458504
      1.63000000      4.09652085  10528.66136145
      1.63100000      4.09508676  10500.22801601
      1.63200000      4.09365266  10471.79454871
      1.63300000      4.09221857  10443.36095956
      1.63400000      4.09078448  10414.92724857
      1.63500000      4.08935038  10386.49341571
      1.63600000      4.08791629  10358.05946101
      1.63700000      4.08648220  10329.62538445
      1.63800000      4.08504810  10301.19118603
      1.63900000      4.08361401  10272.75686576
      1.64000000      4.08217991  10244.32242363
      1.64100000      4.08074582  10215.88785965
      1.64200000      4.07931173  10187.45317381
      1.64300000      4.07787763  10159.01836611
      1.64400000      4.07644354  10130.58343656
      1.64500000      4.07500944  10102.14838514
      1.64600000      4.07357535  10073.71321186
      1.64700000      4.07214126  10045.27791672
      1.64800000      4.07070716  10016.84249972
      1.64900000      4.06927307   9988.40696086
      1.65000000      4.06783897   9959.97130014
      1.65100000      4.06640488   9931.53551756
      1.65200000      4.06497079   9903.09961311
      1.65300000      4.06353669   9874.66358679
      1.65400000      4.06210260   9846.22743861
      1.65500000      4.06066851   9817.79116857
      1.65600000      4.05923441   9789.35477666
      1.65700000      4.05780032   9760.91826288
      1.65800000      4.05636622   9732.48162723
      1.65900000      4.05493213   9704.04486971
      1.66000000      4.05349804   9675.60799033
      1.66100000      4.05206394   9647.17098908
      1.66200000      4.05062985   9618.73386596
      1.66300000      4.04919575   9590.29662096
      1.66400000      4.04776166   9561.85925410
      1.66500000      4.04632757   9533.42176536
      1.66600000      4.04489347   9504.98415475
      1.66700000      4.04345938   9476.54642227
      1.66800000      4.04202528   9448.10856791
      1.66900000      4.04059119   9419.67059167
      1.67000000      4.03915710   9391.23249357
      1.67100000      4.03772300   9362.79427358
      1.67200000      4.03628891   9334.35593172
      1.67300000      4.03485482   9305.91746799
      1.67400000      4.03342072   9277.47888237
      1.67500000      4.03198663   9249.04017488
      1.67600000      4.03055253   9220.60134551
      1.67700000      4.02911844   9192.16239425
      1.67800000      4.02768435   9163.72332112
      1.67900000      4.02625025   9135.28412611
      1.68000000      4.02481616   9106.84480921
      1.68100000      4.02338206   9078.40537043
      1.68200000      4.02194797   9049.96580977
      1.68300000      4.02051388   9021.52612723
      1.68400000      4.01907978   8993.08632280
      1.68500000      4.01764569   8964.64639649
      1.68600000      4.01621159   8936.20634829
      1.68700000      4.01477750   8907.76617820
      1.68800000      4.01334341   8879.32588623
      1.68900000      4.01190931   8850.88547237
      1.69000000      4.01047522   8822.44493662
      1.69100000      4.00904113   8794.00427899
      1.69200000      4.00760703   8765.56349946
      1.69300000      4.00617294   8737.12259805
      1.69400000      4.00473884   8708.68157474
      1.69500000      4.00330475   8680.24042954
      1.69600000      4.00187066   8651.79916245
      1.69700000      4.00043656   8623.35777347
      1.69800000      3.99900247   8594.91626259
      1.69900000      3.99756837   8566.47462983
      1.70000000      3.99613428   8538.03287516
      1.70100000      3.99470019   8509.59099861
      1.70200000      3.99326609   8481.14900015
      1.70300000      3.99183200   8452.70687980
      1.70400000      3.99039790   8424.26463755
      1.70500000      3.98896381   8395.82227341
      1.70600000      3.98752972   8367.37978737
      1.70700000      3.98609562   8338.93717943
      1.70800000      3.98466153   8310.49444958
      1.70900000      3.98322744   8282.05159784
      1.71000000      3.98179334   8253.60862420
      1.71100000      3.98035925   8225.16552865
      1.71200000      3.97892515   8196.72231121
      1.71300000      3.97749106   8168.27897186
      1.71400000      3.97605697   8139.83551061
      1.71500000      3.97462287   8111.39192745
      1.71600000      3.97318878   8082.94822239
      1.71700000      3.97175468   8054.50439542
      1.71800000      3.97032059   8026.06044655
      1.71900000      3.96888650   7997.61637577
      1.72000000      3.96745240   7969.17218308
      1.72100000      3.96601831   7940.72786849
      1.72200000      3.96458422   7912.28343199
      1.72300000      3.96315012   7883.83887358
      1.72400000      3.96171603   7855.39419326
      1.72500000      3.96028193   7826.94939102
      1.72600000      3.95884784   7798.50446688
      1.72700000      3.95741375   7770.05942082
      1.72800000      3.95597965   7741.61425286
      1.72900000      3.95454556   7713.16896298
      1.73000000      3.95311146   7684.72355118
      1.73100000      3.95167737   7656.27801748
      1.73200000      3.95024328   7627.83236186
      1.73300000      3.94880918   7599.38658432
      1.73400000      3.94737509   7570.94068486
      1.73500000      3.94594099   7542.49466349
      1.73600000      3.94450690   7514.04852021
      1.73700000      3.94307281   7485.60225500
      1.73800000      3.94163871   7457.15586787
      1.73900000      3.94020462   7428.70935883
      1.74000000      3.93877053   7400.26272786
      1.74100000      3.93733643   7371.81597498
      1.74200000      3.93590234   7343.36910017
      1.74300000      3.93446824   7314.92210344
      1.74400000      3.93303415   7286.47498479
      1.74500000      3.93160006   7258.02774422
      1.74600000      3.93016596   7229.58038172
      1.74700000      3.92873187   7201.13289730
      1.74800000      3.92729777   7172.68529095
      1.74900000      3.92586368   7144.23756268
      1.75000000      3.92442959   7115.78971248
      1.75100000      3.92299549   7087.34174035
      1.75200000      3.92156140   7058.89364630
      1.75300000      3.92012730   7030.44543032
      1.75400000      3.91869321   7001.99709240
      1.75500000      3.91725912   6973.54863256
      1.75600000      3.91582502   6945.10005079
      1.75700000      3.91439093   6916.65134709
      1.75800000      3.91295684   6888.20252145
      1.75900000      3.91152274   6859.75357389
      1.76000000      3.91008865   6831.30450439
      1.76100000      3.90865455   6802.85531296
      1.76200000      3.90722046   6774.40599960
      1.76300000      3.90578637   6745.95656430
      1.76400000      3.90435227   6717.50700706
      1.76500000      3.90291818   6689.05732789
      1.76600000      3.90148408   6660.60752678
      1.76700000      3.90004999   6632.15760374
      1.76800000      3.89861590   6603.70755875
      1.76900000      3.89718180   6575.25739183
      1.77000000      3.89574771   6546.80710297
      1.77100000      3.89431361   6518.35669217
      1.77200000      3.89287952   6489.90615943
      1.77300000      3.89144543   6461.45550474
      1.77400000      3.89001133   6433.00472812
      1.77500000      3.88857724   6404.55382955
      1.77600000      3.88714315   6376.10280905
      1.77700000      3.88570905   6347.65166659
      1.77800000      3.88427496   6319.20040219
      1.77900000      3.88284086   6290.74901585
      1.78000000      3.88140677   6262.29750756
      1.78100000      3.87997268   6233.84587733
      1.78200000      3.87853858   6205.39412515
      1.78300000      3.87710449   6176.94225102
      1.78400000      3.87567039   6148.49025495
      1.78500000      3.87423630   6120.03813692
      1.78600000      3.87280221   6091.58589695
      1.78700000      3.87136811   6063.13353502
      1.78800000      3.86993402   6034.68105115
      1.78900000      3.86849992   6006.22844532
      1.79000000      3.86706583   5977.77571754
      1.79100000      3.86563174   5949.32286781
      1.79200000      3.86419764   5920.86989613
      1.79300000      3.86276355   5892.41680249
      1.79400000      3.86132946   5863.96358690
      1.79500000      3.85989536   5835.51024935
      1.79600000      3.85846127   5807.05678985
      1.79700000      3.85702717   5778.60320839
      1.79800000      3.85559308   5750.14950497
      1.79900000      3.85415899   5721.69567960
      1.80000000      3.85272489   5693.24173227
      1.80100000      3.85129080   5664.78766297
      1.80200000      3.84985670   5636.33347172
      1.80300000      3.84842261   5607.87915851
      1.80400000      3.84698852   5579.42472334
      1.80500000      3.84555442   5550.97016621
      1.80600000      3.84412033   5522.51548711
      1.80700000      3.84268623   5494.06068606
      1.80800000      3.84125214   5465.60576303
      1.80900000      3.83981805   5437.15071804
      1.81000000      3.83838395   5408.69555109
      1.81100000      3.83694986   5380.24026218
      1.81200000      3.83551577   5351.78485130
      1.81300000      3.83408167   5323.32931845
      1.81400000      3.83264758   5294.87366363
      1.81500000      3.83121348   5266.41788685
      1.81600000      3.82977939   5237.96198810
      1.81700000      3.82834530   5209.50596738
      1.81800000      3.82691120   5181.04982469
      1.81900000      3.82547711   5152.59356003
      1.82000000      3.82404301   5124.13717339
      1.82100000      3.82260892   5095.68066478
      1.82200000      3.82117483   5067.22403421
      1.82300000      3.81974073   5038.76728166
      1.82400000      3.81830664   5010.31040714
      1.82500000      3.81687254   4981.85341064
      1.82600000      3.81543845   4953.39629217
      1.82700000      3.81400436   4924.93905171
      1.82800000      3.81257026   4896.48168929
      1.82900000      3.81113617   4868.02420489
      1.83000000      3.80970208   4839.56659851
      1.83100000      3.80826798   4811.10887015
      1.83200000      3.80683389   4782.65101982
      1.83300000      3.80539979   4754.19304750
      1.83400000      3.80396570   4725.73495321
      1.83500000      3.80253161   4697.27673694
      1.83600000      3.80109751   4668.81839868
      1.83700000      3.79966342   4640.35993844
      1.83800000      3.79822932   4611.90135622
      1.83900000      3.79679523   4583.44265201
      1.84000000      3.79536114   4554.98382582
      1.84100000      3.79392704   4526.52487765
      1.84200000      3.79249295   4498.06580749
      1.84300000      3.79105885   4469.60661535
      1.84400000      3.78962476   4441.14730122
      1.84500000      3.78819067   4412.68786510
      1.84600000      3.78675657   4384.22830699
      1.84700000      3.78532248   4355.76862690
      1.84800000      3.78388839   4327.30882482
      1.84900000      3.78245429   4298.84890074
      1.85000000      3.78102020   4270.38885468
      1.85100000      3.77958610   4241.92868663
      1.85200000      3.77815201   4213.46839658
      1.85300000      3.77671792   4185.00798455
      1.85400000      3.77528382   4156.54745052
      1.85500000      3.77384973   4128.08679450
      1.85600000      3.77241563   4099.62601648
      1.85700000      3.77098154   4071.16511647
      1.85800000      3.76954745   4042.70409446
      1.85900000      3.76811335   4014.24295045
      1.86000000      3.76667926   3985.78168445
      1.86100000      3.76524517   3957.32029646
      1.86200000      3.76381107   3928.85878646
      1.86300000      3.76237698   3900.39715447
      1.86400000      3.76094288   3871.93540047
      1.86500000      3.75950879   3843.47352448
      1.86600000      3.75807470   3815.01152649
      1.86700000      3.75664060   3786.54940649
      1.86800000      3.75520651   3758.08716450
      1.86900000      3.75377241   3729.62480050
      1.87000000      3.75233832   3701.16231449
      1.87100000      3.75090423   3672.69970649
      1.87200000      3.74947013   3644.23697648
      1.87300000      3.74803604   3615.77412447
      1.87400000      3.74660194   3587.31115045
      1.87500000      3.74516785   3558.84805442
      1.87600000      3.74373376   3530.38483638
      1.87700000      3.74229966   3501.92149634
      1.87800000      3.74086557   3473.45803429
      1.87900000      3.73943148   3444.99445024
      1.88000000      3.73799738   3416.53074417
      1.88100000      3.73656329   3388.06691609
      1.88200000      3.73512919   3359.60296600
      1.88300000      3.73369510   3331.13889391
      1.88400000      3.73226101   3302.67469979
      1.88500000      3.73082691   3274.21038367
      1.88600000      3.72939282   3245.74594553
      1.88700000      3.72795872   3217.28138538
      1.88800000      3.72652463   3188.81670322
      1.88900000      3.72509054   3160.35189903
      1.89000000      3.72365644   3131.88697284
      1.89100000      3.72222235   3103.42192462
      1.89200000      3.72078825   3074.95675439
      1.89300000      3.71935416   3046.49146215
      1.89400000      3.71792007   3018.02604788
      1.89500000      3.71648597   2989.56051159
      1.89600000      3.71505188   2961.09485329
      1.89700000      3.71361779   2932.62907296
      1.89800000      3.71218369   2904.16317061
      1.89900000      3.71074960   2875.69714625
      1.90000000      3.70931550   2847.23099986
      1.90100000      3.70788141   2818.76473144
      1.90200000      3.70644732   2790.29834101
      1.90300000      3.70501322   2761.83182855
      1.90400000      3.70357913   2733.36519406
      1.90500000      3.70214503   2704.89843755
      1.90600000      3.70071094   2676.43155902
      1.90700000      3.69927685   2647.96455845
      1.90800000      3.69784275   2619.49743586
      1.90900000      3.69640866   2591.03019124
      1.91000000      3.69497456   2562.56282459
      1.91100000      3.69354047   2534.09533592
      1.91200000      3.69210638   2505.62772521
      1.91300000      3.69067228   2477.15999247
      1.91400000      3.68923819   2448.69213771
      1.91500000      3.68780410   2420.22416091
      1.91600000      3.68637000   2391.75606207
      1.91700000      3.68493591   2363.28784121
      1.91800000      3.68350181   2334.81949831
      1.91900000      3.68206772   2306.35103338
      1.92000000      3.68063363   2277.88244640
      1.92100000      3.67919953   2249.41373740
      1.92200000      3.67776544   2220.94490636
      1.92300000      3.67633134   2192.47595328
      1.92400000      3.67489725   2164.00687817
      1.92500000      3.67346316   2135.53768101
      1.92600000      3.67202906   2107.06836182
      1.92700000      3.67059497   2078.59892059
      1.92800000      3.66916087   2050.12935732
      1.92900000      3.66772678   2021.65967200
      1.93000000      3.66629269   1993.18986465
      1.93100000      3.66485859   1964.71993525
      1.93200000      3.66342450   1936.24988382
      1.93300000      3.66199041   1907.77971033
      1.93400000      3.66055631   1879.30941481
      1.93500000      3.65912222   1850.83899724
      1.93600000      3.65768812   1822.36845762
      1.93700000      3.65625403   1793.89779596
      1.93800000      3.65481994   1765.42701225
      1.93900000      3.65338584   1736.95610650
      1.94000000      3.65195175   1708.48507869
      1.94100000      3.65051765   1680.01392884
      1.94200000      3.64908356   1651.54265694
      1.94300000      3.64764947   1623.07126299
      1.94400000      3.64621537   1594.59974699
      1.94500000      3.64478128   1566.12810894
      1.94600000      3.64334718   1537.65634883
      1.94700000      3.64191309   1509.18446668
      1.94800000      3.64047900   1480.71246247
      1.94900000      3.63904490   1452.24033621
      1.95000000      3.63761081   1423.76808789
      1.95100000      3.63617672   1395.29571752
      1.95200000      3.63474262   1366.82322510
      1.95300000      3.63330853   1338.35061061
      1.95400000      3.63187443   1309.87787408
      1.95500000      3.63044034   1281.40501548
      1.95600000      3.62900625   1252.93203482
      1.95700000      3.62757215   1224.45893211
      1.95800000      3.62613806   1195.98570734
      1.95900000      3.62470396   1167.51236050
      1.96000000      3.62326987   1139.03889161
      1.96100000      3.62183578   1110.56530066
      1.96200000      3.62040168   1082.09158764
      1.96300000      3.61896759   1053.61775256
      1.96400000      3.61753349   1025.14379542
      1.96500000      3.61609940    996.66971622
      1.96600000      3.61466531    968.19551495
      1.96700000      3.61323121    939.72119161
      1.96800000      3.61179712    911.24674621
      1.96900000      3.61036303    882.77217874
      1.97000000      3.60892893    854.29748921
      1.97100000      3.60749484    825.82267761
      1.97200000      3.60606074    797.34774394
      1.97300000      3.60462665    768.87268820
      1.97400000      3.60319256    740.39751039
      1.97500000      3.60175846    711.92221051
      1.97600000      3.60032437    683.44678856
      1.97700000      3.59889027    654.97124454
      1.97800000      3.59745618    626.49557844
      1.97900000      3.59602209    598.01979028
      1.98000000      3.59458799    569.54388004
      1.98100000      3.59315390    541.06784773
      1.98200000      3.59171980    512.59169334
      1.98300000      3.59028571    484.11541688
      1.98400000      3.58885162    455.63901834
      1.98500000      3.58741752    427.16249772
      1.98600000      3.58598343    398.68585503
      1.98700000      3.58454934    370.20909026
      1.98800000      3.58311524    341.73220341
      1.98900000      3.58168115    313.25519448
      1.99000000      3.58024705    284.77806347
      1.99100000      3.57881296    256.30081039
      1.99200000      3.57737887    227.82343522
      1.99300000      3.57594477    199.34593797
      1.99400000      3.57451068    170.86831863
      1.99500000      3.57307658    142.39057722
      1.99600000      3.57164249    113.91271371
      1.99700000      3.57020840     85.43472813
      1.99800000      3.56877430     56.95662046
      1.99900000      3.56734021     28.47839071
      2.00000000      3.56590611 +3.88671361E-05
      2.00100000      3.56634021      8.62032307
      2.00200000      3.56677430     17.24059609
      2.00300000      3.56720840     25.86085793
      2.00400000      3.56764249     34.48110857
      2.00500000      3.56807658     43.10134804
      2.00600000      3.56851068     51.72157631
      2.00700000      3.56894477     60.34179340
      2.00800000      3.56937887     68.96199930
      2.00900000      3.56981296     77.58219402
      2.01000000      3.57024705     86.20237755
      2.01100000      3.57068115     94.82254990
      2.01200000      3.57111524    103.44271106
      2.01300000      3.57154934    112.06286103
      2.01400000      3.57198343    120.68299982
      2.01500000      3.57241752    129.30312742
      2.01600000      3.57285162    137.92324383
      2.01700000      3.57328571    146.54334906
      2.01800000      3.57371980    155.16344311
      2.01900000      3.57415390    163.78352597
      2.02000000      3.57458799    172.40359764
      2.02100000      3.57502209    181.02365813
      2.02200000      3.57545618    189.64370742
      2.02300000      3.57589027    198.26374554
      2.02400000      3.57632437    206.88377247
      2.02500000      3.57675846    215.50378821
      2.02600000      3.57719256    224.12379277
      2.02700000      3.57762665    232.74378614
      2.02800000      3.57806074    241.36376833
      2.02900000      3.57849484    249.98373933
      2.03000000      3.57892893    258.60369914
      2.03100000      3.57936303    267.22364777
      2.03200000      3.57979712    275.84358522
      2.03300000      3.58023121    284.46351147
      2.03400000      3.58066531    293.08342655
      2.03500000      3.58109940    301.70333043
      2.03600000      3.58153349    310.32322313
      2.03700000      3.58196759    318.94310465
      2.03800000      3.58240168    327.56297498
      2.03900000      3.58283578    336.18283413
      2.04000000      3.58326987    344.80268209
      2.04100000      3.58370396    353.42251886
      2.04200000      3.58413806    362.04234445
      2.04300000      3.58457215    370.66215885
      2.04400000      3.58500625    379.28196207
      2.04500000      3.58544034    387.90175410
      2.04600000      3.58587443    396.52153495
      2.04700000      3.58630853    405.14130461
      2.04800000      3.58674262    413.76106309
      2.04900000      3.58717672    422.38081038
      2.05000000      3.58761081    431.00054649
      2.05100000      3.58804490    439.62027141
      2.05200000      3.58847900    448.23998514
      2.05300000      3.58891309    456.85968769
      2.05400000      3.58934718    465.47937905
      2.05500000      3.58978128    474.09905923
      2.05600000      3.59021537    482.71872823
      2.05700000      3.59064947    491.33838604
      2.05800000      3.59108356    499.95803267
      2.05900000      3.59151765    508.57766810
      2.06000000      3.59195175    517.19729236
      2.06100000      3.59238584    525.81690543
      2.06200000      3.59281994    534.43650731
      2.06300000      3.59325403    543.05609801
      2.06400000      3.59368812    551.67567752
      2.06500000      3.59412222    560.29524585
      2.06600000      3.59455631    568.91480299
      2.06700000      3.59499041    577.53434895
      2.06800000      3.59542450    586.15388373
      2.06900000      3.59585859    594.77340732
      2.07000000      3.59629269    603.39291972
      2.07100000      3.59672678    612.01242094
      2.07200000      3.59716087    620.63191097
      2.07300000      3.59759497    629.25138982
      2.07400000      3.59802906    637.87085749
      2.07500000      3.59846316    646.49031397
      2.07600000      3.59889725    655.10975926
      2.07700000      3.59933134    663.72919337
      2.07800000      3.59976544    672.34861629
      2.07900000      3.60019953    680.96802804
      2.08000000      3.60063363    689.58742859
      2.08100000      3.60106772    698.20681796
      2.08200000      3.60150181    706.82619615
      2.08300000      3.60193591    715.44556315
      2.08400000      3.60237000    724.06491896
      2.08500000      3.60280410    732.68426360
      2.08600000      3.60323819    741.30359704
      2.08700000      3.60367228    749.92291931
      2.08800000      3.60410638    758.54223039
      2.08900000      3.60454047    767.16153028
      2.09000000      3.60497456    775.78081899
      2.09100000      3.60540866    784.40009651
      2.09200000      3.60584275    793.01936285
      2.09300000      3.60627685    801.63861801
      2.09400000      3.60671094    810.25786198
      2.09500000      3.60714503    818.87709476
      2.09600000      3.60757913    827.49631637
      2.09700000      3.60801322    836.11552678
      2.09800000      3.60844732    844.73472602
      2.09900000      3.60888141    853.35391407
      2.10000000      3.60931550    861.97309093
      2.10100000      3.60974960    870.59225661
      2.10200000      3.61018369    879.21141111
      2.10300000      3.61061779    887.83055441
      2.10400000      3.61105188    896.44968654
      2.10500000      3.61148597    905.06880749
      2.10600000      3.61192007    913.68791724
      2.10700000      3.61235416    922.30701581
      2.10800000      3.61278825    930.92610321
      2.10900000      3.61322235    939.54517941
      2.11000000      3.61365644    948.16424443
      2.11100000      3.61409054    956.78329827
      2.11200000      3.61452463    965.40234092
      2.11300000      3.61495872    974.02137239
      2.11400000      3.61539282    982.64039267
      2.11500000      3.61582691    991.25940177
      2.11600000      3.61626101    999.87839969
      2.11700000      3.61669510   1008.49738642
      2.11800000      3.61712919   1017.11636197
      2.11900000      3.61756329   1025.73532633
      2.12000000      3.61799738   1034.35427952
      2.12100000      3.61843148   1042.97322151
      2.12200000      3.61886557   1051.59215232
      2.12300000      3.61929966   1060.21107195
      2.12400000      3.61973376   1068.82998039
      2.12500000      3.62016785   1077.44887765
      2.12600000      3.62060194   1086.06776373
      2.12700000      3.62103604   1094.68663862
      2.12800000      3.62147013   1103.30550233
      2.12900000      3.62190423   1111.92435486
      2.13000000      3.62233832   1120.54319619
      2.13100000      3.62277241   1129.16202635
      2.13200000      3.62320651   1137.78084532
      2.13300000      3.62364060   1146.39965311
      2.13400000      3.62407470   1155.01844972
      2.13500000      3.62450879   1163.63723514
      2.13600000      3.62494288   1172.25600937
      2.13700000      3.62537698   1180.87477243
      2.13800000      3.62581107   1189.49352430
      2.13900000      3.62624517   1198.11226499
      2.14000000      3.62667926   1206.73099449
      2.14100000      3.62711335   1215.34971281
      2.14200000      3.62754745   1223.96841994
      2.14300000      3.62798154   1232.58711589
      2.14400000      3.62841563   1241.20580066
      2.14500000      3.62884973   1249.82447425
      2.14600000      3.62928382   1258.44313665
      2.14700000      3.62971792   1267.06178787
      2.14800000      3.63015201   1275.68042790
      2.14900000      3.63058610   1284.29905675
      2.15000000      3.63102020   1292.91767442
      2.15100000      3.63145429   1301.53628090
      2.15200000      3.63188839   1310.15487620
      2.15300000      3.63232248   1318.77346032
      2.15400000      3.63275657   1327.39203325
      2.15500000      3.63319067   1336.01059500
      2.15600000      3.63362476   1344.62914556
      2.15700000      3.63405885   1353.24768495
      2.15800000      3.63449295   1361.86621315
      2.15900000      3.63492704   1370.48473016
      2.16000000      3.63536114   1379.10323599
      2.16100000      3.63579523   1387.72173064
      2.16200000      3.63622932   1396.34021411
      2.16300000      3.63666342   1404.95868639
      2.16400000      3.63709751   1413.57714749
      2.16500000      3.63753161   1422.19559741
      2.16600000      3.63796570   1430.81403614
      2.16700000      3.63839979   1439.43246369
      2.16800000      3.63883389   1448.05088006
      2.16900000      3.63926798   1456.66928524
      2.17000000      3.63970208   1465.28767924
      2.17100000      3.64013617   1473.90606206
      2.17200000      3.64057026   1482.52443369
      2.17300000      3.64100436   1491.14279414
      2.17400000      3.64143845   1499.76114341
      2.17500000      3.64187254   1508.37948149
      2.17600000      3.64230664   1516.99780840
      2.17700000      3.64274073   1525.61612412
      2.17800000      3.64317483   1534.23442865
      2.17900000      3.64360892   1542.85272200
      2.18000000      3.64404301   1551.47100417
      2.18100000      3.64447711   1560.08927516
      2.18200000      3.64491120   1568.70753496
      2.18300000      3.64534530   1577.32578358
      2.18400000      3.64577939   1585.94402102
      2.18500000      3.64621348   1594.56224728
      2.18600000      3.64664758   1603.18046235
      2.18700000      3.64708167   1611.79866624
      2.18800000      3.64751577   1620.41685895
      2.18900000      3.64794986   1629.03504047
      2.19000000      3.64838395   1637.65321081
      2.19100000      3.64881805   1646.27136996
      2.19200000      3.64925214   1654.88951794
      2.19300000      3.64968623   1663.50765473
      2.19400000      3.65012033   1672.12578034
      2.19500000      3.65055442   1680.74389477
      2.19600000      3.65098852   1689.36199801
      2.19700000      3.65142261   1697.98009008
      2.19800000      3.65185670   1706.59817096
      2.19900000      3.65229080   1715.21624065
      2.20000000      3.65272489   1723.83429916
      2.20100000      3.65315899   1732.45234650
      2.20200000      3.65359308   1741.07038264
      2.20300000      3.65402717   1749.68840761
      2.20400000      3.65446127   1758.30642139
      2.20500000      3.65489536   1766.92442400
      2.20600000      3.65532946   1775.54241541
      2.20700000      3.65576355   1784.16039565
      2.20800000      3.65619764   1792.77836470
      2.20900000      3.65663174   1801.39632257
      2.21000000      3.65706583   1810.01426926
      2.21100000      3.65749992   1818.63220477
      2.21200000      3.65793402   1827.25012909
      2.21300000      3.65836811   1835.86804223
      2.21400000      3.65880221   1844.48594419
      2.21500000      3.65923630   1853.10383497
      2.21600000      3.65967039   1861.72171456
      2.21700000      3.66010449   1870.33958297
      2.21800000      3.66053858   1878.95744020
      2.21900000      3.66097268   1887.57528625
      2.22000000      3.66140677   1896.19312111
      2.22100000      3.66184086   1904.81094479
      2.22200000      3.66227496   1913.42875730
      2.22300000      3.66270905   1922.04655862
      2.22400000      3.66314315   1930.66434875
      2.22500000      3.66357724   1939.28212770
      2.22600000      3.66401133   1947.89989548
      2.22700000      3.66444543   1956.51765207
      2.22800000      3.66487952   1965.13539747
      2.22900000      3.66531361   1973.75313170
      2.23000000      3.66574771   1982.37085474
      2.23100000      3.66618180   1990.98856660
      2.23200000      3.66661590   1999.60626728
      2.23300000      3.66704999   2008.22395678
      2.23400000      3.66748408   2016.84163509
      2.23500000      3.66791818   2025.45930223
      2.23600000      3.66835227   2034.07695818
      2.23700000      3.66878637   2042.69460295
      2.23800000      3.66922046   2051.31223653
      2.23900000      3.66965455   2059.92985894
      2.24000000      3.67008865   2068.54747016
      2.24100000      3.67052274   2077.16507020
      2.24200000      3.67095684   2085.78265906
      2.24300000      3.67139093   2094.40023674
      2.24400000      3.67182502   2103.01780323
      2.24500000      3.67225912   2111.63535855
      2.24600000      3.67269321   2120.25290268
      2.24700000      3.67312730   2128.87043563
      2.24800000      3.67356140   2137.48795740
      2.24900000      3.67399549   2146.10546799
      2.25000000      3.67442959   2154.72296739
      2.25100000      3.67486368   2163.34045561
      2.25200000      3.67529777   2171.95793266
      2.25300000      3.67573187   2180.57539852
      2.25400000      3.67616596   2189.19285320
      2.25500000      3.67660006   2197.81029669
      2.25600000      3.67703415   2206.42772900
      2.25700000      3.67746824   2215.04515014
      2.25800000      3.67790234   2223.66256009
      2.25900000      3.67833643   2232.27995886
      2.26000000      3.67877053   2240.89734645
      2.26100000      3.67920462   2249.51472285
      2.26200000      3.67963871   2258.13208808
      2.26300000      3.68007281   2266.74944212
      2.26400000      3.68050690   2275.36678499
      2.26500000      3.68094099   2283.98411667
      2.26600000      3.68137509   2292.60143717
      2.26700000      3.68180918   2301.21874649
      2.26800000      3.68224328   2309.83604462
      2.26900000      3.68267737   2318.45333158
      2.27000000      3.68311146   2327.07060735
      2.27100000      3.68354556   2335.68787194
      2.27200000      3.68397965   2344.30512536
      2.27300000      3.68441375   2352.92236758
      2.27400000      3.68484784   2361.53959863
      2.27500000      3.68528193   2370.15681850
      2.27600000      3.68571603   2378.77402719
      2.27700000      3.68615012   2387.39122469
      2.27800000      3.68658422   2396.00841101
      2.27900000      3.68701831   2404.62558616
      2.28000000      3.68745240   2413.24275012
      2.28100000      3.68788650   2421.85990290
      2.28200000      3.68832059   2430.47704450
      2.28300000      3.68875468   2439.09417492
      2.28400000      3.68918878   2447.71129415
      2.28500000      3.68962287   2456.32840220
      2.28600000      3.69005697   2464.94549908
      2.28700000      3.69049106   2473.56258477
      2.28800000      3.69092515   2482.17965928
      2.28900000      3.69135925   2490.79672262
      2.29000000      3.69179334   2499.41377477
      2.29100000      3.69222744   2508.03081573
      2.29200000      3.69266153   2516.64784552
      2.29300000      3.69309562   2525.26486413
      2.29400000      3.69352972   2533.88187156
      2.29500000      3.69396381   2542.49886780
      2.29600000      3.69439790   2551.11585286
      2.29700000      3.69483200   2559.73282675
      2.29800000      3.69526609   2568.34978945
      2.29900000      3.69570019   2576.96674097
      2.30000000      3.69613428   2585.58368131
      2.30100000      3.69656837   2594.20061047
      2.30200000      3.69700247   2602.81752845
      2.30300000      3.69743656   2611.43443525
      2.30400000      3.69787066   2620.05133087
      2.30500000      3.69830475   2628.66821530
      2.30600000      3.69873884   2637.28508856
      2.30700000      3.69917294   2645.90195063
      2.30800000      3.69960703   2654.51880153
      2.30900000      3.70004113   2663.13564124
      2.31000000      3.70047522   2671.75246977
      2.31100000      3.70090931   2680.36928713
      2.31200000      3.70134341   2688.98609330
      2.31300000      3.70177750   2697.60288829
      2.31400000      3.70221159   2706.21967210
      2.31500000      3.70264569   2714.83644473
      2.31600000      3.70307978   2723.45320618
      2.31700000      3.70351388   2732.06995645
      2.31800000      3.70394797   2740.68669553
      2.31900000      3.70438206   2749.30342344
      2.32000000      3.70481616   2757.92014017
      2.32100000      3.70525025   2766.53684572
      2.32200000      3.70568435   2775.15354008
      2.32300000      3.70611844   2783.77022327
      2.32400000      3.70655253   2792.38689528
      2.32500000      3.70698663   2801.00355610
      2.32600000      3.70742072   2809.62020574
      2.32700000      3.70785482   2818.23684421
      2.32800000      3.70828891   2826.85347149
      2.32900000      3.70872300   2835.47008759
      2.33000000      3.70915710   2844.08669252
      2.33100000      3.70959119   2852.70328626
      2.33200000      3.71002528   2861.31986882
      2.33300000      3.71045938   2869.93644021
      2.33400000      3.71089347   2878.55300041
      2.33500000      3.71132757   2887.16954943
      2.33600000      3.71176166   2895.78608728
      2.33700000      3.71219575   2904.40261393
      2.33800000      3.71262985   2913.01912942
      2.33900000      3.71306394   2921.63563371
      2.34000000      3.71349804   2930.25212684
      2.34100000      3.71393213   2938.86860878
      2.34200000      3.71436622   2947.48507954
      2.34300000      3.71480032   2956.10153912
      2.34400000      3.71523441   2964.71798752
      2.34500000      3.71566851   2973.33442474
      2.34600000      3.71610260   2981.95085078
      2.34700000      3.71653669   2990.56726564
      2.34800000      3.71697079   2999.18366932
      2.34900000      3.71740488   3007.80006182
      2.35000000      3.71783897   3016.41644314
      2.35100000      3.71827307   3025.03281328
      2.35200000      3.71870716   3033.64917224
      2.35300000      3.71914126   3042.26552003
      2.35400000      3.71957535   3050.88185663
      2.35500000      3.72000944   3059.49818205
      2.35600000      3.72044354   3068.11449629
      2.35700000      3.72087763   3076.73079935
      2.35800000      3.72131173   3085.34709123
      2.35900000      3.72174582   3093.96337193
      2.36000000      3.72217991   3102.57964145
      2.36100000      3.72261401   3111.19589980
      2.36200000      3.72304810   3119.81214696
      2.36300000      3.72348220   3128.42838294
      2.36400000      3.72391629   3137.04460774
      2.36500000      3.72435038   3145.66082137
      2.36600000      3.72478448   3154.27702381
      2.36700000      3.72521857   3162.89321507
      2.36800000      3.72565266   3171.50939516
      2.36900000      3.72608676   3180.12556406
      2.37000000      3.72652085   3188.74172179
      2.37100000      3.72695495   3197.35786833
      2.37200000      3.72738904   3205.97400370
      2.37300000      3.72782313   3214.59012789
      2.37400000      3.72825723   3223.20624089
      2.37500000      3.72869132   3231.82234272
      2.37600000      3.72912542   3240.43843337
      2.37700000      3.72955951   3249.05451283
      2.37800000      3.72999360   3257.67058112
      2.37900000      3.73042770   3266.28663823
      2.38000000      3.73086179   3274.90268416
      2.38100000      3.73129589   3283.51871891
      2.38200000      3.73172998   3292.13474248
      2.38300000      3.73216407   3300.75075488
      2.38400000      3.73259817   3309.36675609
      2.38500000      3.73303226   3317.98274612
      2.38600000      3.73346635   3326.59872497
      2.38700000      3.73390045   3335.21469265
      2.38800000      3.73433454   3343.83064914
      2.38900000      3.73476864   3352.44659446
      2.39000000      3.73520273   3361.06252859
      2.39100000      3.73563682   3369.67845155
      2.39200000      3.73607092   3378.29436333
      2.39300000      3.73650501   3386.91026393
      2.39400000      3.73693911   3395.52615335
      2.39500000      3.73737320   3404.14203159
      2.39600000      3.73780729   3412.75789865
      2.39700000      3.73824139   3421.37375453
      2.39800000      3.73867548   3429.98959923
      2.39900000      3.73910958   3438.60543276
      2.40000000      3.73954367   3447.22125510
      2.40100000      3.73997776   3455.83706627
      2.40200000      3.74041186   3464.45286626
      2.40300000      3.74084595   3473.06865506
      2.40400000      3.74128004   3481.68443269
      2.40500000      3.74171414   3490.30019914
      2.40600000      3.74214823   3498.91595441
      2.40700000      3.74258233   3507.53169850
      2.40800000      3.74301642   3516.14743142
      2.40900000      3.74345051   3524.76315315
      2.41000000      3.74388461   3533.37886370
      2.41100000      3.74431870   3541.99456308
      2.41200000      3.74475280   3550.61025128
      2.41300000      3.74518689   3559.22592830
      2.41400000      3.74562098   3567.84159413
      2.41500000      3.74605508   3576.45724880
      2.41600000      3.74648917   3585.07289228
      2.41700000      3.74692327   3593.68852458
      2.41800000      3.74735736   3602.30414570
      2.41900000      3.74779145   3610.91975565
      2.42000000      3.74822555   3619.53535442
      2.42100000      3.74865964   3628.15094200
      2.42200000      3.74909373   3636.76651841
      2.42300000      3.74952783   3645.38208365
      2.42400000      3.74996192   3653.99763770
      2.42500000      3.75039602   3662.61318057
      2.42600000      3.75083011   3671.22871227
      2.42700000      3.75126420   3679.84423278
      2.42800000      3.75169830   3688.45974212
      2.42900000      3.75213239   3697.07524028
      2.43000000      3.75256649   3705.69072726
      2.43100000      3.75300058   3714.30620306
      2.43200000      3.75343467   3722.92166769
      2.43300000      3.75386877   3731.53712113
      2.43400000      3.75430286   3740.15256340
      2.43500000      3.75473695   3748.76799449
      2.43600000      3.75517105   3757.38341439
      2.43700000      3.75560514   3765.99882313
      2.43800000      3.75603924   3774.61422068
      2.43900000      3.75647333   3783.22960705
      2.44000000      3.75690742   3791.84498225
      2.44100000      3.75734152   3800.46034627
      2.44200000      3.75777561   3809.07569911
      2.44300000      3.75820971   3817.69104077
      2.44400000      3.75864380   3826.30637125
      2.44500000      3.75907789   3834.92169056
      2.44600000      3.75951199   3843.53699868
      2.44700000      3.75994608   3852.15229563
      2.44800000      3.76038018   3860.76758140
      2.44900000      3.76081427   3869.38285599
      2.45000000      3.76124836   3877.99811941
      2.45100000      3.76168246   3886.61337164
      2.45200000      3.76211655   3895.22861270
      2.45300000      3.76255064   3903.84384258
      2.45400000      3.76298474   3912.45906128
      2.45500000      3.76341883   3921.07426880
      2.45600000      3.76385293   3929.68946514
      2.45700000      3.76428702   3938.30465031
      2.45800000      3.76472111   3946.91982430
      2.45900000      3.76515521   3955.53498711
      2.46000000      3.76558930   3964.15013874
      2.46100000      3.76602340   3972.76527920
      2.46200000      3.76645749   3981.38040847
      2.46300000      3.76689158   3989.99552657
      2.46400000      3.76732568   3998.61063349
      2.46500000      3.76775977   4007.22572923
      2.46600000      3.76819387   4015.84081380
      2.46700000      3.76862796   4024.45588718
      2.46800000      3.76906205   4033.07094939
      2.46900000      3.76949615   4041.68600042
      2.47000000      3.76993024   4050.30104028
      2.47100000      3.77036433   4058.91606895
      2.47200000      3.77079843   4067.53108645
      2.47300000      3.77123252   4076.14609277
      2.47400000      3.77166662   4084.76108791
      2.47500000      3.77210071   4093.37607188
      2.47600000      3.77253480   4101.99104466
      2.47700000      3.77296890   4110.60600627
      2.47800000      3.77340299   4119.22095670
      2.47900000      3.77383709   4127.83589596
      2.48000000      3.77427118   4136.45082403
      2.48100000      3.77470527   4145.06574093
      2.48200000      3.77513937   4153.68064665
      2.48300000      3.77557346   4162.29554119
      2.48400000      3.77600756   4170.91042456
      2.48500000      3.77644165   4179.52529675
      2.48600000      3.77687574   4188.14015776
      2.48700000      3.77730984   4196.75500759
      2.48800000      3.77774393   4205.36984624
      2.48900000      3.77817802   4213.98467372
      2.49000000      3.77861212   4222.59949002
      2.49100000      3.77904621   4231.21429515
      2.49200000      3.77948031   4239.82908909
      2.49300000      3.77991440   4248.44387186
      2.49400000      3.78034849   4257.05864345
      2.49500000      3.78078259   4265.67340386
      2.49600000      3.78121668   4274.28815310
      2.49700000      3.78165078   4282.90289115
      2.49800000      3.78208487   4291.51761804
      2.49900000      3.78251896   4300.13233374
      2.50000000      3.78295306   4308.74703826
      2.50100000      3.78338715   4317.36173161
      2.50200000      3.78382125   4325.97641379
      2.50300000      3.78425534   4334.59108478
      2.50400000      3.78468943   4343.20574460
      2.50500000      3.78512353   4351.82039324
      2.50600000      3.78555762   4360.43503070
      2.50700000      3.78599171   4369.04965698
      2.50800000      3.78642581   4377.66427209
      2.50900000      3.78685990   4386.27887603
      2.51000000      3.78729400   4394.89346878
      2.51100000      3.78772809   4403.50805036
      2.51200000      3.78816218   4412.12262076
      2.51300000      3.78859628   4420.73717998
      2.51400000      3.78903037   4429.35172802
      2.51500000      3.78946447   4437.96626489
      2.51600000      3.78989856   4446.58079059
      2.51700000      3.79033265   4455.19530510
      2.51800000      3.79076675   4463.80980844
      2.51900000      3.79120084   4472.42430060
      2.52000000      3.79163494   4481.03878158
      2.52100000      3.79206903   4489.65325139
      2.52200000      3.79250312   4498.26771002
      2.52300000      3.79293722   4506.88215747
      2.52400000      3.79337131   4515.49659375
      2.52500000      3.79380540   4524.11101885
      2.52600000      3.79423950   4532.72543277
      2.52700000      3.79467359   4541.33983552
      2.52800000      3.79510769   4549.95422708
      2.52900000      3.79554178   4558.56860748
      2.53000000      3.79597587   4567.18297669
      2.53100000      3.79640997   4575.79733473
      2.53200000      3.79684406   4584.41168159
      2.53300000      3.79727816   4593.02601728
      2.53400000      3.79771225   4601.64034179
      2.53500000      3.79814634   4610.25465511
      2.53600000      3.79858044   4618.86895727
      2.53700000      3.79901453   4627.48324825
      2.53800000      3.79944863   4636.09752805
      2.53900000      3.79988272   4644.71179668
      2.54000000      3.80031681   4653.32605412
      2.54100000      3.80075091   4661.94030040
      2.54200000      3.80118500   4670.55453549
      2.54300000      3.80161909   4679.16875941
      2.54400000      3.80205319   4687.78297215
      2.54500000      3.80248728   4696.39717372
      2.54600000      3.80292138   4705.01136411
      2.54700000      3.80335547   4713.62554332
      2.54800000      3.80378956   4722.23971136
      2.54900000      3.80422366   4730.85386822
      2.55000000      3.80465775   4739.46801390
      2.55100000      3.80509185   4748.08214841
      2.55200000      3.80552594   4756.69627174
      2.55300000      3.80596003   4765.31038389
      2.55400000      3.80639413   4773.92448487
      2.55500000      3.80682822   4782.53857467
      2.55600000      3.80726232   4791.15265330
      2.55700000      3.80769641   4799.76672075
      2.55800000      3.80813050   4808.38077702
      2.55900000      3.80856460   4816.99482212
      2.56000000      3.80899869   4825.60885604
      2.56100000      3.80943278   4834.22287878
      2.56200000      3.80986688   4842.83689035
      2.56300000      3.81030097   4851.45089074
      2.56400000      3.81073507   4860.06487996
      2.56500000      3.81116916   4868.67885799
      2.56600000      3.81160325   4877.29282486
      2.56700000      3.81203735   4885.90678054
      2.56800000      3.81247144   4894.52072506
      2.56900000      3.81290554   4903.13465839
      2.57000000      3.81333963   4911.74858055
      2.57100000      3.81377372   4920.36249153
      2.57200000      3.81420782   4928.97639134
      2.57300000      3.81464191   4937.59027997
      2.57400000      3.81507600   4946.20415742
      2.57500000      3.81551010   4954.81802370
      2.57600000      3.81594419   4963.43187880
      2.57700000      3.81637829   4972.04572273
      2.57800000      3.81681238   4980.65955548
      2.57900000      3.81724647   4989.27337706
      2.58000000      3.81768057   4997.88718746
      2.58100000      3.81811466   5006.50098668
      2.58200000      3.81854876   5015.11477473
      2.58300000      3.81898285   5023.72855160
      2.58400000      3.81941694   5032.34231729
      2.58500000      3.81985104   5040.95607181
      2.58600000      3.82028513   5049.56981516
      2.58700000      3.82071923   5058.18354733
      2.58800000      3.82115332   5066.79726832
      2.58900000      3.82158741   5075.41097813
      2.59000000      3.82202151   5084.02467678
      2.59100000      3.82245560   5092.63836424
      2.59200000      3.82288969   5101.25204053
      2.59300000      3.82332379   5109.86570565
      2.59400000      3.82375788   5118.47935959
      2.59500000      3.82419198   5127.09300234
      2.59600000      3.82462607   5135.70663393
      2.59700000      3.82506016   5144.32025435
      2.59800000      3.82549426   5152.93386358
      2.59900000      3.82592835   5161.54746164
      2.60000000      3.82636245   5170.16104853
      2.60100000      3.82679654   5178.77462424
      2.60200000      3.82723063   5187.38818877
      2.60300000      3.82766473   5196.00174213
      2.60400000      3.82809882   5204.61528431
      2.60500000      3.82853292   5213.22881532
      2.60600000      3.82896701   5221.84233515
      2.60700000      3.82940110   5230.45584381
      2.60800000      3.82983520   5239.06934129
      2.60900000      3.83026929   5247.68282760
      2.61000000      3.83070338   5256.29630273
      2.61100000      3.83113748   5264.90976668
      2.61200000      3.83157157   5273.52321946
      2.61300000      3.83200567   5282.13666106
      2.61400000      3.83243976   5290.75009149
      2.61500000      3.83287385   5299.36351075
      2.61600000      3.83330795   5307.97691883
      2.61700000      3.83374204   5316.59031573
      2.61800000      3.83417614   5325.20370146
      2.61900000      3.83461023   5333.81707601
      2.62000000      3.83504432   5342.43043939
      2.62100000      3.83547842   5351.04379159
      2.62200000      3.83591251   5359.65713262
      2.62300000      3.83634661   5368.27046247
      2.62400000      3.83678070   5376.88378115
      2.62500000      3.83721479   5385.49708865
      2.62600000      3.83764889   5394.11038498
      2.62700000      3.83808298   5402.72367013
      2.62800000      3.83851707   5411.33694411
      2.62900000      3.83895117   5419.95020691
      2.63000000      3.83938526   5428.56345854
      2.63100000      3.83981936   5437.17669899
      2.63200000      3.84025345   5445.78992827
      2.63300000      3.84068754   5454.40314637
      2.63400000      3.84112164   5463.01635330
      2.63500000      3.84155573   5471.62954905
      2.63600000      3.84198983   5480.24273363
      2.63700000      3.84242392   5488.85590703
      2.63800000      3.84285801   5497.46906926
      2.63900000      3.84329211   5506.08222031
      2.64000000      3.84372620   5514.69536019
      2.64100000      3.84416030   5523.30848889
      2.64200000      3.84459439   5531.92160642
      2.64300000      3.84502848   5540.53471277
      2.64400000      3.84546258   5549.14780795
      2.64500000      3.84589667   5557.76089196
      2.64600000      3.84633076   5566.37396479
      2.64700000      3.84676486   5574.98702644
      2.64800000      3.84719895   5583.60007692
      2.64900000      3.84763305   5592.21311623
      2.65000000      3.84806714   5600.82614436
      2.65100000      3.84850123   5609.43916131
      2.65200000      3.84893533   5618.05216710
      2.65300000      3.84936942   5626.66516170
      2.65400000      3.84980352   5635.27814513
      2.65500000      3.85023761   5643.89111739
      2.65600000      3.85067170   5652.50407848
      2.65700000      3.85110580   5661.11702839
      2.65800000      3.85153989   5669.72996712
      2.65900000      3.85197399   5678.34289468
      2.66000000      3.85240808   5686.95581106
      2.66100000      3.85284217   5695.56871628
      2.66200000      3.85327627   5704.18161031
      2.66300000      3.85371036   5712.79449317
      2.66400000      3.85414445   5721.40736486
      2.66500000      3.85457855   5730.02022537
      2.66600000      3.85501264   5738.63307471
      2.66700000      3.85544674   5747.24591288
      2.66800000      3.85588083   5755.85873987
      2.66900000      3.85631492   5764.47155569
      2.67000000      3.85674902   5773.08436032
      2.67100000      3.85718311   5781.69715379
      2.67200000      3.85761721   5790.30993608
      2.67300000      3.85805130   5798.92270720
      2.67400000      3.85848539   5807.53546715
      2.67500000      3.85891949   5816.14821592
      2.67600000      3.85935358   5824.76095352
      2.67700000      3.85978768   5833.37367994
      2.67800000      3.86022177   5841.98639518
      2.67900000      3.86065586   5850.59909926
      2.68000000      3.86108996   5859.21179216
      2.68100000      3.86152405   5867.82447388
      2.68200000      3.86195814   5876.43714443
      2.68300000      3.86239224   5885.04980381
      2.68400000      3.86282633   5893.66245201
      2.68500000      3.86326043   5902.27508904
      2.68600000      3.86369452   5910.88771490
      2.68700000      3.86412861   5919.50032958
      2.68800000      3.86456271   5928.11293309
      2.68900000      3.86499680   5936.72552542
      2.69000000      3.86543090   5945.33810658
      2.69100000      3.86586499   5953.95067656
      2.69200000      3.86629908   5962.56323538
      2.69300000      3.86673318   5971.17578301
      2.69400000      3.86716727   5979.78831948
      2.69500000      3.86760137   5988.40084477
      2.69600000      3.86803546   5997.01335888
      2.69700000      3.86846955   6005.62586183
      2.69800000      3.86890365   6014.23835360
      2.69900000      3.86933774   6022.85083419
      2.70000000      3.86977183   6031.46330361
      2.70100000      3.87020593   6040.07576186
      2.70200000      3.87064002   6048.68820893
      2.70300000      3.87107412   6057.30064483
      2.70400000      3.87150821   6065.91306956
      2.70500000      3.87194230   6074.52548311
      2.70600000      3.87237640   6083.13788549
      2.70700000      3.87281049   6091.75027669
      2.70800000      3.87324459   6100.36265672
      2.70900000      3.87367868   6108.97502558
      2.71000000      3.87411277   6117.58738326
      2.71100000      3.87454687   6126.19972978
      2.71200000      3.87498096   6134.81206511
      2.71300000      3.87541506   6143.42438927
      2.71400000      3.87584915   6152.03670227
      2.71500000      3.87628324   6160.64900408
      2.71600000      3.87671734   6169.26129473
      2.71700000      3.87715143   6177.87357420
      2.71800000      3.87758552   6186.48584249
      2.71900000      3.87801962   6195.09809962
      2.72000000      3.87845371   6203.71034557
      2.72100000      3.87888781   6212.32258034
      2.72200000      3.87932190   6220.93480394
      2.72300000      3.87975599   6229.54701637
      2.72400000      3.88019009   6238.15921763
      2.72500000      3.88062418   6246.77140771
      2.72600000      3.88105828   6255.38358662
      2.72700000      3.88149237   6263.99575436
      2.72800000      3.88192646   6272.60791092
      2.72900000      3.88236056   6281.22005631
      2.73000000      3.88279465   6289.83219052
      2.73100000      3.88322874   6298.44431357
      2.73200000      3.88366284   6307.05642544
      2.73300000      3.88409693   6315.66852613
      2.73400000      3.88453103   6324.28061566
      2.73500000      3.88496512   6332.89269401
      2.73600000      3.88539921   6341.50476118
      2.73700000      3.88583331   6350.11681719
      2.73800000      3.88626740   6358.72886202
      2.73900000      3.88670150   6367.34089568
      2.74000000      3.88713559   6375.95291816
      2.74100000      3.88756968   6384.56492947
      2.74200000      3.88800378   6393.17692961
      2.74300000      3.88843787   6401.78891858
      2.74400000      3.88887197   6410.40089637
      2.74500000      3.88930606   6419.01286299
      2.74600000      3.88974015   6427.62481844
      2.74700000      3.89017425   6436.23676272
      2.74800000      3.89060834   6444.84869581
      2.74900000      3.89104243   6453.46061774
      2.75000000      3.89147653   6462.07252849
      2.75100000      3.89191062   6470.68442808
      2.75200000      3.89234472   6479.29631649
      2.75300000      3.89277881   6487.90819373
      2.75400000      3.89321290   6496.52005979
      2.75500000      3.89364700   6505.13191468
      2.75600000      3.89408109   6513.74375840
      2.75700000      3.89451519   6522.35559095
      2.75800000      3.89494928   6530.96741232
      2.75900000      3.89538337   6539.57922252
      2.76000000      3.89581747   6548.19102155
      2.76100000      3.89625156   6556.80280940
      2.76200000      3.89668566   6565.41458608
      2.76300000      3.89711975   6574.02635159
      2.76400000      3.89755384   6582.63810593
      2.76500000      3.89798794   6591.24984909
      2.76600000      3.89842203   6599.86158108
      2.76700000      3.89885612   6608.47330190
      2.76800000      3.89929022   6617.08501155
      2.76900000      3.89972431   6625.69671002
      2.77000000      3.90015841   6634.30839732
      2.77100000      3.90059250   6642.92007345
      2.77200000      3.90102659   6651.53173841
      2.77300000      3.90146069   6660.14339219
      2.77400000      3.90189478   6668.75503481
      2.77500000      3.90232888   6677.36666625
      2.77600000      3.90276297   6685.97828651
      2.77700000      3.90319706   6694.58989561
      2.77800000      3.90363116   6703.20149353
      2.77900000      3.90406525   6711.81308028
      2.78000000      3.90449935   6720.42465585
      2.78100000      3.90493344   6729.03622026
      2.78200000      3.90536753   6737.64777349
      2.78300000      3.90580163   6746.25931555
      2.78400000      3.90623572   6754.87084644
      2.78500000      3.90666981   6763.48236616
      2.78600000      3.90710391   6772.09387470
      2.78700000      3.90753800   6780.70537207
      2.78800000      3.90797210   6789.31685827
      2.78900000      3.90840619   6797.92833330
      2.79000000      3.90884028   6806.53979715
      2.79100000      3.90927438   6815.15124983
      2.79200000      3.90970847   6823.76269134
      2.79300000      3.91014257   6832.37412168
      2.79400000      3.91057666   6840.98554085
      2.79500000      3.91101075   6849.59694885
      2.79600000      3.91144485   6858.20834566
      2.79700000      3.91187894   6866.81973132
      2.79800000      3.91231304   6875.43110579
      2.79900000      3.91274713   6884.04246910
      2.80000000      3.91318122   6892.65382123
      2.80100000      3.91361532   6901.26516219
      2.80200000      3.91404941   6909.87649198
      2.80300000      3.91448350   6918.48781060
      2.80400000      3.91491760   6927.09911805
      2.80500000      3.91535169   6935.71041433
      2.80600000      3.91578579   6944.32169943
      2.80700000      3.91621988   6952.93297336
      2.80800000      3.91665397   6961.54423612
      2.80900000      3.91708807   6970.15548770
      2.81000000      3.91752216   6978.76672812
      2.81100000      3.91795626   6987.37795736
      2.81200000      3.91839035   6995.98917543
      2.81300000      3.91882444   7004.60038233
      2.81400000      3.91925854   7013.21157806
      2.81500000      3.91969263   7021.82276262
      2.81600000      3.92012673   7030.43393600
      2.81700000      3.92056082   7039.04509822
      2.81800000      3.92099491   7047.65624925
      2.81900000      3.92142901   7056.26738912
      2.82000000      3.92186310   7064.87851782
      2.82100000      3.92229719   7073.48963535
      2.82200000      3.92273129   7082.10074170
      2.82300000      3.92316538   7090.71183689
      2.82400000      3.92359948   7099.32292090
      2.82500000      3.92403357   7107.93399374
      2.82600000      3.92446766   7116.54505541
      2.82700000      3.92490176   7125.15610590
      2.82800000      3.92533585   7133.76714523
      2.82900000      3.92576995   7142.37817338
      2.83000000      3.92620404   7150.98919036
      2.83100000      3.92663813   7159.60019617
      2.83200000      3.92707223   7168.21119081
      2.83300000      3.92750632   7176.82217428
      2.83400000      3.92794042   7185.43314658
      2.83500000      3.92837451   7194.04410771
      2.83600000      3.92880860   7202.65505766
      2.83700000      3.92924270   7211.26599644
      2.83800000      3.92967679   7219.87692405
      2.83900000      3.93011088   7228.48784049
      2.84000000      3.93054498   7237.09874576
      2.84100000      3.93097907   7245.70963986
      2.84200000      3.93141317   7254.32052279
      2.84300000      3.93184726   7262.93139454
      2.84400000      3.93228135   7271.54225512
      2.84500000      3.93271545   7280.15310454
      2.84600000      3.93314954   7288.76394278
      2.84700000      3.93358364   7297.37476985
      2.84800000      3.93401773   7305.98558575
      2.84900000      3.93445182   7314.59639048
      2.85000000      3.93488592   7323.20718403
      2.85100000      3.93532001   7331.81796642
      2.85200000      3.93575411   7340.42873763
      2.85300000      3.93618820   7349.03949768
      2.85400000      3.93662229   7357.65024655
      2.85500000      3.93705639   7366.26098425
      2.85600000      3.93749048   7374.87171078
      2.85700000      3.93792457   7383.48242614
      2.85800000      3.93835867   7392.09313033
      2.85900000      3.93879276   7400.70382335
      2.86000000      3.93922686   7409.31450520
      2.86100000      3.93966095   7417.92517587
      2.86200000      3.94009504   7426.53583538
      2.86300000      3.94052914   7435.14648371
      2.86400000      3.94096323   7443.75712088
      2.86500000      3.94139733   7452.36774687
      2.86600000      3.94183142   7460.97836169
      2.86700000      3.94226551   7469.58896534
      2.86800000      3.94269961   7478.19955782
      2.86900000      3.94313370   7486.81013913
      2.87000000      3.94356779   7495.42070927
      2.87100000      3.94400189   7504.03126824
      2.87200000      3.94443598   7512.64181603
      2.87300000      3.94487008   7521.25235266
      2.87400000      3.94530417   7529.86287811
      2.87500000      3.94573826   7538.47339240
      2.87600000      3.94617236   7547.08389552
      2.87700000      3.94660645   7555.69438746
      2.87800000      3.94704055   7564.30486823
      2.87900000      3.94747464   7572.91533783
      2.88000000      3.94790873   7581.52579626
      2.88100000      3.94834283   7590.13624353
      2.88200000      3.94877692   7598.74667962
      2.88300000      3.94921102   7607.35710454
      2.88400000      3.94964511   7615.96751829
      2.88500000      3.95007920   7624.57792087
      2.88600000      3.95051330   7633.18831228
      2.88700000      3.95094739   7641.79869252
      2.88800000      3.95138148   7650.40906158
      2.88900000      3.95181558   7659.01941948
      2.89000000      3.95224967   7667.62976621
      2.89100000      3.95268377   7676.24010176
      2.89200000      3.95311786   7684.85042615
      2.89300000      3.95355195   7693.46073937
      2.89400000      3.95398605   7702.07104141
      2.89500000      3.95442014   7710.68133229
      2.89600000      3.95485424   7719.29161199
      2.89700000      3.95528833   7727.90188053
      2.89800000      3.95572242   7736.51213789
      2.89900000      3.95615652   7745.12238409
      2.90000000      3.95659061   7753.73261911
      2.90100000      3.95702471   7762.34284297
      2.90200000      3.95745880   7770.95305565
      2.90300000      3.95789289   7779.56325716
      2.90400000      3.95832699   7788.17344751
      2.90500000      3.95876108   7796.78362668
      2.90600000      3.95919517   7805.39379468
      2.90700000      3.95962927   7814.00395152
      2.90800000      3.96006336   7822.61409718
      2.90900000      3.96049746   7831.22423167
      2.91000000      3.96093155   7839.83435499
      2.91100000      3.96136564   7848.44446715
      2.91200000      3.96179974   7857.05456813
      2.91300000      3.96223383   7865.66465795
      2.91400000      3.96266793   7874.27473659
      2.91500000      3.96310202   7882.88480406
      2.91600000      3.96353611   7891.49486036
      2.91700000      3.96397021   7900.10490549
      2.91800000      3.96440430   7908.71493946
      2.91900000      3.96483840   7917.32496225
      2.92000000      3.96527249   7925.93497387
      2.92100000      3.96570658   7934.54497433
      2.92200000      3.96614068   7943.15496361
      2.92300000      3.96657477   7951.76494173
      2.92400000      3.96700886   7960.37490867
      2.92500000      3.96744296   7968.98486445
      2.92600000      3.96787705   7977.59480905
      2.92700000      3.96831115   7986.20474249
      2.92800000      3.96874524   7994.81466475
      2.92900000      3.96917933   8003.42457585
      2.93000000      3.96961343   8012.03447577
      2.93100000      3.97004752   8020.64436453
      2.93200000      3.97048162   8029.25424211
      2.93300000      3.97091571   8037.86410853
      2.93400000      3.97134980   8046.47396378
      2.93500000      3.97178390   8055.08380786
      2.93600000      3.97221799   8063.69364076
      2.93700000      3.97265209   8072.30346250
      2.93800000      3.97308618   8080.91327307
      2.93900000      3.97352027   8089.52307247
      2.94000000      3.97395437   8098.13286070
      2.94100000      3.97438846   8106.74263776
      2.94200000      3.97482255   8115.35240365
      2.94300000      3.97525665   8123.96215838
      2.94400000      3.97569074   8132.57190193
      2.94500000      3.97612484   8141.18163431
      2.94600000      3.97655893   8149.79135552
      2.94700000      3.97699302   8158.40106556
      2.94800000      3.97742712   8167.01076444
      2.94900000      3.97786121   8175.62045215
      2.95000000      3.97829531   8184.23012868
      2.95100000      3.97872940   8192.83979405
      2.95200000      3.97916349   8201.44944824
      2.95300000      3.97959759   8210.05909127
      2.95400000      3.98003168   8218.66872313
      2.95500000      3.98046578   8227.27834382
      2.95600000      3.98089987   8235.88795334
      2.95700000      3.98133396   8244.49755169
      2.95800000      3.98176806   8253.10713887
      2.95900000      3.98220215   8261.71671489
      2.96000000      3.98263624   8270.32627973
      2.96100000      3.98307034   8278.93583341
      2.96200000      3.98350443   8287.54537591
      2.96300000      3.98393853   8296.15490724
      2.96400000      3.98437262   8304.76442741
      2.96500000      3.98480671   8313.37393641
      2.96600000      3.98524081   8321.98343424
      2.96700000      3.98567490   8330.59292090
      2.96800000      3.98610900   8339.20239639
      2.96900000      3.98654309   8347.81186071
      2.97000000      3.98697718   8356.42131386
      2.97100000      3.98741128   8365.03075585
      2.97200000      3.98784537   8373.64018666
      2.97300000      3.98827947   8382.24960631
      2.97400000      3.98871356   8390.85901478
      2.97500000      3.98914765   8399.46841209
      2.97600000      3.98958175   8408.07779823
      2.97700000      3.99001584   8416.68717320
      2.97800000      3.99044993   8425.29653700
      2.97900000      3.99088403   8433.90588964
      2.98000000      3.99131812   8442.51523110
      2.98100000      3.99175222   8451.12456139
      2.98200000      3.99218631   8459.73388052
      2.98300000      3.99262040   8468.34318848
      2.98400000      3.99305450   8476.95248527
      2.98500000      3.99348859   8485.56177089
      2.98600000      3.99392269   8494.17104534
      2.98700000      3.99435678   8502.78030862
      2.98800000      3.99479087   8511.38956074
      2.98900000      3.99522497   8519.99880168
      2.99000000      3.99565906   8528.60803146
      2.99100000      3.99609316   8537.21725007
      2.99200000      3.99652725   8545.82645751
      2.99300000      3.99696134   8554.43565378
      2.99400000      3.99739544   8563.04483888
      2.99500000      3.99782953   8571.65401281
      2.99600000      3.99826362   8580.26317558
      2.99700000      3.99869772   8588.87232718
      2.99800000      3.99913181   8597.48146760
      2.99900000      3.99956591   8606.09059686
      3.00000000      4.00000000   8614.69971496
      3.00100000      4.00400000   8694.02873892
      3.00200000      4.00800000   8773.35681460
      3.00300000      4.01200000   8852.68394200
      3.00400000      4.01600000   8932.01012116
      3.00500000      4.02000000   9011.33535206
      3.00600000      4.02400000   9090.65963475
      3.00700000      4.02800000   9169.98296921
      3.00800000      4.03200000   9249.30535547
      3.00900000      4.03600000   9328.62679355
      3.01000000      4.04000000   9407.94728345
      3.01100000      4.04400000   9487.26682520
      3.01200000      4.04800000   9566.58541880
      3.01300000      4.05200000   9645.90306426
      3.01400000      4.05600000   9725.21976161
      3.01500000      4.06000000   9804.53551085
      3.01600000      4.06400000   9883.85031201
      3.01700000      4.06800000   9963.16416508
      3.01800000      4.07200000  10042.47707010
      3.01900000      4.07600000  10121.78902706
      3.02000000      4.08000000  10201.10003600
      3.02100000      4.08400000  10280.41009690
      3.02200000      4.08800000  10359.71920980
      3.02300000      4.09200000  10439.02737472
      3.02400000      4.09600000  10518.33459165
      3.02500000      4.10000000  10597.64086061
      3.02600000      4.10400000  10676.94618162
      3.02700000      4.10800000  10756.25055470
      3.02800000      4.11200000  10835.55397985
      3.02900000      4.11600000  10914.85645709
      3.03000000      4.12000000  10994.15798643
      3.03100000      4.12400000  11073.45856789
      3.03200000      4.12800000  11152.75820149
      3.03300000      4.13200000  11232.05688722
      3.03400000      4.13600000  11311.35462512
      3.03500000      4.14000000  11390.65141519
      3.03600000      4.14400000  11469.94725744
      3.03700000      4.14800000  11549.24215190
      3.03800000      4.15200000  11628.53609857
      3.03900000      4.15600000  11707.82909747
      3.04000000      4.16000000  11787.12114861
      3.04100000      4.16400000  11866.41225201
      3.04200000      4.16800000  11945.70240767
      3.04300000      4.17200000  12024.99161562
      3.04400000      4.17600000  12104.27987587
      3.04500000      4.18000000  12183.56718843
      3.04600000      4.18400000  12262.85355331
      3.04700000      4.18800000  12342.13897054
      3.04800000      4.19200000  12421.42344011
      3.04900000      4.19600000  12500.70696206
      3.05000000      4.20000000  12579.98953638
      3.05100000      4.20400000  12659.27116309
      3.05200000      4.20800000  12738.55184222
      3.05300000      4.21200000  12817.83157376
      3.05400000      4.21600000  12897.11035775
      3.05500000      4.22000000  12976.38819418
      3.05600000      4.22400000  13055.66508308
      3.05700000      4.22800000  13134.94102445
      3.05800000      4.23200000  13214.21601831
      3.05900000      4.23600000  13293.49006468
      3.06000000      4.24000000  13372.76316357
      3.06100000      4.24400000  13452.03531500
      3.06200000      4.24800000  13531.30651896
      3.06300000      4.25200000  13610.57677549
      3.06400000      4.25600000  13689.84608459
      3.06500000      4.26000000  13769.11444628
      3.06600000      4.26400000  13848.38186057
      3.06700000      4.26800000  13927.64832748
      3.06800000      4.27200000  14006.91384702
      3.06900000      4.27600000  14086.17841920
      3.07000000      4.28000000  14165.44204404
      3.07100000      4.28400000  14244.70472155
      3.07200000      4.28800000  14323.96645174
      3.07300000      4.29200000  14403.22723463
      3.07400000      4.29600000  14482.48707024
      3.07500000      4.30000000  14561.74595857
      3.07600000      4.30400000  14641.00389964
      3.07700000      4.30800000  14720.26089347
      3.07800000      4.31200000  14799.51694007
      3.07900000      4.31600000  14878.77203944
      3.08000000      4.32000000  14958.02619161
      3.08100000      4.32400000  15037.27939659
      3.08200000      4.32800000  15116.53165439
      3.08300000      4.33200000  15195.78296504
      3.08400000      4.33600000  15275.03332853
      3.08500000      4.34000000  15354.28274489
      3.08600000      4.34400000  15433.53121412
      3.08700000      4.34800000  15512.77873625
      3.08800000      4.35200000  15592.02531128
      3.08900000      4.35600000  15671.27093924
      3.09000000      4.36000000  15750.51562012
      3.09100000      4.36400000  15829.75935396
      3.09200000      4.36800000  15909.00214076
      3.09300000      4.37200000  15988.24398053
      3.09400000      4.37600000  16067.48487329
      3.09500000      4.38000000  16146.72481906
      3.09600000      4.38400000  16225.96381784
      3.09700000      4.38800000  16305.20186965
      3.09800000      4.39200000  16384.43897451
      3.09900000      4.39600000  16463.67513243
      3.10000000      4.40000000  16542.91034341
      3.10100000      4.40400000  16622.14460749
      3.10200000      4.40800000  16701.37792466
      3.10300000      4.41200000  16780.61029495
      3.10400000      4.41600000  16859.84171836
      3.10500000      4.42000000  16939.07219492
      3.10600000      4.42400000  17018.30172463
      3.10700000      4.42800000  17097.53030752
      3.10800000      4.43200000  17176.75794358
      3.10900000      4.43600000  17255.98463284
      3.11000000      4.44000000  17335.21037531
      3.11100000      4.44400000  17414.43517100
      3.11200000      4.44800000  17493.65901994
      3.11300000      4.45200000  17572.88192212
      3.11400000      4.45600000  17652.10387757
      3.11500000      4.46000000  17731.32488630
      3.11600000      4.46400000  17810.54494833
      3.11700000      4.46800000  17889.76406366
      3.11800000      4.47200000  17968.98223231
      3.11900000      4.47600000  18048.19945429
      3.12000000      4.48000000  18127.41572963
      3.12100000      4.48400000  18206.63105833
      3.12200000      4.48800000  18285.84544041
      3.12300000      4.49200000  18365.05887587
      3.12400000      4.49600000  18444.27136474
      3.12500000      4.50000000  18523.48290703
      3.12600000      4.50400000  18602.69350275
      3.12700000      4.50800000  18681.90315191
      3.12800000      4.51200000  18761.11185453
      3.12900000      4.51600000  18840.31961063
      3.13000000      4.52000000  18919.52642021
      3.13100000      4.52400000  18998.73228330
      3.13200000      4.52800000  19077.93719990
      3.13300000      4.53200000  19157.14117002
      3.13400000      4.53600000  19236.34419369
      3.13500000      4.54000000  19315.54627092
      3.13600000      4.54400000  19394.74740171
      3.13700000      4.54800000  19473.94758609
      3.13800000      4.55200000  19553.14682407
      3.13900000      4.55600000  19632.34511566
      3.14000000      4.56000000  19711.54246087
      3.14100000      4.56400000  19790.73885973
      3.14200000      4.56800000  19869.93431223
      3.14300000      4.57200000  19949.12881840
      3.14400000      4.57600000  20028.32237825
      3.14500000      4.58000000  20107.51499180
      3.14600000      4.58400000  20186.70665905
      3.14700000      4.58800000  20265.89738003
      3.14800000      4.59200000  20345.08715474
      3.14900000      4.59600000  20424.27598321
      3.15000000      4.60000000  20503.46386543
      3.15100000      4.60400000  20582.65080144
      3.15200000      4.60800000  20661.83679123
      3.15300000      4.61200000  20741.02183483
      3.15400000      4.61600000  20820.20593224
      3.15500000      4.62000000  20899.38908349
      3.15600000      4.62400000  20978.57128859
      3.15700000      4.62800000  21057.75254754
      3.15800000      4.63200000  21136.93286037
      3.15900000      4.63600000  21216.11222709
      3.16000000      4.64000000  21295.29064771
      3.16100000      4.64400000  21374.46812224
      3.16200000      4.64800000  21453.64465070
      3.16300000      4.65200000  21532.82023311
      3.16400000      4.65600000  21611.99486947
      3.16500000      4.66000000  21691.16855980
      3.16600000      4.66400000  21770.34130412
      3.16700000      4.66800000  21849.51310244
      3.16800000      4.67200000  21928.68395477
      3.16900000      4.67600000  22007.85386112
      3.17000000      4.68000000  22087.02282151
      3.17100000      4.68400000  22166.19083596
      3.17200000      4.68800000  22245.35790447
      3.17300000      4.69200000  22324.52402707
      3.17400000      4.69600000  22403.68920376
      3.17500000      4.70000000  22482.85343456
      3.17600000      4.70400000  22562.01671948
      3.17700000      4.70800000  22641.17905853
      3.17800000      4.71200000  22720.34045174
      3.17900000      4.71600000  22799.50089911
      3.18000000      4.72000000  22878.66040066
      3.18100000      4.72400000  22957.81895640
      3.18200000      4.72800000  23036.97656634
      3.18300000      4.73200000  23116.13323051
      3.18400000      4.73600000  23195.28894891
      3.18500000      4.74000000  23274.44372155
      3.18600000      4.74400000  23353.59754846
      3.18700000      4.74800000  23432.75042964
      3.18800000      4.75200000  23511.90236511
      3.18900000      4.75600000  23591.05335488
      3.19000000      4.76000000  23670.20339897
      3.19100000      4.76400000  23749.35249738
      3.19200000      4.76800000  23828.50065014
      3.19300000      4.77200000  23907.64785725
      3.19400000      4.77600000  23986.79411874
      3.19500000      4.78000000  24065.93943461
      3.19600000      4.78400000  24145.08380488
      3.19700000      4.78800000  24224.22722957
      3.19800000      4.79200000  24303.36970868
      3.19900000      4.79600000  24382.51124222
      3.20000000      4.80000000  24461.65183022
      3.20100000      4.80400000  24540.79147270
      3.20200000      4.80800000  24619.93016965
      3.20300000      4.81200000  24699.06792110
      3.20400000      4.81600000  24778.20472705
      3.20500000      4.82000000  24857.34058753
      3.20600000      4.82400000  24936.47550255
      3.20700000      4.82800000  25015.60947211
      3.20800000      4.83200000  25094.74249624
      3.20900000      4.83600000  25173.87457495
      3.21000000      4.84000000  25253.00570825
      3.21100000      4.84400000  25332.13589616
      3.21200000      4.84800000  25411.26513868
      3.21300000      4.85200000  25490.39343585
      3.21400000      4.85600000  25569.52078765
      3.21500000      4.86000000  25648.64719412
      3.21600000      4.86400000  25727.77265526
      3.21700000      4.86800000  25806.89717109
      3.21800000      4.87200000  25886.02074162
      3.21900000      4.87600000  25965.14336687
      3.22000000      4.88000000  26044.26504685
      3.22100000      4.88400000  26123.38578157
      3.22200000      4.88800000  26202.50557105
      3.22300000      4.89200000  26281.62441530
      3.22400000      4.89600000  26360.74231434
      3.22500000      4.90000000  26439.85926817
      3.22600000      4.90400000  26518.97527682
      3.22700000      4.90800000  26598.09034029
      3.22800000      4.91200000  26677.20445861
      3.22900000      4.91600000  26756.31763178
      3.23000000      4.92000000  26835.42985981
      3.23100000      4.92400000  26914.54114273
      3.23200000      4.92800000  26993.65148054
      3.23300000      4.93200000  27072.76087326
      3.23400000      4.93600000  27151.86932091
      3.23500000      4.94000000  27230.97682349
      3.23600000      4.94400000  27310.08338103
      3.23700000      4.94800000  27389.18899352
      3.23800000      4.95200000  27468.29366100
      3.23900000      4.95600000  27547.39738347
      3.24000000      4.96000000  27626.50016094
      3.24100000      4.96400000  27705.60199343
      3.24200000      4.96800000  27784.70288096
      3.24300000      4.97200000  27863.80282353
      3.24400000      4.97600000  27942.90182117
      3.24500000      4.98000000  28021.99987388
      3.24600000      4.98400000  28101.09698168
      3.24700000      4.98800000  28180.19314458
      3.24800000      4.99200000  28259.28836259
      3.24900000      4.99600000  28338.38263574
      3.25000000      5.00000000  28417.47596403
      3.25100000      5.00400000  28421.13454997
      3.25200000      5.00800000  28424.79309178
      3.25300000      5.01200000  28428.45158945
      3.25400000      5.01600000  28432.11004300
      3.25500000      5.02000000  28435.76845241
      3.25600000      5.02400000  28439.42681768
      3.25700000      5.02800000  28443.08513883
      3.25800000      5.03200000  28446.74341585
      3.25900000      5.03600000  28450.40164873
      3.26000000      5.04000000  28454.05983749
      3.26100000      5.04400000  28457.71798212
      3.26200000      5.04800000  28461.37608262
      3.26300000      5.05200000  28465.03413899
      3.26400000      5.05600000  28468.69215124
      3.26500000      5.06000000  28472.35011936
      3.26600000      5.06400000  28476.00804336
      3.26700000      5.06800000  28479.66592323
      3.26800000      5.07200000  28483.32375897
      3.26900000      5.07600000  28486.98155060
      3.27000000      5.08000000  28490.63929810
      3.27100000      5.08400000  28494.29700148
      3.27200000      5.08800000  28497.95466073
      3.27300000      5.09200000  28501.61227587
      3.27400000      5.09600000  28505.26984689
      3.27500000      5.10000000  28508.92737378
      3.27600000      5.10400000  28512.58485656
      3.27700000      5.10800000  28516.24229522
      3.27800000      5.11200000  28519.89968976
      3.27900000      5.11600000  28523.55704018
      3.28000000      5.12000000  28527.21434649
      3.28100000      5.12400000  28530.87160869
      3.28200000      5.12800000  28534.52882676
      3.28300000      5.13200000  28538.18600073
      3.28400000      5.13600000  28541.84313058
      3.28500000      5.14000000  28545.50021631
      3.28600000      5.14400000  28549.15725794
      3.28700000      5.14800000  28552.81425545
      3.28800000      5.15200000  28556.47120885
      3.28900000      5.15600000  28560.12811814
      3.29000000      5.16000000  28563.78498332
      3.29100000      5.16400000  28567.44180440
      3.29200000      5.16800000  28571.09858136
      3.29300000      5.17200000  28574.75531421
      3.29400000      5.17600000  28578.41200296
      3.29500000      5.18000000  28582.06864760
      3.29600000      5.18400000  28585.72524814
      3.29700000      5.18800000  28589.38180457
      3.29800000      5.19200000  28593.03831690
      3.29900000      5.19600000  28596.69478512
      3.30000000      5.20000000  28600.35120924
      3.30100000      5.20400000  28604.00758925
      3.30200000      5.20800000  28607.66392516
      3.30300000      5.21200000  28611.32021698
      3.30400000      5.21600000  28614.97646469
      3.30500000      5.22000000  28618.63266830
      3.30600000      5.22400000  28622.28882781
      3.30700000      5.22800000  28625.94494322
      3.30800000      5.23200000  28629.60101454
      3.30900000      5.23600000  28633.25704175
      3.31000000      5.24000000  28636.91302487
      3.31100000      5.24400000  28640.56896390
      3.31200000      5.24800000  28644.22485883
      3.31300000      5.25200000  28647.88070966
      3.31400000      5.25600000  28651.53651640
      3.31500000      5.26000000  28655.19227904
      3.31600000      5.26400000  28658.84799760
      3.31700000      5.26800000  28662.50367206
      3.31800000      5.27200000  28666.15930242
      3.31900000      5.27600000  28669.81488870
      3.32000000      5.28000000  28673.47043089
      3.32100000      5.28400000  28677.12592898
      3.32200000      5.28800000  28680.78138299
      3.32300000      5.29200000  28684.43679291
      3.32400000      5.29600000  28688.09215874
      3.32500000      5.30000000  28691.74748048
      3.32600000      5.30400000  28695.40275814
      3.32700000      5.30800000  28699.05799171
      3.32800000      5.31200000  28702.71318120
      3.32900000      5.31600000  28706.36832660
      3.33000000      5.32000000  28710.02342792
      3.33100000      5.32400000  28713.67848515
      3.33200000      5.32800000  28717.33349830
      3.33300000      5.33200000  28720.98846737
      3.33400000      5.33600000  28724.64339236
      3.33500000      5.34000000  28728.29827327
      3.33600000      5.34400000  28731.95311009
      3.33700000      5.34800000  28735.60790284
      3.33800000      5.35200000  28739.26265151
      3.33900000      5.35600000  28742.91735610
      3.34000000      5.36000000  28746.57201661
      3.34100000      5.36400000  28750.22663305
      3.34200000      5.36800000  28753.88120541
      3.34300000      5.37200000  28757.53573369
      3.34400000      5.37600000  28761.19021790
      3.34500000      5.38000000  28764.84465804
      3.34600000      5.38400000  28768.49905410
      3.34700000      5.38800000  28772.15340608
      3.34800000      5.39200000  28775.80771400
      3.34900000      5.39600000  28779.46197784
      3.35000000      5.40000000  28783.11619762
      3.35100000      5.40400000  28786.77037332
      3.35200000      5.40800000  28790.42450495
      3.35300000      5.41200000  28794.07859251
      3.35400000      5.41600000  28797.73263601
      3.35500000      5.42000000  28801.38663544
      3.35600000      5.42400000  28805.04059080
      3.35700000      5.42800000  28808.69450209
      3.35800000      5.43200000  28812.34836932
      3.35900000      5.43600000  28816.00219248
      3.36000000      5.44000000  28819.65597158
      3.36100000      5.44400000  28823.30970661
      3.36200000      5.44800000  28826.96339758
      3.36300000      5.45200000  28830.61704449
      3.36400000      5.45600000  28834.27064733
      3.36500000      5.46000000  28837.92420612
      3.36600000      5.46400000  28841.57772084
      3.36700000      5.46800000  28845.23119150
      3.36800000      5.47200000  28848.88461811
      3.36900000      5.47600000  28852.53800065
      3.37000000      5.48000000  28856.19133914
      3.37100000      5.48400000  28859.84463357
      3.37200000      5.48800000  28863.49788394
      3.37300000      5.49200000  28867.15109025
      3.37400000      5.49600000  28870.80425251
      3.37500000      5.50000000  28874.45737072
      3.37600000      5.50400000  28878.11044487
      3.37700000      5.50800000  28881.76347497
      3.37800000      5.51200000  28885.41646101
      3.37900000      5.51600000  28889.06940300
      3.38000000      5.52000000  28892.72230094
      3.38100000      5.52400000  28896.37515483
      3.38200000      5.52800000  28900.02796467
      3.38300000      5.53200000  28903.68073046
      3.38400000      5.53600000  28907.33345220
      3.38500000      5.54000000  28910.98612989
      3.38600000      5.54400000  28914.63876353
      3.38700000      5.54800000  28918.29135313
      3.38800000      5.55200000  28921.94389868
      3.38900000      5.55600000  28925.59640018
      3.39000000      5.56000000  28929.24885764
      3.39100000      5.56400000  28932.90127105
      3.39200000      5.56800000  28936.55364042
      3.39300000      5.57200000  28940.20596575
      3.39400000      5.57600000  28943.85824703
      3.39500000      5.58000000  28947.51048427
      3.39600000      5.58400000  28951.16267747
      3.39700000      5.58800000  28954.81482663
      3.39800000      5.59200000  28958.46693175
      3.39900000      5.59600000  28962.11899283
      3.40000000      5.60000000  28965.77100987
      3.40100000      5.60400000  28969.42298287
      3.40200000      5.60800000  28973.07491184
      3.40300000      5.61200000  28976.72679676
      3.40400000      5.61600000  28980.37863766
      3.40500000      5.62000000  28984.03043451
      3.40600000      5.62400000  28987.68218733
      3.40700000      5.62800000  28991.33389612
      3.40800000      5.63200000  28994.98556087
      3.40900000      5.63600000  28998.63718159
      3.41000000      5.64000000  29002.28875828
      3.41100000      5.64400000  29005.94029094
      3.41200000      5.64800000  29009.59177956
      3.41300000      5.65200000  29013.24322416
      3.41400000      5.65600000  29016.89462472
      3.41500000      5.66000000  29020.54598126
      3.41600000      5.66400000  29024.19729376
      3.41700000      5.66800000  29027.84856224
      3.41800000      5.67200000  29031.49978669
      3.41900000      5.67600000  29035.15096712
      3.42000000      5.68000000  29038.80210352
      3.42100000      5.68400000  29042.45319589
      3.42200000      5.68800000  29046.10424424
      3.42300000      5.69200000  29049.75524857
      3.42400000      5.69600000  29053.40620887
      3.42500000      5.70000000  29057.05712515
      3.42600000      5.70400000  29060.70799740
      3.42700000      5.70800000  29064.35882564
      3.42800000      5.71200000  29068.00960985
      3.42900000      5.71600000  29071.66035005
      3.43000000      5.72000000  29075.31104622
      3.43100000      5.72400000  29078.96169838
      3.43200000      5.72800000  29082.61230652
      3.43300000      5.73200000  29086.26287064
      3.43400000      5.73600000  29089.91339074
      3.43500000      5.74000000  29093.56386683
      3.43600000      5.74400000  29097.21429890
      3.43700000      5.74800000  29100.86468696
      3.43800000      5.75200000  29104.51503100
      3.43900000      5.75600000  29108.16533103
      3.44000000      5.76000000  29111.81558704
      3.44100000      5.76400000  29115.46579905
      3.44200000      5.76800000  29119.11596704
      3.44300000      5.77200000  29122.76609102
      3.44400000      5.77600000  29126.41617099
      3.44500000      5.78000000  29130.06620695
      3.44600000      5.78400000  29133.71619890
      3.44700000      5.78800000  29137.36614684
      3.44800000      5.79200000  29141.01605077
      3.44900000      5.79600000  29144.66591070
      3.45000000      5.80000000  29148.31572662
      3.45100000      5.80400000  29151.96549854
      3.45200000      5.80800000  29155.61522644
      3.45300000      5.81200000  29159.26491035
      3.45400000      5.81600000  29162.91455025
      3.45500000      5.82000000  29166.56414615
      3.45600000      5.82400000  29170.21369804
      3.45700000      5.82800000  29173.86320593
      3.45800000      5.83200000  29177.51266982
      3.45900000      5.83600000  29181.16208971
      3.46000000      5.84000000  29184.81146560
      3.46100000      5.84400000  29188.46079749
      3.46200000      5.84800000  29192.11008538
      3.46300000      5.85200000  29195.75932928
      3.46400000      5.85600000  29199.40852917
      3.46500000      5.86000000  29203.05768507
      3.46600000      5.86400000  29206.70679697
      3.46700000      5.86800000  29210.35586488
      3.46800000      5.87200000  29214.00488879
      3.46900000      5.87600000  29217.65386871
      3.47000000      5.88000000  29221.30280463
      3.47100000      5.88400000  29224.95169656
      3.47200000      5.88800000  29228.60054450
      3.47300000      5.89200000  29232.24934844
      3.47400000      5.89600000  29235.89810840
      3.47500000      5.90000000  29239.54682436
      3.47600000      5.90400000  29243.19549633
      3.47700000      5.90800000  29246.84412432
      3.47800000      5.91200000  29250.49270832
      3.47900000      5.91600000  29254.14124832
      3.48000000      5.92000000  29257.78974435
      3.48100000      5.92400000  29261.43819638
      3.48200000      5.92800000  29265.08660443
      3.48300000      5.93200000  29268.73496849
      3.48400000      5.93600000  29272.38328857
      3.48500000      5.94000000  29276.03156466
      3.48600000      5.94400000  29279.67979678
      3.48700000      5.94800000  29283.32798490
      3.48800000      5.95200000  29286.97612905
      3.48900000      5.95600000  29290.62422921
      3.49000000      5.96000000  29294.27228540
      3.49100000      5.96400000  29297.92029760
      3.49200000      5.96800000  29301.56826582
      3.49300000      5.97200000  29305.21619007
      3.49400000      5.97600000  29308.86407034
      3.49500000      5.98000000  29312.51190662
      3.49600000      5.98400000  29316.15969894
      3.49700000      5.98800000  29319.80744727
      3.49800000      5.99200000  29323.45515163
      3.49900000      5.99600000  29327.10281202
      3.50000000      6.00000000  29330.75042843
      3.50100000      6.00400000  29334.39800086
      3.50200000      6.00800000  29338.04552933
      3.50300000      6.01200000  29341.69301382
      3.50400000      6.01600000  29345.34045434
      3.50500000      6.02000000  29348.98785088
      3.50600000      6.02400000  29352.63520346
      3.50700000      6.02800000  29356.28251207
      3.50800000      6.03200000  29359.92977671
      3.50900000      6.03600000  29363.57699738
      3.51000000      6.04000000  29367.22417408
      3.51100000      6.04400000  29370.87130681
      3.51200000      6.04800000  29374.51839558
      3.51300000      6.05200000  29378.16544038
      3.51400000      6.05600000  29381.81244122
      3.51500000      6.06000000  29385.45939809
      3.51600000      6.06400000  29389.10631100
      3.51700000      6.06800000  29392.75317994
      3.51800000      6.07200000  29396.40000492
      3.51900000      6.07600000  29400.04678594
      3.52000000      6.08000000  29403.69352299
      3.52100000      6.08400000  29407.34021609
      3.52200000      6.08800000  29410.98686523
      3.52300000      6.09200000  29414.63347040
      3.52400000      6.09600000  29418.28003162
      3.52500000      6.10000000  29421.92654888
      3.52600000      6.10400000  29425.57302218
      3.52700000      6.10800000  29429.21945152
      3.52800000      6.11200000  29432.86583691
      3.52900000      6.11600000  29436.51217834
      3.53000000      6.12000000  29440.15847582
      3.53100000      6.12400000  29443.80472934
      3.53200000      6.12800000  29447.45093891
      3.53300000      6.13200000  29451.09710453
      3.53400000      6.13600000  29454.74322619
      3.53500000      6.14000000  29458.38930390
      3.53600000      6.14400000  29462.03533766
      3.53700000      6.14800000  29465.68132747
      3.53800000      6.15200000  29469.32727333
      3.53900000      6.15600000  29472.97317524
      3.54000000      6.16000000  29476.61903320
      3.54100000      6.16400000  29480.26484721
      3.54200000      6.16800000  29483.91061727
      3.54300000      6.17200000  29487.55634339
      3.54400000      6.17600000  29491.20202557
      3.54500000      6.18000000  29494.84766379
      3.54600000      6.18400000  29498.49325807
      3.54700000      6.18800000  29502.13880841
      3.54800000      6.19200000  29505.78431481
      3.54900000      6.19600000  29509.42977726
      3.55000000      6.20000000  29513.07519577
      3.55100000      6.20400000  29516.72057034
      3.55200000      6.20800000  29520.36590096
      3.55300000      6.21200000  29524.01118765
      3.55400000      6.21600000  29527.65643040
      3.55500000      6.22000000  29531.30162920
      3.55600000      6.22400000  29534.94678407
      3.55700000      6.22800000  29538.59189500
      3.55800000      6.23200000  29542.23696200
      3.55900000      6.23600000  29545.88198506
      3.56000000      6.24000000  29549.52696418
      3.56100000      6.24400000  29553.17189936
      3.56200000      6.24800000  29556.81679062
      3.56300000      6.25200000  29560.46163794
      3.56400000      6.25600000  29564.10644132
      3.56500000      6.26000000  29567.75120077
      3.56600000      6.26400000  29571.39591629
      3.56700000      6.26800000  29575.04058788
      3.56800000      6.27200000  29578.68521554
      3.56900000      6.27600000  29582.32979927
      3.57000000      6.28000000  29585.97433907
      3.57100000      6.28400000  29589.61883494
      3.57200000      6.28800000  29593.26328688
      3.57300000      6.29200000  29596.90769490
      3.57400000      6.29600000  29600.55205898
      3.57500000      6.30000000  29604.19637915
      3.57600000      6.30400000  29607.84065538
      3.57700000      6.30800000  29611.48488769
      3.57800000      6.31200000  29615.12907608
      3.57900000      6.31600000  29618.77322054
      3.58000000      6.32000000  29622.41732108
      3.58100000      6.32400000  29626.06137770
      3.58200000      6.32800000  29629.70539040
      3.58300000      6.33200000  29633.34935917
      3.58400000      6.33600000  29636.99328403
      3.58500000      6.34000000  29640.63716496
      3.58600000      6.34400000  29644.28100198
      3.58700000      6.34800000  29647.92479508
      3.58800000      6.35200000  29651.56854426
      3.58900000      6.35600000  29655.21224952
      3.59000000      6.36000000  29658.85591086
      3.59100000      6.36400000  29662.49952829
      3.59200000      6.36800000  29666.14310181
      3.59300000      6.37200000  29669.78663141
      3.59400000      6.37600000  29673.43011709
      3.59500000      6.38000000  29677.07355887
      3.59600000      6.38400000  29680.71695673
      3.59700000      6.38800000  29684.36031068
      3.59800000      6.39200000  29688.00362071
      3.59900000      6.39600000  29691.64688684
      3.60000000      6.40000000  29695.29010905
      3.60100000      6.40400000  29698.93328736
      3.60200000      6.40800000  29702.57642176
      3.60300000      6.41200000  29706.21951225
      3.60400000      6.41600000  29709.86255883
      3.60500000      6.42000000  29713.50556150
      3.60600000      6.42400000  29717.14852027
      3.60700000      6.42800000  29720.79143513
      3.60800000      6.43200000  29724.43430609
      3.60900000      6.43600000  29728.07713315
      3.61000000      6.44000000  29731.71991629
      3.61100000      6.44400000  29735.36265554
      3.61200000      6.44800000  29739.00535089
      3.61300000      6.45200000  29742.64800233
      3.61400000      6.45600000  29746.29060987
      3.61500000      6.46000000  29749.93317351
      3.61600000      6.46400000  29753.57569325
      3.61700000      6.46800000  29757.21816909
      3.61800000      6.47200000  29760.86060104
      3.61900000      6.47600000  29764.50298908
      3.62000000      6.48000000  29768.14533323
      3.62100000      6.48400000  29771.78763348
      3.62200000      6.48800000  29775.42988984
      3.62300000      6.49200000  29779.07210230
      3.62400000      6.49600000  29782.71427086
      3.62500000      6.50000000  29786.35639553
      3.62600000      6.50400000  29789.99847631
      3.62700000      6.50800000  29793.64051320
      3.62800000      6.51200000  29797.28250619
      3.62900000      6.51600000  29800.92445529
      3.63000000      6.52000000  29804.56636050
      3.63100000      6.52400000  29808.20822182
      3.63200000      6.52800000  29811.85003925
      3.63300000      6.53200000  29815.49181279
      3.63400000      6.53600000  29819.13354245
      3.63500000      6.54000000  29822.77522821
      3.63600000      6.54400000  29826.41687009
      3.63700000      6.54800000  29830.05846808
      3.63800000      6.55200000  29833.70002219
      3.63900000      6.55600000  29837.34153241
      3.64000000      6.56000000  29840.98299875
      3.64100000      6.56400000  29844.62442120
      3.64200000      6.56800000  29848.26579977
      3.64300000      6.57200000  29851.90713446
      3.64400000      6.57600000  29855.54842527
      3.64500000      6.58000000  29859.18967219
      3.64600000      6.58400000  29862.83087524
      3.64700000      6.58800000  29866.47203440
      3.64800000      6.59200000  29870.11314968
      3.64900000      6.59600000  29873.75422109
      3.65000000      6.60000000  29877.39524862
      3.65100000      6.60400000  29881.03623227
      3.65200000      6.60800000  29884.67717204
      3.65300000      6.61200000  29888.31806794
      3.65400000      6.61600000  29891.95891996
      3.65500000      6.62000000  29895.59972811
      3.65600000      6.62400000  29899.24049238
      3.65700000      6.62800000  29902.88121278
      3.65800000      6.63200000  29906.52188931
      3.65900000      6.63600000  29910.16252197
      3.66000000      6.64000000  29913.80311075
      3.66100000      6.64400000  29917.44365566
      3.66200000      6.64800000  29921.08415670
      3.66300000      6.65200000  29924.72461388
      3.66400000      6.65600000  29928.36502718
      3.66500000      6.66000000  29932.00539661
      3.66600000      6.66400000  29935.64572218
      3.66700000      6.66800000  29939.28600388
      3.66800000      6.67200000  29942.92624171
      3.66900000      6.67600000  29946.56643568
      3.67000000      6.68000000  29950.20658578
      3.67100000      6.68400000  29953.84669202
      3.67200000      6.68800000  29957.48675440
      3.67300000      6.69200000  29961.12677291
      3.67400000      6.69600000  29964.76674756
      3.67500000      6.70000000  29968.40667834
      3.67600000      6.70400000  29972.04656527
      3.67700000      6.70800000  29975.68640833
      3.67800000      6.71200000  29979.32620753
      3.67900000      6.71600000  29982.96596288
      3.68000000      6.72000000  29986.60567436
      3.68100000      6.72400000  29990.24534199
      3.68200000      6.72800000  29993.88496576
      3.68300000      6.73200000  29997.52454568
      3.68400000      6.73600000  30001.16408173
      3.68500000      6.74000000  30004.80357393
      3.68600000      6.74400000  30008.44302228
      3.68700000      6.74800000  30012.08242677
      3.68800000      6.75200000  30015.72178741
      3.68900000      6.75600000  30019.36110420
      3.69000000      6.76000000  30023.00037713
      3.69100000      6.76400000  30026.63960621
      3.69200000      6.76800000  30030.27879144
      3.69300000      6.77200000  30033.91793282
      3.69400000      6.77600000  30037.55703035
      3.69500000      6.78000000  30041.19608404
      3.69600000      6.78400000  30044.83509387
      3.69700000      6.78800000  30048.47405985
      3.69800000      6.79200000  30052.11298199
      3.69900000      6.79600000  30055.75186028
      3.70000000      6.80000000  30059.39069473
      3.70100000      6.80400000  30063.02948533
      3.70200000      6.80800000  30066.66823208
      3.70300000      6.81200000  30070.30693499
      3.70400000      6.81600000  30073.94559406
      3.70500000      6.82000000  30077.58420929
      3.70600000      6.82400000  30081.22278067
      3.70700000      6.82800000  30084.86130821
      3.70800000      6.83200000  30088.49979191
      3.70900000      6.83600000  30092.13823177
      3.71000000      6.84000000  30095.77662779
      3.71100000      6.84400000  30099.41497997
      3.71200000      6.84800000  30103.05328832
      3.71300000      6.85200000  30106.69155282
      3.71400000      6.85600000  30110.32977349
      3.71500000      6.86000000  30113.96795033
      3.71600000      6.86400000  30117.60608332
      3.71700000      6.86800000  30121.24417249
      3.71800000      6.87200000  30124.88221781
      3.71900000      6.87600000  30128.52021931
      3.72000000      6.88000000  30132.15817697
      3.72100000      6.88400000  30135.79609080
      3.72200000      6.88800000  30139.43396079
      3.72300000      6.89200000  30143.07178696
      3.72400000      6.89600000  30146.70956929
      3.72500000      6.90000000  30150.34730780
      3.72600000      6.90400000  30153.98500247
      3.72700000      6.90800000  30157.62265332
      3.72800000      6.91200000  30161.26026034
      3.72900000      6.91600000  30164.89782353
      3.73000000      6.92000000  30168.53534290
      3.73100000      6.92400000  30172.17281843
      3.73200000      6.92800000  30175.81025015
      3.73300000      6.93200000  30179.44763804
      3.73400000      6.93600000  30183.08498210
      3.73500000      6.94000000  30186.72228234
      3.73600000      6.94400000  30190.35953876
      3.73700000      6.94800000  30193.99675135
      3.73800000      6.95200000  30197.63392013
      3.73900000      6.95600000  30201.27104508
      3.74000000      6.96000000  30204.90812622
      3.74100000      6.96400000  30208.54516353
      3.74200000      6.96800000  30212.18215702
      3.74300000      6.97200000  30215.81910670
      3.74400000      6.97600000  30219.45601256
      3.74500000      6.98000000  30223.09287460
      3.74600000      6.98400000  30226.72969282
      3.74700000      6.98800000  30230.36646723
      3.74800000      6.99200000  30234.00319782
      3.74900000      6.99600000  30237.63988460
      3.75000000      7.00000000  30241.27652757
      3.75100000      7.00400000  30244.91312672
      3.75200000      7.00800000  30248.54968206
      3.75300000      7.01200000  30252.18619359
      3.75400000      7.01600000  30255.82266130
      3.75500000      7.02000000  30259.45908521
      3.75600000      7.02400000  30263.09546530
      3.75700000      7.02800000  30266.73180159
      3.75800000      7.03200000  30270.36809407
      3.75900000      7.03600000  30274.00434274
      3.76000000      7.04000000  30277.64054760
      3.76100000      7.04400000  30281.27670865
      3.76200000      7.04800000  30284.91282590
      3.76300000      7.05200000  30288.54889934
      3.76400000      7.05600000  30292.18492898
      3.76500000      7.06000000  30295.82091481
      3.76600000      7.06400000  30299.45685684
      3.76700000      7.06800000  30303.09275507
      3.76800000      7.07200000  30306.72860950
      3.76900000      7.07600000  30310.36442012
      3.77000000      7.08000000  30314.00018694
      3.77100000      7.08400000  30317.63590996
      3.77200000      7.08800000  30321.27158918
      3.77300000      7.09200000  30324.90722461
      3.77400000      7.09600000  30328.54281623
      3.77500000      7.10000000  30332.17836406
      3.77600000      7.10400000  30335.81386808
      3.77700000      7.10800000  30339.44932832
      3.77800000      7.11200000  30343.08474475
      3.77900000      7.11600000  30346.72011739
      3.78000000      7.12000000  30350.35544624
      3.78100000      7.12400000  30353.99073129
      3.78200000      7.12800000  30357.62597255
      3.78300000      7.13200000  30361.26117002
      3.78400000      7.13600000  30364.89632369
      3.78500000      7.14000000  30368.53143357
      3.78600000      7.14400000  30372.16649966
      3.78700000      7.14800000  30375.80152196
      3.78800000      7.15200000  30379.43650048
      3.78900000      7.15600000  30383.07143520
      3.79000000      7.16000000  30386.70632613
      3.79100000      7.16400000  30390.34117328
      3.79200000      7.16800000  30393.97597664
      3.79300000      7.17200000  30397.61073621
      3.79400000      7.17600000  30401.24545200
      3.79500000      7.18000000  30404.88012400
      3.79600000      7.18400000  30408.51475222
      3.79700000      7.18800000  30412.14933666
      3.79800000      7.19200000  30415.78387731
      3.79900000      7.19600000  30419.41837418
      3.80000000      7.20000000  30423.05282726
      3.80100000      7.20400000  30426.68723657
      3.80200000      7.20800000  30430.32160209
      3.80300000      7.21200000  30433.95592384
      3.80400000      7.21600000  30437.59020180
      3.80500000      7.22000000  30441.22443599
      3.80600000      7.22400000  30444.85862640
      3.80700000      7.22800000  30448.49277303
      3.80800000      7.23200000  30452.12687589
      3.80900000      7.23600000  30455.76093497
      3.81000000      7.24000000  30459.39495027
      3.81100000      7.24400000  30463.02892180
      3.81200000      7.24800000  30466.66284955
      3.81300000      7.25200000  30470.29673353
      3.81400000      7.25600000  30473.93057374
      3.81500000      7.26000000  30477.56437018
      3.81600000      7.26400000  30481.19812284
      3.81700000      7.26800000  30484.83183173
      3.81800000      7.27200000  30488.46549686
      3.81900000      7.27600000  30492.09911821
      3.82000000      7.28000000  30495.73269579
      3.82100000      7.28400000  30499.36622961
      3.82200000      7.28800000  30502.99971965
      3.82300000      7.29200000  30506.63316593
      3.82400000      7.29600000  30510.26656845
      3.82500000      7.30000000  30513.89992720
      3.82600000      7.30400000  30517.53324218
      3.82700000      7.30800000  30521.16651340
      3.82800000      7.31200000  30524.79974085
      3.82900000      7.31600000  30528.43292454
      3.83000000      7.32000000  30532.06606447
      3.83100000      7.32400000  30535.69916064
      3.83200000      7.32800000  30539.33221304
      3.83300000      7.33200000  30542.96522168
      3.83400000      7.33600000  30546.59818657
      3.83500000      7.34000000  30550.23110769
      3.83600000      7.34400000  30553.86398506
      3.83700000      7.34800000  30557.49681867
      3.83800000      7.35200000  30561.12960852
      3.83900000      7.35600000  30564.76235461
      3.84000000      7.36000000  30568.39505694
      3.84100000      7.36400000  30572.02771553
      3.84200000      7.36800000  30575.66033035
      3.84300000      7.37200000  30579.29290142
      3.84400000      7.37600000  30582.92542874
      3.84500000      7.38000000  30586.55791231
      3.84600000      7.38400000  30590.19035212
      3.84700000      7.38800000  30593.82274818
      3.84800000      7.39200000  30597.45510049
      3.84900000      7.39600000  30601.08740905
      3.85000000      7.40000000  30604.71967385
      3.85100000      7.40400000  30608.35189491
      3.85200000      7.40800000  30611.98407223
      3.85300000      7.41200000  30615.61620579
      3.85400000      7.41600000  30619.24829560
      3.85500000      7.42000000  30622.88034167
      3.85600000      7.42400000  30626.51234400
      3.85700000      7.42800000  30630.14430257
      3.85800000      7.43200000  30633.77621741
      3.85900000      7.43600000  30637.40808849
      3.86000000      7.44000000  30641.03991584
      3.86100000      7.44400000  30644.67169944
      3.86200000      7.44800000  30648.30343930
      3.86300000      7.45200000  30651.93513542
      3.86400000      7.45600000  30655.56678780
      3.86500000      7.46000000  30659.19839643
      3.86600000      7.46400000  30662.82996133
      3.86700000      7.46800000  30666.46148249
      3.86800000      7.47200000  30670.09295991
      3.86900000      7.47600000  30673.72439359
      3.87000000      7.48000000  30677.35578354
      3.87100000      7.48400000  30680.98712975
      3.87200000      7.48800000  30684.61843222
      3.87300000      7.49200000  30688.24969096
      3.87400000      7.49600000  30691.88090596
      3.87500000      7.50000000  30695.51207723
      3.87600000      7.50400000  30699.14320477
      3.87700000      7.50800000  30702.77428857
      3.87800000      7.51200000  30706.40532864
      3.87900000      7.51600000  30710.03632498
      3.88000000      7.52000000  30713.66727759
      3.88100000      7.52400000  30717.29818647
      3.88200000      7.52800000  30720.92905162
      3.88300000      7.53200000  30724.55987304
      3.88400000      7.53600000  30728.19065074
      3.88500000      7.54000000  30731.82138470
      3.88600000      7.54400000  30735.45207494
      3.88700000      7.54800000  30739.08272145
      3.88800000      7.55200000  30742.71332424
      3.88900000      7.55600000  30746.34388330
      3.89000000      7.56000000  30749.97439864
      3.89100000      7.56400000  30753.60487025
      3.89200000      7.56800000  30757.23529814
      3.89300000      7.57200000  30760.86568231
      3.89400000      7.57600000  30764.49602276
      3.89500000      7.58000000  30768.12631948
      3.89600000      7.58400000  30771.75657249
      3.89700000      7.58800000  30775.38678177
      3.89800000      7.59200000  30779.01694734
      3.89900000      7.59600000  30782.64706919
      3.90000000      7.60000000  30786.27714732
      3.90100000      7.60400000  30789.90718173
      3.90200000      7.60800000  30793.53717242
      3.90300000      7.61200000  30797.16711940
      3.90400000      7.61600000  30800.79702267
      3.90500000      7.62000000  30804.42688222
      3.90600000      7.62400000  30808.05669805
      3.90700000      7.62800000  30811.68647017
      3.90800000      7.63200000  30815.31619858
      3.90900000      7.63600000  30818.94588328
      3.91000000      7.64000000  30822.57552427
      3.91100000      7.64400000  30826.20512154
      3.91200000      7.64800000  30829.83467510
      3.91300000      7.65200000  30833.46418496
      3.91400000      7.65600000  30837.09365110
      3.91500000      7.66000000  30840.72307354
      3.91600000      7.66400000  30844.35245227
      3.91700000      7.66800000  30847.98178729
      3.91800000      7.67200000  30851.61107861
      3.91900000      7.67600000  30855.24032622
      3.92000000      7.68000000  30858.86953013
      3.92100000      7.68400000  30862.49869033
      3.92200000      7.68800000  30866.12780682
      3.92300000      7.69200000  30869.75687962
      3.92400000      7.69600000  30873.38590871
      3.92500000      7.70000000  30877.01489410
      3.92600000      7.70400000  30880.64383578
      3.92700000      7.70800000  30884.27273377
      3.92800000      7.71200000  30887.90158806
      3.92900000      7.71600000  30891.53039865
      3.93000000      7.72000000  30895.15916553
      3.93100000      7.72400000  30898.78788872
      3.93200000      7.72800000  30902.41656822
      3.93300000      7.73200000  30906.04520401
      3.93400000      7.73600000  30909.67379611
      3.93500000      7.74000000  30913.30234452
      3.93600000      7.74400000  30916.93084923
      3.93700000      7.74800000  30920.55931024
      3.93800000      7.75200000  30924.18772756
      3.93900000      7.75600000  30927.81610119
      3.94000000      7.76000000  30931.44443113
      3.94100000      7.76400000  30935.07271737
      3.94200000      7.76800000  30938.70095993
      3.94300000      7.77200000  30942.32915879
      3.94400000      7.77600000  30945.95731396
      3.94500000      7.78000000  30949.58542545
      3.94600000      7.78400000  30953.21349324
      3.94700000      7.78800000  30956.84151735
      3.94800000      7.79200000  30960.46949777
      3.94900000      7.79600000  30964.09743450
      3.95000000      7.80000000  30967.72532755
      3.95100000      7.80400000  30971.35317691
      3.95200000      7.80800000  30974.98098259
      3.95300000      7.81200000  30978.60874458
      3.95400000      7.81600000  30982.23646289
      3.95500000      7.82000000  30985.86413752
      3.95600000      7.82400000  30989.49176847
      3.95700000      7.82800000  30993.11935573
      3.95800000      7.83200000  30996.74689931
      3.95900000      7.83600000  31000.37439921
      3.96000000      7.84000000  31004.00185544
      3.96100000      7.84400000  31007.62926798
      3.96200000      7.84800000  31011.25663684
      3.96300000      7.85200000  31014.88396203
      3.96400000      7.85600000  31018.51124354
      3.96500000      7.86000000  31022.13848138
      3.96600000      7.86400000  31025.76567554
      3.96700000      7.86800000  31029.39282602
      3.96800000      7.87200000  31033.01993283
      3.96900000      7.87600000  31036.64699596
      3.97000000      7.88000000  31040.27401542
      3.97100000      7.88400000  31043.90099121
      3.97200000      7.88800000  31047.52792333
      3.97300000      7.89200000  31051.15481178
      3.97400000      7.89600000  31054.78165655
      3.97500000      7.90000000  31058.40845766
      3.97600000      7.90400000  31062.03521509
      3.97700000      7.90800000  31065.66192886
      3.97800000      7.91200000  31069.28859896
      3.97900000      7.91600000  31072.91522539
      3.98000000      7.92000000  31076.54180815
      3.98100000      7.92400000  31080.16834725
      3.98200000      7.92800000  31083.79484268
      3.98300000      7.93200000  31087.42129445
      3.98400000      7.93600000  31091.04770255
      3.98500000      7.94000000  31094.67406699
      3.98600000      7.94400000  31098.30038777
      3.98700000      7.94800000  31101.92666489
      3.98800000      7.95200000  31105.55289834
      3.98900000      7.95600000  31109.17908813
      3.99000000      7.96000000  31112.80523426
      3.99100000      7.96400000  31116.43133673
      3.99200000      7.96800000  31120.05739554
      3.99300000      7.97200000  31123.68341070
      3.99400000      7.97600000  31127.30938219
      3.99500000      7.98000000  31130.93531003
      3.99600000      7.98400000  31134.56119421
      3.99700000      7.98800000  31138.18703474
      3.99800000      7.99200000  31141.81283161
      3.99900000      7.99600000  31145.43858482
      4.00000000      8.00000000  31149.06429438
