            TIME         N101-T3
--------------------------------
      0.00050000      0.00833333
      0.00100000      0.01666657
      0.00150000      0.02499965
      0.00200000      0.03333247
      0.00250000      0.04166496
      0.00300000      0.04999701
      0.00350000      0.05832856
      0.00400000      0.06665951
      0.00450000      0.07498978
      0.00500000      0.08331929
      0.00550000      0.09164795
      0.00600000      0.09997567
      0.00650000      0.10830237
      0.00700000      0.11662797
      0.00750000      0.12495239
      0.00800000      0.13327552
      0.00850000      0.14159730
      0.00900000      0.14991764
      0.00950000      0.15823645
      0.01000000      0.16655365
      0.01050000      0.17486916
      0.01100000      0.18318288
      0.01150000      0.19149474
      0.01200000      0.19980466
      0.01250000      0.20811254
      0.01300000      0.21641831
      0.01350000      0.22472188
      0.01400000      0.23302316
      0.01450000      0.24132208
      0.01500000      0.24961855
      0.01550000      0.25791248
      0.01600000      0.26620380
      0.01650000      0.27449242
      0.01700000      0.28277825
      0.01750000      0.29106123
      0.01800000      0.29934125
      0.01850000      0.30761824
      0.01900000      0.31589212
      0.01950000      0.32416280
      0.02000000      0.33243021
      0.02050000      0.34069426
      0.02100000      0.34895486
      0.02150000      0.35721194
      0.02200000      0.36546542
      0.02250000      0.37371521
      0.02300000      0.38196124
      0.02350000      0.39020341
      0.02400000      0.39844166
      0.02450000      0.40667590
      0.02500000      0.41490604
      0.02550000      0.42313202
      0.02600000      0.43135374
      0.02650000      0.43957114
      0.02700000      0.44778412
      0.02750000      0.45599262
      0.02800000      0.46419654
      0.02850000      0.47239582
      0.02900000      0.48059036
      0.02950000      0.48878011
      0.03000000      0.49696496
      0.03050000      0.50514486
      0.03100000      0.51331971
      0.03150000      0.52148945
      0.03200000      0.52965398
      0.03250000      0.53781325
      0.03300000      0.54596716
      0.03350000      0.55411564
      0.03400000      0.56225862
      0.03450000      0.57039602
      0.03500000      0.57852776
      0.03550000      0.58665377
      0.03600000      0.59477396
      0.03650000      0.60288828
      0.03700000      0.61099663
      0.03750000      0.61909895
      0.03800000      0.62719515
      0.03850000      0.63528518
      0.03900000      0.64336894
      0.03950000      0.65144638
      0.04000000      0.65951740
      0.04050000      0.66758195
      0.04100000      0.67563995
      0.04150000      0.68369132
      0.04200000      0.69173599
      0.04250000      0.69977389
      0.04300000      0.70780495
      0.04350000      0.71582910
      0.04400000      0.72384626
      0.04450000      0.73185637
      0.04500000      0.73985934
      0.04550000      0.74785513
      0.04600000      0.75584364
      0.04650000      0.76382482
      0.04700000      0.77179859
      0.04750000      0.77976488
      0.04800000      0.78772363
      0.04850000      0.79567476
      0.04900000      0.80361821
      0.04950000      0.81155391
      0.05000000      0.81948179
      0.05050000      0.82740179
      0.05100000      0.83531383
      0.05150000      0.84321785
      0.05200000      0.85111379
      0.05250000      0.85900158
      0.05300000      0.86688114
      0.05350000      0.87475243
      0.05400000      0.88261536
      0.05450000      0.89046988
      0.05500000      0.89831593
      0.05550000      0.90615343
      0.05600000      0.91398233
      0.05650000      0.92180255
      0.05700000      0.92961405
      0.05750000      0.93741675
      0.05800000      0.94521059
      0.05850000      0.95299551
      0.05900000      0.96077145
      0.05950000      0.96853834
      0.06000000      0.97629613
      0.06050000      0.98404476
      0.06100000      0.99178416
      0.06150000      0.99951428
      0.06200000      1.00723505
      0.06250000      1.01494642
      0.06300000      1.02264833
      0.06350000      1.03034071
      0.06400000      1.03802351
      0.06450000      1.04569667
      0.06500000      1.05336014
      0.06550000      1.06101386
      0.06600000      1.06865777
      0.06650000      1.07629181
      0.06700000      1.08391593
      0.06750000      1.09153007
      0.06800000      1.09913418
      0.06850000      1.10672820
      0.06900000      1.11431207
      0.06950000      1.12188576
      0.07000000      1.12944918
      0.07050000      1.13700231
      0.07100000      1.14454508
      0.07150000      1.15207743
      0.07200000      1.15959933
      0.07250000      1.16711071
      0.07300000      1.17461152
      0.07350000      1.18210171
      0.07400000      1.18958124
      0.07450000      1.19705004
      0.07500000      1.20450808
      0.07550000      1.21195530
      0.07600000      1.21939164
      0.07650000      1.22681707
      0.07700000      1.23423153
      0.07750000      1.24163498
      0.07800000      1.24902736
      0.07850000      1.25640864
      0.07900000      1.26377875
      0.07950000      1.27113766
      0.08000000      1.27848532
      0.08050000      1.28582168
      0.08100000      1.29314670
      0.08150000      1.30046032
      0.08200000      1.30776252
      0.08250000      1.31505323
      0.08300000      1.32233243
      0.08350000      1.32960005
      0.08400000      1.33685607
      0.08450000      1.34410043
      0.08500000      1.35133309
      0.08550000      1.35855402
      0.08600000      1.36576317
      0.08650000      1.37296049
      0.08700000      1.38014595
      0.08750000      1.38731951
      0.08800000      1.39448112
      0.08850000      1.40163075
      0.08900000      1.40876835
      0.08950000      1.41589388
      0.09000000      1.42300731
      0.09050000      1.43010860
      0.09100000      1.43719771
      0.09150000      1.44427460
      0.09200000      1.45133923
      0.09250000      1.45839157
      0.09300000      1.46543157
      0.09350000      1.47245921
      0.09400000      1.47947445
      0.09450000      1.48647724
      0.09500000      1.49346756
      0.09550000      1.50044538
      0.09600000      1.50741064
      0.09650000      1.51436333
      0.09700000      1.52130340
      0.09750000      1.52823083
      0.09800000      1.53514557
      0.09850000      1.54204760
      0.09900000      1.54893525
      0.09950000      1.55581176
      0.10000000      1.56267545
      0.10050000      1.56952631
      0.10100000      1.57636429
      0.10150000      1.58318937
      0.10200000      1.59000151
      0.10250000      1.59680069
      0.10300000      1.60358687
      0.10350000      1.61036003
      0.10400000      1.61712013
      0.10450000      1.62386716
      0.10500000      1.63060107
      0.10550000      1.63732184
      0.10600000      1.64402945
      0.10650000      1.65072386
      0.10700000      1.65740506
      0.10750000      1.66407300
      0.10800000      1.67072767
      0.10850000      1.67736904
      0.10900000      1.68399708
      0.10950000      1.69061177
      0.11000000      1.69721309
      0.11050000      1.70380100
      0.11100000      1.71037549
      0.11150000      1.71693652
      0.11200000      1.72348408
      0.11250000      1.73001815
      0.11300000      1.73653869
      0.11350000      1.74304569
      0.11400000      1.74953912
      0.11450000      1.75601896
      0.11500000      1.76248520
      0.11550000      1.76893780
      0.11600000      1.77537674
      0.11650000      1.78180202
      0.11700000      1.78821359
      0.11750000      1.79461146
      0.11800000      1.80099558
      0.11850000      1.80736595
      0.11900000      1.81372255
      0.11950000      1.82006535
      0.12000000      1.82639433
      0.12050000      1.83270949
      0.12100000      1.83901080
      0.12150000      1.84529824
      0.12200000      1.85157179
      0.12250000      1.85783144
      0.12300000      1.86407717
      0.12350000      1.87030896
      0.12400000      1.87652680
      0.12450000      1.88273067
      0.12500000      1.88892056
      0.12550000      1.89509644
      0.12600000      1.90125831
      0.12650000      1.90740615
      0.12700000      1.91353994
      0.12750000      1.91965966
      0.12800000      1.92576532
      0.12850000      1.93185688
      0.12900000      1.93793434
      0.12950000      1.94399769
      0.13000000      1.95004690
      0.13050000      1.95608197
      0.13100000      1.96210289
      0.13150000      1.96810964
      0.13200000      1.97410221
      0.13250000      1.98008059
      0.13300000      1.98604477
      0.13350000      1.99199473
      0.13400000      1.99793046
      0.13450000      2.00385196
      0.13500000      2.00975921
      0.13550000      2.01565221
      0.13600000      2.02153094
      0.13650000      2.02739539
      0.13700000      2.03324555
      0.13750000      2.03908142
      0.13800000      2.04490298
      0.13850000      2.05071023
      0.13900000      2.05650315
      0.13950000      2.06228175
      0.14000000      2.06804600
      0.14050000      2.07379591
      0.14100000      2.07953146
      0.14150000      2.08525265
      0.14200000      2.09095947
      0.14250000      2.09665191
      0.14300000      2.10232998
      0.14350000      2.10799365
      0.14400000      2.11364292
      0.14450000      2.11927779
      0.14500000      2.12489826
      0.14550000      2.13050431
      0.14600000      2.13609594
      0.14650000      2.14167315
      0.14700000      2.14723592
      0.14750000      2.15278427
      0.14800000      2.15831817
      0.14850000      2.16383763
      0.14900000      2.16934264
      0.14950000      2.17483320
      0.15000000      2.18030931
      0.15050000      2.18577096
      0.15100000      2.19121814
      0.15150000      2.19665086
      0.15200000      2.20206911
      0.15250000      2.20747289
      0.15300000      2.21286220
      0.15350000      2.21823702
      0.15400000      2.22359738
      0.15450000      2.22894325
      0.15500000      2.23427463
      0.15550000      2.23959154
      0.15600000      2.24489395
      0.15650000      2.25018189
      0.15700000      2.25545533
      0.15750000      2.26071428
      0.15800000      2.26595875
      0.15850000      2.27118872
      0.15900000      2.27640420
      0.15950000      2.28160520
      0.16000000      2.28679170
      0.16050000      2.29196371
      0.16100000      2.29712123
      0.16150000      2.30226426
      0.16200000      2.30739279
      0.16250000      2.31250684
      0.16300000      2.31760641
      0.16350000      2.32269148
      0.16400000      2.32776207
      0.16450000      2.33281818
      0.16500000      2.33785980
      0.16550000      2.34288694
      0.16600000      2.34789960
      0.16650000      2.35289778
      0.16700000      2.35788149
      0.16750000      2.36285072
      0.16800000      2.36780549
      0.16850000      2.37274578
      0.16900000      2.37767161
      0.16950000      2.38258298
      0.17000000      2.38747989
      0.17050000      2.39236234
      0.17100000      2.39723034
      0.17150000      2.40208389
      0.17200000      2.40692299
      0.17250000      2.41174765
      0.17300000      2.41655787
      0.17350000      2.42135365
      0.17400000      2.42613501
      0.17450000      2.43090193
      0.17500000      2.43565444
      0.17550000      2.44039253
      0.17600000      2.44511620
      0.17650000      2.44982546
      0.17700000      2.45452032
      0.17750000      2.45920078
      0.17800000      2.46386685
      0.17850000      2.46851852
      0.17900000      2.47315581
      0.17950000      2.47777873
      0.18000000      2.48238727
      0.18050000      2.48698144
      0.18100000      2.49156125
      0.18150000      2.49612670
      0.18200000      2.50067781
      0.18250000      2.50521456
      0.18300000      2.50973698
      0.18350000      2.51424507
      0.18400000      2.51873883
      0.18450000      2.52321827
      0.18500000      2.52768340
      0.18550000      2.53213422
      0.18600000      2.53657075
      0.18650000      2.54099297
      0.18700000      2.54540092
      0.18750000      2.54979458
      0.18800000      2.55417397
      0.18850000      2.55853909
      0.18900000      2.56288996
      0.18950000      2.56722657
      0.19000000      2.57154894
      0.19050000      2.57585708
      0.19100000      2.58015098
      0.19150000      2.58443067
      0.19200000      2.58869614
      0.19250000      2.59294740
      0.19300000      2.59718447
      0.19350000      2.60140734
      0.19400000      2.60561604
      0.19450000      2.60981056
      0.19500000      2.61399091
      0.19550000      2.61815711
      0.19600000      2.62230916
      0.19650000      2.62644706
      0.19700000      2.63057083
      0.19750000      2.63468048
      0.19800000      2.63877601
      0.19850000      2.64285744
      0.19900000      2.64692476
      0.19950000      2.65097800
      0.20000000      2.65501715
      0.20050000      2.65904223
      0.20100000      2.66305325
      0.20150000      2.66705021
      0.20200000      2.67103313
      0.20250000      2.67500201
      0.20300000      2.67895686
      0.20350000      2.68289770
      0.20400000      2.68682452
      0.20450000      2.69073735
      0.20500000      2.69463618
      0.20550000      2.69852103
      0.20600000      2.70239191
      0.20650000      2.70624883
      0.20700000      2.71009179
      0.20750000      2.71392081
      0.20800000      2.71773590
      0.20850000      2.72153706
      0.20900000      2.72532430
      0.20950000      2.72909764
      0.21000000      2.73285708
      0.21050000      2.73660264
      0.21100000      2.74033432
      0.21150000      2.74405214
      0.21200000      2.74775610
      0.21250000      2.75144621
      0.21300000      2.75512249
      0.21350000      2.75878493
      0.21400000      2.76243356
      0.21450000      2.76606839
      0.21500000      2.76968942
      0.21550000      2.77329666
      0.21600000      2.77689012
      0.21650000      2.78046982
      0.21700000      2.78403576
      0.21750000      2.78758795
      0.21800000      2.79112641
      0.21850000      2.79465114
      0.21900000      2.79816216
      0.21950000      2.80165947
      0.22000000      2.80514309
      0.22050000      2.80861302
      0.22100000      2.81206927
      0.22150000      2.81551187
      0.22200000      2.81894080
      0.22250000      2.82235610
      0.22300000      2.82575776
      0.22350000      2.82914580
      0.22400000      2.83252022
      0.22450000      2.83588104
      0.22500000      2.83922827
      0.22550000      2.84256192
      0.22600000      2.84588200
      0.22650000      2.84918852
      0.22700000      2.85248149
      0.22750000      2.85576092
      0.22800000      2.85902682
      0.22850000      2.86227920
      0.22900000      2.86551807
      0.22950000      2.86874344
      0.23000000      2.87195533
      0.23050000      2.87515374
      0.23100000      2.87833868
      0.23150000      2.88151017
      0.23200000      2.88466821
      0.23250000      2.88781282
      0.23300000      2.89094400
      0.23350000      2.89406177
      0.23400000      2.89716613
      0.23450000      2.90025711
      0.23500000      2.90333470
      0.23550000      2.90639891
      0.23600000      2.90944977
      0.23650000      2.91248727
      0.23700000      2.91551143
      0.23750000      2.91852227
      0.23800000      2.92151978
      0.23850000      2.92450398
      0.23900000      2.92747489
      0.23950000      2.93043250
      0.24000000      2.93337684
      0.24050000      2.93630790
      0.24100000      2.93922571
      0.24150000      2.94213028
      0.24200000      2.94502160
      0.24250000      2.94789970
      0.24300000      2.95076458
      0.24350000      2.95361626
      0.24400000      2.95645474
      0.24450000      2.95928004
      0.24500000      2.96209216
      0.24550000      2.96489111
      0.24600000      2.96767691
      0.24650000      2.97044956
      0.24700000      2.97320908
      0.24750000      2.97595548
      0.24800000      2.97868876
      0.24850000      2.98140893
      0.24900000      2.98411601
      0.24950000      2.98681001
      0.25000000      2.98949093
      0.25050000      2.99215879
      0.25100000      2.99481360
      0.25150000      2.99745536
      0.25200000      3.00008408
      0.25250000      3.00269978
      0.25300000      3.00530247
      0.25350000      3.00789215
      0.25400000      3.01046884
      0.25450000      3.01303254
      0.25500000      3.01558327
      0.25550000      3.01812103
      0.25600000      3.02064583
      0.25650000      3.02315769
      0.25700000      3.02565661
      0.25750000      3.02814260
      0.25800000      3.03061568
      0.25850000      3.03307585
      0.25900000      3.03552312
      0.25950000      3.03795750
      0.26000000      3.04037900
      0.26050000      3.04278764
      0.26100000      3.04518341
      0.26150000      3.04756633
      0.26200000      3.04993640
      0.26250000      3.05229365
      0.26300000      3.05463807
      0.26350000      3.05696968
      0.26400000      3.05928848
      0.26450000      3.06159449
      0.26500000      3.06388770
      0.26550000      3.06616814
      0.26600000      3.06843582
      0.26650000      3.07069073
      0.26700000      3.07293289
      0.26750000      3.07516231
      0.26800000      3.07737899
      0.26850000      3.07958295
      0.26900000      3.08177420
      0.26950000      3.08395274
      0.27000000      3.08611857
      0.27050000      3.08827172
      0.27100000      3.09041219
      0.27150000      3.09253999
      0.27200000      3.09465512
      0.27250000      3.09675759
      0.27300000      3.09884742
      0.27350000      3.10092461
      0.27400000      3.10298917
      0.27450000      3.10504111
      0.27500000      3.10708043
      0.27550000      3.10910715
      0.27600000      3.11112127
      0.27650000      3.11312279
      0.27700000      3.11511174
      0.27750000      3.11708812
      0.27800000      3.11905192
      0.27850000      3.12100317
      0.27900000      3.12294187
      0.27950000      3.12486803
      0.28000000      3.12678165
      0.28050000      3.12868275
      0.28100000      3.13057133
      0.28150000      3.13244739
      0.28200000      3.13431095
      0.28250000      3.13616202
      0.28300000      3.13800059
      0.28350000      3.13982669
      0.28400000      3.14164031
      0.28450000      3.14344146
      0.28500000      3.14523015
      0.28550000      3.14700639
      0.28600000      3.14877018
      0.28650000      3.15052154
      0.28700000      3.15226046
      0.28750000      3.15398696
      0.28800000      3.15570104
      0.28850000      3.15740271
      0.28900000      3.15909197
      0.28950000      3.16076884
      0.29000000      3.16243332
      0.29050000      3.16408541
      0.29100000      3.16572512
      0.29150000      3.16735246
      0.29200000      3.16896744
      0.29250000      3.17057006
      0.29300000      3.17216033
      0.29350000      3.17373825
      0.29400000      3.17530383
      0.29450000      3.17685708
      0.29500000      3.17839800
      0.29550000      3.17992659
      0.29600000      3.18144288
      0.29650000      3.18294685
      0.29700000      3.18443852
      0.29750000      3.18591789
      0.29800000      3.18738497
      0.29850000      3.18883976
      0.29900000      3.19028227
      0.29950000      3.19171250
      0.30000000      3.19313046
      0.30050000      3.19453616
      0.30100000      3.19592960
      0.30150000      3.19731078
      0.30200000      3.19867972
      0.30250000      3.20003641
      0.30300000      3.20138086
      0.30350000      3.20271308
      0.30400000      3.20403307
      0.30450000      3.20534083
      0.30500000      3.20663638
      0.30550000      3.20791971
      0.30600000      3.20919083
      0.30650000      3.21044974
      0.30700000      3.21169646
      0.30750000      3.21293098
      0.30800000      3.21415330
      0.30850000      3.21536344
      0.30900000      3.21656139
      0.30950000      3.21774717
      0.31000000      3.21892077
      0.31050000      3.22008220
      0.31100000      3.22123146
      0.31150000      3.22236856
      0.31200000      3.22349350
      0.31250000      3.22460628
      0.31300000      3.22570691
      0.31350000      3.22679540
      0.31400000      3.22787174
      0.31450000      3.22893593
      0.31500000      3.22998799
      0.31550000      3.23102792
      0.31600000      3.23205572
      0.31650000      3.23307138
      0.31700000      3.23407493
      0.31750000      3.23506635
      0.31800000      3.23604565
      0.31850000      3.23701284
      0.31900000      3.23796791
      0.31950000      3.23891087
      0.32000000      3.23984173
      0.32050000      3.24076048
      0.32100000      3.24166713
      0.32150000      3.24256168
      0.32200000      3.24344414
      0.32250000      3.24431450
      0.32300000      3.24517276
      0.32350000      3.24601894
      0.32400000      3.24685302
      0.32450000      3.24767503
      0.32500000      3.24848494
      0.32550000      3.24928278
      0.32600000      3.25006853
      0.32650000      3.25084221
      0.32700000      3.25160380
      0.32750000      3.25235333
      0.32800000      3.25309077
      0.32850000      3.25381615
      0.32900000      3.25452945
      0.32950000      3.25523069
      0.33000000      3.25591985
      0.33050000      3.25659695
      0.33100000      3.25726198
      0.33150000      3.25791495
      0.33200000      3.25855585
      0.33250000      3.25918469
      0.33300000      3.25980146
      0.33350000      3.26040617
      0.33400000      3.26099882
      0.33450000      3.26157941
      0.33500000      3.26214794
      0.33550000      3.26270441
      0.33600000      3.26324881
      0.33650000      3.26378116
      0.33700000      3.26430144
      0.33750000      3.26480967
      0.33800000      3.26530584
      0.33850000      3.26578994
      0.33900000      3.26626199
      0.33950000      3.26672197
      0.34000000      3.26716989
      0.34050000      3.26760575
      0.34100000      3.26802955
      0.34150000      3.26844129
      0.34200000      3.26884096
      0.34250000      3.26922857
      0.34300000      3.26960411
      0.34350000      3.26996759
      0.34400000      3.27031900
      0.34450000      3.27065834
      0.34500000      3.27098561
      0.34550000      3.27130081
      0.34600000      3.27160394
      0.34650000      3.27189500
      0.34700000      3.27217398
      0.34750000      3.27244088
      0.34800000      3.27269570
      0.34850000      3.27293845
      0.34900000      3.27316911
      0.34950000      3.27338768
      0.35000000      3.27359418
      0.35050000      3.27378858
      0.35100000      3.27397089
      0.35150000      3.27414111
      0.35200000      3.27429923
      0.35250000      3.27444526
      0.35300000      3.27457919
      0.35350000      3.27470101
      0.35400000      3.27481073
      0.35450000      3.27490834
      0.35500000      3.27499383
      0.35550000      3.27506721
      0.35600000      3.27512848
      0.35650000      3.27517762
      0.35700000      3.27521465
      0.35750000      3.27523954
      0.35800000      3.27525230
      0.35850000      3.27525293
      0.35900000      3.27524142
      0.35950000      3.27521777
      0.36000000      3.27518197
      0.36050000      3.27513403
      0.36100000      3.27507393
      0.36150000      3.27500167
      0.36200000      3.27491725
      0.36250000      3.27482067
      0.36300000      3.27471192
      0.36350000      3.27459099
      0.36400000      3.27445788
      0.36450000      3.27431259
      0.36500000      3.27415511
      0.36550000      3.27398544
      0.36600000      3.27380357
      0.36650000      3.27360950
      0.36700000      3.27340322
      0.36750000      3.27318473
      0.36800000      3.27295402
      0.36850000      3.27271109
      0.36900000      3.27245592
      0.36950000      3.27218853
      0.37000000      3.27190889
      0.37050000      3.27161701
      0.37100000      3.27131287
      0.37150000      3.27099648
      0.37200000      3.27066783
      0.37250000      3.27032691
      0.37300000      3.26997371
      0.37350000      3.26960823
      0.37400000      3.26923046
      0.37450000      3.26884039
      0.37500000      3.26843803
      0.37550000      3.26802336
      0.37600000      3.26759637
      0.37650000      3.26715706
      0.37700000      3.26670543
      0.37750000      3.26624146
      0.37800000      3.26576515
      0.37850000      3.26527649
      0.37900000      3.26477547
      0.37950000      3.26426209
      0.38000000      3.26373633
      0.38050000      3.26319820
      0.38100000      3.26264768
      0.38150000      3.26208477
      0.38200000      3.26150945
      0.38250000      3.26092173
      0.38300000      3.26032159
      0.38350000      3.25970902
      0.38400000      3.25908401
      0.38450000      3.25844657
      0.38500000      3.25779667
      0.38550000      3.25713431
      0.38600000      3.25645948
      0.38650000      3.25577218
      0.38700000      3.25507239
      0.38750000      3.25436011
      0.38800000      3.25363532
      0.38850000      3.25289802
      0.38900000      3.25214820
      0.38950000      3.25138584
      0.39000000      3.25061095
      0.39050000      3.24982350
      0.39100000      3.24902350
      0.39150000      3.24821093
      0.39200000      3.24738577
      0.39250000      3.24654803
      0.39300000      3.24569769
      0.39350000      3.24483474
      0.39400000      3.24395917
      0.39450000      3.24307097
      0.39500000      3.24217013
      0.39550000      3.24125663
      0.39600000      3.24033048
      0.39650000      3.23939166
      0.39700000      3.23844015
      0.39750000      3.23747595
      0.39800000      3.23649905
      0.39850000      3.23550943
      0.39900000      3.23450708
      0.39950000      3.23349200
      0.40000000      3.23246417
      0.40050000      3.23142357
      0.40100000      3.23037020
      0.40150000      3.22930405
      0.40200000      3.22822511
      0.40250000      3.22713335
      0.40300000      3.22602878
      0.40350000      3.22491137
      0.40400000      3.22378112
      0.40450000      3.22263802
      0.40500000      3.22148205
      0.40550000      3.22031319
      0.40600000      3.21913144
      0.40650000      3.21793679
      0.40700000      3.21672921
      0.40750000      3.21550871
      0.40800000      3.21427526
      0.40850000      3.21302885
      0.40900000      3.21176947
      0.40950000      3.21049710
      0.41000000      3.20921174
      0.41050000      3.20791337
      0.41100000      3.20660197
      0.41150000      3.20527753
      0.41200000      3.20394004
      0.41250000      3.20258949
      0.41300000      3.20122585
      0.41350000      3.19984912
      0.41400000      3.19845928
      0.41450000      3.19705632
      0.41500000      3.19564022
      0.41550000      3.19421097
      0.41600000      3.19276855
      0.41650000      3.19131295
      0.41700000      3.18984415
      0.41750000      3.18836215
      0.41800000      3.18686691
      0.41850000      3.18535844
      0.41900000      3.18383671
      0.41950000      3.18230171
      0.42000000      3.18075342
      0.42050000      3.17919183
      0.42100000      3.17761692
      0.42150000      3.17602868
      0.42200000      3.17442709
      0.42250000      3.17281213
      0.42300000      3.17118379
      0.42350000      3.16954205
      0.42400000      3.16788689
      0.42450000      3.16621831
      0.42500000      3.16453628
      0.42550000      3.16284079
      0.42600000      3.16113181
      0.42650000      3.15940934
      0.42700000      3.15767336
      0.42750000      3.15592384
      0.42800000      3.15416078
      0.42850000      3.15238415
      0.42900000      3.15059394
      0.42950000      3.14879013
      0.43000000      3.14697270
      0.43050000      3.14514164
      0.43100000      3.14329692
      0.43150000      3.14143854
      0.43200000      3.13956646
      0.43250000      3.13768069
      0.43300000      3.13578118
      0.43350000      3.13386794
      0.43400000      3.13194093
      0.43450000      3.13000015
      0.43500000      3.12804556
      0.43550000      3.12607717
      0.43600000      3.12409493
      0.43650000      3.12209885
      0.43700000      3.12008889
      0.43750000      3.11806504
      0.43800000      3.11602728
      0.43850000      3.11397559
      0.43900000      3.11190995
      0.43950000      3.10983034
      0.44000000      3.10773675
      0.44050000      3.10562915
      0.44100000      3.10350752
      0.44150000      3.10137185
      0.44200000      3.09922210
      0.44250000      3.09705828
      0.44300000      3.09488034
      0.44350000      3.09268828
      0.44400000      3.09048207
      0.44450000      3.08826170
      0.44500000      3.08602713
      0.44550000      3.08377836
      0.44600000      3.08151536
      0.44650000      3.07923811
      0.44700000      3.07694659
      0.44750000      3.07464078
      0.44800000      3.07232066
      0.44850000      3.06998620
      0.44900000      3.06763739
      0.44950000      3.06527420
      0.45000000      3.06289661
      0.45050000      3.06050461
      0.45100000      3.05809816
      0.45150000      3.05567726
      0.45200000      3.05324187
      0.45250000      3.05079197
      0.45300000      3.04832755
      0.45350000      3.04584857
      0.45400000      3.04335503
      0.45450000      3.04084689
      0.45500000      3.03832413
      0.45550000      3.03578674
      0.45600000      3.03323468
      0.45650000      3.03066795
      0.45700000      3.02808650
      0.45750000      3.02549033
      0.45800000      3.02287940
      0.45850000      3.02025370
      0.45900000      3.01761320
      0.45950000      3.01495788
      0.46000000      3.01228772
      0.46050000      3.00960269
      0.46100000      3.00690277
      0.46150000      3.00418794
      0.46200000      3.00145817
      0.46250000      2.99871343
      0.46300000      2.99595372
      0.46350000      2.99317899
      0.46400000      2.99038924
      0.46450000      2.98758442
      0.46500000      2.98476453
      0.46550000      2.98192954
      0.46600000      2.97907941
      0.46650000      2.97621414
      0.46700000      2.97333369
      0.46750000      2.97043803
      0.46800000      2.96752716
      0.46850000      2.96460103
      0.46900000      2.96165963
      0.46950000      2.95870293
      0.47000000      2.95573091
      0.47050000      2.95274354
      0.47100000      2.94974079
      0.47150000      2.94672265
      0.47200000      2.94368909
      0.47250000      2.94064008
      0.47300000      2.93757560
      0.47350000      2.93449562
      0.47400000      2.93140012
      0.47450000      2.92828907
      0.47500000      2.92516244
      0.47550000      2.92202022
      0.47600000      2.91886237
      0.47650000      2.91568888
      0.47700000      2.91249971
      0.47750000      2.90929483
      0.47800000      2.90607424
      0.47850000      2.90283789
      0.47900000      2.89958576
      0.47950000      2.89631783
      0.48000000      2.89303407
      0.48050000      2.88973446
      0.48100000      2.88641897
      0.48150000      2.88308756
      0.48200000      2.87974023
      0.48250000      2.87637694
      0.48300000      2.87299766
      0.48350000      2.86960238
      0.48400000      2.86619105
      0.48450000      2.86276366
      0.48500000      2.85932019
      0.48550000      2.85586060
      0.48600000      2.85238486
      0.48650000      2.84889296
      0.48700000      2.84538487
      0.48750000      2.84186055
      0.48800000      2.83831999
      0.48850000      2.83476315
      0.48900000      2.83119002
      0.48950000      2.82760056
      0.49000000      2.82399474
      0.49050000      2.82037255
      0.49100000      2.81673396
      0.49150000      2.81307893
      0.49200000      2.80940744
      0.49250000      2.80571947
      0.49300000      2.80201499
      0.49350000      2.79829397
      0.49400000      2.79455638
      0.49450000      2.79080221
      0.49500000      2.78703142
      0.49550000      2.78324399
      0.49600000      2.77943988
      0.49650000      2.77561909
      0.49700000      2.77178156
      0.49750000      2.76792729
      0.49800000      2.76405625
      0.49850000      2.76016840
      0.49900000      2.75626373
      0.49950000      2.75234220
      0.50000000      2.74840379
      0.50050000      2.74444848
      0.50100000      2.74047623
      0.50150000      2.73648702
      0.50200000      2.73248083
      0.50250000      2.72845763
      0.50300000      2.72441739
      0.50350000      2.72036008
      0.50400000      2.71628569
      0.50450000      2.71219418
      0.50500000      2.70808553
      0.50550000      2.70395972
      0.50600000      2.69981671
      0.50650000      2.69565649
      0.50700000      2.69147902
      0.50750000      2.68728428
      0.50800000      2.68307225
      0.50850000      2.67884290
      0.50900000      2.67459620
      0.50950000      2.67033213
      0.51000000      2.66605067
      0.51050000      2.66175179
      0.51100000      2.65743546
      0.51150000      2.65310166
      0.51200000      2.64875037
      0.51250000      2.64438155
      0.51300000      2.63999519
      0.51350000      2.63559127
      0.51400000      2.63116975
      0.51450000      2.62673061
      0.51500000      2.62227384
      0.51550000      2.61779939
      0.51600000      2.61330726
      0.51650000      2.60879742
      0.51700000      2.60426984
      0.51750000      2.59972450
      0.51800000      2.59516138
      0.51850000      2.59058045
      0.51900000      2.58598170
      0.51950000      2.58136509
      0.52000000      2.57673061
      0.52050000      2.57207823
      0.52100000      2.56740793
      0.52150000      2.56271970
      0.52200000      2.55801350
      0.52250000      2.55328931
      0.52300000      2.54854712
      0.52350000      2.54378690
      0.52400000      2.53900863
      0.52450000      2.53421229
      0.52500000      2.52939787
      0.52550000      2.52456533
      0.52600000      2.51971466
      0.52650000      2.51484583
      0.52700000      2.50995884
      0.52750000      2.50505366
      0.52800000      2.50013026
      0.52850000      2.49518864
      0.52900000      2.49022877
      0.52950000      2.48525063
      0.53000000      2.48025420
      0.53050000      2.47523947
      0.53100000      2.47020642
      0.53150000      2.46515503
      0.53200000      2.46008528
      0.53250000      2.45499716
      0.53300000      2.44989065
      0.53350000      2.44476574
      0.53400000      2.43962240
      0.53450000      2.43446062
      0.53500000      2.42928039
      0.53550000      2.42408169
      0.53600000      2.41886450
      0.53650000      2.41362882
      0.53700000      2.40837462
      0.53750000      2.40310189
      0.53800000      2.39781063
      0.53850000      2.39250081
      0.53900000      2.38717243
      0.53950000      2.38182546
      0.54000000      2.37645991
      0.54050000      2.37107576
      0.54100000      2.36567299
      0.54150000      2.36025160
      0.54200000      2.35481157
      0.54250000      2.34935290
      0.54300000      2.34387557
      0.54350000      2.33837958
      0.54400000      2.33286492
      0.54450000      2.32733157
      0.54500000      2.32177954
      0.54550000      2.31620882
      0.54600000      2.31061939
      0.54650000      2.30501125
      0.54700000      2.29938440
      0.54750000      2.29373882
      0.54800000      2.28807452
      0.54850000      2.28239149
      0.54900000      2.27668973
      0.54950000      2.27096923
      0.55000000      2.26522999
      0.55050000      2.25947200
      0.55100000      2.25369527
      0.55150000      2.24789980
      0.55200000      2.24208558
      0.55250000      2.23625261
      0.55300000      2.23040089
      0.55350000      2.22453043
      0.55400000      2.21864122
      0.55450000      2.21273327
      0.55500000      2.20680658
      0.55550000      2.20086116
      0.55600000      2.19489700
      0.55650000      2.18891412
      0.55700000      2.18291251
      0.55750000      2.17689219
      0.55800000      2.17085315
      0.55850000      2.16479541
      0.55900000      2.15871898
      0.55950000      2.15262386
      0.56000000      2.14651007
      0.56050000      2.14037760
      0.56100000      2.13422648
      0.56150000      2.12805672
      0.56200000      2.12186832
      0.56250000      2.11566130
      0.56300000      2.10943567
      0.56350000      2.10319145
      0.56400000      2.09692865
      0.56450000      2.09064729
      0.56500000      2.08434739
      0.56550000      2.07802896
      0.56600000      2.07169201
      0.56650000      2.06533658
      0.56700000      2.05896268
      0.56750000      2.05257032
      0.56800000      2.04615954
      0.56850000      2.03973035
      0.56900000      2.03328277
      0.56950000      2.02681684
      0.57000000      2.02033257
      0.57050000      2.01382999
      0.57100000      2.00730914
      0.57150000      2.00077002
      0.57200000      1.99421268
      0.57250000      1.98763714
      0.57300000      1.98104344
      0.57350000      1.97443160
      0.57400000      1.96780166
      0.57450000      1.96115365
      0.57500000      1.95448760
      0.57550000      1.94780355
      0.57600000      1.94110154
      0.57650000      1.93438160
      0.57700000      1.92764377
      0.57750000      1.92088808
      0.57800000      1.91411459
      0.57850000      1.90732333
      0.57900000      1.90051434
      0.57950000      1.89368767
      0.58000000      1.88684335
      0.58050000      1.87998144
      0.58100000      1.87310198
      0.58150000      1.86620502
      0.58200000      1.85929061
      0.58250000      1.85235880
      0.58300000      1.84540963
      0.58350000      1.83844316
      0.58400000      1.83145944
      0.58450000      1.82445853
      0.58500000      1.81744049
      0.58550000      1.81040535
      0.58600000      1.80335320
      0.58650000      1.79628408
      0.58700000      1.78919805
      0.58750000      1.78209518
      0.58800000      1.77497552
      0.58850000      1.76783914
      0.58900000      1.76068611
      0.58950000      1.75351649
      0.59000000      1.74633035
      0.59050000      1.73912775
      0.59100000      1.73190876
      0.59150000      1.72467347
      0.59200000      1.71742193
      0.59250000      1.71015422
      0.59300000      1.70287041
      0.59350000      1.69557059
      0.59400000      1.68825483
      0.59450000      1.68092320
      0.59500000      1.67357578
      0.59550000      1.66621266
      0.59600000      1.65883392
      0.59650000      1.65143964
      0.59700000      1.64402991
      0.59750000      1.63660481
      0.59800000      1.62916443
      0.59850000      1.62170885
      0.59900000      1.61423818
      0.59950000      1.60675249
      0.60000000      1.59925188
      0.60050000      1.59173645
      0.60100000      1.58420629
      0.60150000      1.57666149
      0.60200000      1.56910216
      0.60250000      1.56152839
      0.60300000      1.55394029
      0.60350000      1.54633795
      0.60400000      1.53872148
      0.60450000      1.53109099
      0.60500000      1.52344658
      0.60550000      1.51578835
      0.60600000      1.50811641
      0.60650000      1.50043089
      0.60700000      1.49273188
      0.60750000      1.48501950
      0.60800000      1.47729386
      0.60850000      1.46955508
      0.60900000      1.46180328
      0.60950000      1.45403857
      0.61000000      1.44626107
      0.61050000      1.43847091
      0.61100000      1.43066820
      0.61150000      1.42285308
      0.61200000      1.41502566
      0.61250000      1.40718606
      0.61300000      1.39933443
      0.61350000      1.39147088
      0.61400000      1.38359555
      0.61450000      1.37570857
      0.61500000      1.36781007
      0.61550000      1.35990019
      0.61600000      1.35197906
      0.61650000      1.34404681
      0.61700000      1.33610359
      0.61750000      1.32814954
      0.61800000      1.32018479
      0.61850000      1.31220949
      0.61900000      1.30422379
      0.61950000      1.29622782
      0.62000000      1.28822173
      0.62050000      1.28020567
      0.62100000      1.27217978
      0.62150000      1.26414423
      0.62200000      1.25609915
      0.62250000      1.24804470
      0.62300000      1.23998104
      0.62350000      1.23190831
      0.62400000      1.22382667
      0.62450000      1.21573629
      0.62500000      1.20763731
      0.62550000      1.19952991
      0.62600000      1.19141422
      0.62650000      1.18329043
      0.62700000      1.17515869
      0.62750000      1.16701917
      0.62800000      1.15887203
      0.62850000      1.15071743
      0.62900000      1.14255555
      0.62950000      1.13438655
      0.63000000      1.12621060
      0.63050000      1.11802787
      0.63100000      1.10983853
      0.63150000      1.10164276
      0.63200000      1.09344072
      0.63250000      1.08523260
      0.63300000      1.07701857
      0.63350000      1.06879880
      0.63400000      1.06057347
      0.63450000      1.05234275
      0.63500000      1.04410684
      0.63550000      1.03586590
      0.63600000      1.02762012
      0.63650000      1.01936968
      0.63700000      1.01111477
      0.63750000      1.00285555
      0.63800000      0.99459223
      0.63850000      0.98632498
      0.63900000      0.97805398
      0.63950000      0.96977943
      0.64000000      0.96150152
      0.64050000      0.95322042
      0.64100000      0.94493633
      0.64150000      0.93664944
      0.64200000      0.92835993
      0.64250000      0.92006800
      0.64300000      0.91177383
      0.64350000      0.90347763
      0.64400000      0.89517957
      0.64450000      0.88687985
      0.64500000      0.87857867
      0.64550000      0.87027622
      0.64600000      0.86197269
      0.64650000      0.85366828
      0.64700000      0.84536317
      0.64750000      0.83705757
      0.64800000      0.82875168
      0.64850000      0.82044568
      0.64900000      0.81213977
      0.64950000      0.80383415
      0.65000000      0.79552902
      0.65050000      0.78722457
      0.65100000      0.77892099
      0.65150000      0.77061850
      0.65200000      0.76231728
      0.65250000      0.75401753
      0.65300000      0.74571945
      0.65350000      0.73742324
      0.65400000      0.72912909
      0.65450000      0.72083720
      0.65500000      0.71254778
      0.65550000      0.70426101
      0.65600000      0.69597710
      0.65650000      0.68769625
      0.65700000      0.67941865
      0.65750000      0.67114449
      0.65800000      0.66287399
      0.65850000      0.65460733
      0.65900000      0.64634471
      0.65950000      0.63808633
      0.66000000      0.62983239
      0.66050000      0.62158309
      0.66100000      0.61333861
      0.66150000      0.60509915
      0.66200000      0.59686492
      0.66250000      0.58863610
      0.66300000      0.58041290
      0.66350000      0.57219550
      0.66400000      0.56398411
      0.66450000      0.55577890
      0.66500000      0.54758009
      0.66550000      0.53938786
      0.66600000      0.53120240
      0.66650000      0.52302390
      0.66700000      0.51485256
      0.66750000      0.50668857
      0.66800000      0.49853212
      0.66850000      0.49038339
      0.66900000      0.48224258
      0.66950000      0.47410988
      0.67000000      0.46598546
      0.67050000      0.45786953
      0.67100000      0.44976226
      0.67150000      0.44166384
      0.67200000      0.43357445
      0.67250000      0.42549429
      0.67300000      0.41742353
      0.67350000      0.40936235
      0.67400000      0.40131093
      0.67450000      0.39326947
      0.67500000      0.38523813
      0.67550000      0.37721709
      0.67600000      0.36920654
      0.67650000      0.36120664
      0.67700000      0.35321758
      0.67750000      0.34523953
      0.67800000      0.33727267
      0.67850000      0.32931716
      0.67900000      0.32137318
      0.67950000      0.31344091
      0.68000000      0.30552050
      0.68050000      0.29761213
      0.68100000      0.28971597
      0.68150000      0.28183218
      0.68200000      0.27396092
      0.68250000      0.26610237
      0.68300000      0.25825669
      0.68350000      0.25042403
      0.68400000      0.24260457
      0.68450000      0.23479845
      0.68500000      0.22700583
      0.68550000      0.21922688
      0.68600000      0.21146175
      0.68650000      0.20371059
      0.68700000      0.19597356
      0.68750000      0.18825081
      0.68800000      0.18054249
      0.68850000      0.17284875
      0.68900000      0.16516974
      0.68950000      0.15750561
      0.69000000      0.14985649
      0.69050000      0.14222254
      0.69100000      0.13460390
      0.69150000      0.12700071
      0.69200000      0.11941311
      0.69250000      0.11184124
      0.69300000      0.10428523
      0.69350000      0.09674523
      0.69400000      0.08922136
      0.69450000      0.08171377
      0.69500000      0.07422258
      0.69550000      0.06674792
      0.69600000      0.05928992
      0.69650000      0.05184872
      0.69700000      0.04442443
      0.69750000      0.03701718
      0.69800000      0.02962710
      0.69850000      0.02225431
      0.69900000      0.01489892
      0.69950000      0.00756106
      0.70000000      0.00024085
      0.70050000     -0.00706160
      0.70100000     -0.01434618
      0.70150000     -0.02161277
      0.70200000     -0.02886125
      0.70250000     -0.03609153
      0.70300000     -0.04330348
      0.70350000     -0.05049701
      0.70400000     -0.05767200
      0.70450000     -0.06482835
      0.70500000     -0.07196596
      0.70550000     -0.07908473
      0.70600000     -0.08618455
      0.70650000     -0.09326532
      0.70700000     -0.10032696
      0.70750000     -0.10736936
      0.70800000     -0.11439243
      0.70850000     -0.12139607
      0.70900000     -0.12838020
      0.70950000     -0.13534472
      0.71000000     -0.14228955
      0.71050000     -0.14921460
      0.71100000     -0.15611977
      0.71150000     -0.16300500
      0.71200000     -0.16987019
      0.71250000     -0.17671526
      0.71300000     -0.18354014
      0.71350000     -0.19034473
      0.71400000     -0.19712898
      0.71450000     -0.20389280
      0.71500000     -0.21063611
      0.71550000     -0.21735884
      0.71600000     -0.22406093
      0.71650000     -0.23074230
      0.71700000     -0.23740288
      0.71750000     -0.24404260
      0.71800000     -0.25066140
      0.71850000     -0.25725922
      0.71900000     -0.26383598
      0.71950000     -0.27039163
      0.72000000     -0.27692611
      0.72050000     -0.28343936
      0.72100000     -0.28993131
      0.72150000     -0.29640192
      0.72200000     -0.30285112
      0.72250000     -0.30927886
      0.72300000     -0.31568509
      0.72350000     -0.32206976
      0.72400000     -0.32843282
      0.72450000     -0.33477421
      0.72500000     -0.34109389
      0.72550000     -0.34739182
      0.72600000     -0.35366794
      0.72650000     -0.35992222
      0.72700000     -0.36615461
      0.72750000     -0.37236507
      0.72800000     -0.37855355
      0.72850000     -0.38472003
      0.72900000     -0.39086445
      0.72950000     -0.39698679
      0.73000000     -0.40308701
      0.73050000     -0.40916507
      0.73100000     -0.41522094
      0.73150000     -0.42125459
      0.73200000     -0.42726598
      0.73250000     -0.43325510
      0.73300000     -0.43922190
      0.73350000     -0.44516636
      0.73400000     -0.45108846
      0.73450000     -0.45698817
      0.73500000     -0.46286546
      0.73550000     -0.46872031
      0.73600000     -0.47455269
      0.73650000     -0.48036260
      0.73700000     -0.48615000
      0.73750000     -0.49191487
      0.73800000     -0.49765721
      0.73850000     -0.50337699
      0.73900000     -0.50907419
      0.73950000     -0.51474881
      0.74000000     -0.52040082
      0.74050000     -0.52603021
      0.74100000     -0.53163698
      0.74150000     -0.53722110
      0.74200000     -0.54278258
      0.74250000     -0.54832139
      0.74300000     -0.55383753
      0.74350000     -0.55933100
      0.74400000     -0.56480178
      0.74450000     -0.57024988
      0.74500000     -0.57567528
      0.74550000     -0.58107798
      0.74600000     -0.58645799
      0.74650000     -0.59181529
      0.74700000     -0.59714988
      0.74750000     -0.60246177
      0.74800000     -0.60775095
      0.74850000     -0.61301743
      0.74900000     -0.61826121
      0.74950000     -0.62348228
      0.75000000     -0.62868066
      0.75050000     -0.63385635
      0.75100000     -0.63900935
      0.75150000     -0.64413967
      0.75200000     -0.64924731
      0.75250000     -0.65433228
      0.75300000     -0.65939459
      0.75350000     -0.66443426
      0.75400000     -0.66945127
      0.75450000     -0.67444566
      0.75500000     -0.67941743
      0.75550000     -0.68436658
      0.75600000     -0.68929314
      0.75650000     -0.69419711
      0.75700000     -0.69907851
      0.75750000     -0.70393735
      0.75800000     -0.70877364
      0.75850000     -0.71358741
      0.75900000     -0.71837867
      0.75950000     -0.72314743
      0.76000000     -0.72789371
      0.76050000     -0.73261753
      0.76100000     -0.73731891
      0.76150000     -0.74199787
      0.76200000     -0.74665442
      0.76250000     -0.75128858
      0.76300000     -0.75590039
      0.76350000     -0.76048985
      0.76400000     -0.76505699
      0.76450000     -0.76960183
      0.76500000     -0.77412439
      0.76550000     -0.77862470
      0.76600000     -0.78310278
      0.76650000     -0.78755866
      0.76700000     -0.79199236
      0.76750000     -0.79640390
      0.76800000     -0.80079331
      0.76850000     -0.80516062
      0.76900000     -0.80950585
      0.76950000     -0.81382903
      0.77000000     -0.81813018
      0.77050000     -0.82240935
      0.77100000     -0.82666654
      0.77150000     -0.83090180
      0.77200000     -0.83511515
      0.77250000     -0.83930662
      0.77300000     -0.84347624
      0.77350000     -0.84762404
      0.77400000     -0.85175005
      0.77450000     -0.85585430
      0.77500000     -0.85993683
      0.77550000     -0.86399766
      0.77600000     -0.86803683
      0.77650000     -0.87205438
      0.77700000     -0.87605032
      0.77750000     -0.88002470
      0.77800000     -0.88397755
      0.77850000     -0.88790890
      0.77900000     -0.89181879
      0.77950000     -0.89570726
      0.78000000     -0.89957432
      0.78050000     -0.90342003
      0.78100000     -0.90724442
      0.78150000     -0.91104752
      0.78200000     -0.91482937
      0.78250000     -0.91859000
      0.78300000     -0.92232945
      0.78350000     -0.92604777
      0.78400000     -0.92974497
      0.78450000     -0.93342111
      0.78500000     -0.93707621
      0.78550000     -0.94071033
      0.78600000     -0.94432348
      0.78650000     -0.94791572
      0.78700000     -0.95148708
      0.78750000     -0.95503761
      0.78800000     -0.95856732
      0.78850000     -0.96207628
      0.78900000     -0.96556451
      0.78950000     -0.96903206
      0.79000000     -0.97247897
      0.79050000     -0.97590527
      0.79100000     -0.97931101
      0.79150000     -0.98269622
      0.79200000     -0.98606095
      0.79250000     -0.98940523
      0.79300000     -0.99272911
      0.79350000     -0.99603263
      0.79400000     -0.99931583
      0.79450000     -1.00257874
      0.79500000     -1.00582142
      0.79550000     -1.00904390
      0.79600000     -1.01224623
      0.79650000     -1.01542844
      0.79700000     -1.01859058
      0.79750000     -1.02173269
      0.79800000     -1.02485481
      0.79850000     -1.02795698
      0.79900000     -1.03103925
      0.79950000     -1.03410166
      0.80000000     -1.03714425
      0.80050000     -1.04016707
      0.80100000     -1.04317015
      0.80150000     -1.04615354
      0.80200000     -1.04911728
      0.80250000     -1.05206142
      0.80300000     -1.05498600
      0.80350000     -1.05789106
      0.80400000     -1.06077664
      0.80450000     -1.06364280
      0.80500000     -1.06648956
      0.80550000     -1.06931698
      0.80600000     -1.07212510
      0.80650000     -1.07491396
      0.80700000     -1.07768361
      0.80750000     -1.08043409
      0.80800000     -1.08316544
      0.80850000     -1.08587771
      0.80900000     -1.08857094
      0.80950000     -1.09124517
      0.81000000     -1.09390046
      0.81050000     -1.09653684
      0.81100000     -1.09915436
      0.81150000     -1.10175306
      0.81200000     -1.10433298
      0.81250000     -1.10689418
      0.81300000     -1.10943669
      0.81350000     -1.11196055
      0.81400000     -1.11446583
      0.81450000     -1.11695255
      0.81500000     -1.11942076
      0.81550000     -1.12187050
      0.81600000     -1.12430183
      0.81650000     -1.12671478
      0.81700000     -1.12910940
      0.81750000     -1.13148573
      0.81800000     -1.13384382
      0.81850000     -1.13618372
      0.81900000     -1.13850546
      0.81950000     -1.14080909
      0.82000000     -1.14309465
      0.82050000     -1.14536220
      0.82100000     -1.14761177
      0.82150000     -1.14984341
      0.82200000     -1.15205716
      0.82250000     -1.15425306
      0.82300000     -1.15643117
      0.82350000     -1.15859153
      0.82400000     -1.16073417
      0.82450000     -1.16285915
      0.82500000     -1.16496650
      0.82550000     -1.16705628
      0.82600000     -1.16912853
      0.82650000     -1.17118329
      0.82700000     -1.17322060
      0.82750000     -1.17524051
      0.82800000     -1.17724307
      0.82850000     -1.17922831
      0.82900000     -1.18119628
      0.82950000     -1.18314703
      0.83000000     -1.18508060
      0.83050000     -1.18699704
      0.83100000     -1.18889638
      0.83150000     -1.19077867
      0.83200000     -1.19264395
      0.83250000     -1.19449228
      0.83300000     -1.19632368
      0.83350000     -1.19813822
      0.83400000     -1.19993592
      0.83450000     -1.20171683
      0.83500000     -1.20348101
      0.83550000     -1.20522848
      0.83600000     -1.20695930
      0.83650000     -1.20867350
      0.83700000     -1.21037113
      0.83750000     -1.21205224
      0.83800000     -1.21371686
      0.83850000     -1.21536505
      0.83900000     -1.21699683
      0.83950000     -1.21861227
      0.84000000     -1.22021139
      0.84050000     -1.22179424
      0.84100000     -1.22336087
      0.84150000     -1.22491132
      0.84200000     -1.22644563
      0.84250000     -1.22796384
      0.84300000     -1.22946599
      0.84350000     -1.23095214
      0.84400000     -1.23242231
      0.84450000     -1.23387656
      0.84500000     -1.23531493
      0.84550000     -1.23673745
      0.84600000     -1.23814417
      0.84650000     -1.23953513
      0.84700000     -1.24091038
      0.84750000     -1.24226996
      0.84800000     -1.24361390
      0.84850000     -1.24494225
      0.84900000     -1.24625506
      0.84950000     -1.24755236
      0.85000000     -1.24883419
      0.85050000     -1.25010060
      0.85100000     -1.25135163
      0.85150000     -1.25258732
      0.85200000     -1.25380771
      0.85250000     -1.25501284
      0.85300000     -1.25620276
      0.85350000     -1.25737750
      0.85400000     -1.25853710
      0.85450000     -1.25968162
      0.85500000     -1.26081108
      0.85550000     -1.26192553
      0.85600000     -1.26302501
      0.85650000     -1.26410956
      0.85700000     -1.26517921
      0.85750000     -1.26623403
      0.85800000     -1.26727403
      0.85850000     -1.26829926
      0.85900000     -1.26930977
      0.85950000     -1.27030558
      0.86000000     -1.27128675
      0.86050000     -1.27225332
      0.86100000     -1.27320531
      0.86150000     -1.27414278
      0.86200000     -1.27506576
      0.86250000     -1.27597429
      0.86300000     -1.27686841
      0.86350000     -1.27774816
      0.86400000     -1.27861358
      0.86450000     -1.27946472
      0.86500000     -1.28030160
      0.86550000     -1.28112427
      0.86600000     -1.28193276
      0.86650000     -1.28272713
      0.86700000     -1.28350739
      0.86750000     -1.28427361
      0.86800000     -1.28502580
      0.86850000     -1.28576402
      0.86900000     -1.28648829
      0.86950000     -1.28719867
      0.87000000     -1.28789518
      0.87050000     -1.28857787
      0.87100000     -1.28924677
      0.87150000     -1.28990192
      0.87200000     -1.29054337
      0.87250000     -1.29117114
      0.87300000     -1.29178527
      0.87350000     -1.29238581
      0.87400000     -1.29297280
      0.87450000     -1.29354626
      0.87500000     -1.29410624
      0.87550000     -1.29465277
      0.87600000     -1.29518589
      0.87650000     -1.29570565
      0.87700000     -1.29621207
      0.87750000     -1.29670519
      0.87800000     -1.29718506
      0.87850000     -1.29765170
      0.87900000     -1.29810515
      0.87950000     -1.29854546
      0.88000000     -1.29897266
      0.88050000     -1.29938678
      0.88100000     -1.29978786
      0.88150000     -1.30017594
      0.88200000     -1.30055105
      0.88250000     -1.30091324
      0.88300000     -1.30126253
      0.88350000     -1.30159896
      0.88400000     -1.30192258
      0.88450000     -1.30223340
      0.88500000     -1.30253148
      0.88550000     -1.30281685
      0.88600000     -1.30308954
      0.88650000     -1.30334958
      0.88700000     -1.30359702
      0.88750000     -1.30383189
      0.88800000     -1.30405423
      0.88850000     -1.30426406
      0.88900000     -1.30446143
      0.88950000     -1.30464637
      0.89000000     -1.30481891
      0.89050000     -1.30497909
      0.89100000     -1.30512695
      0.89150000     -1.30526252
      0.89200000     -1.30538584
      0.89250000     -1.30549693
      0.89300000     -1.30559584
      0.89350000     -1.30568259
      0.89400000     -1.30575723
      0.89450000     -1.30581979
      0.89500000     -1.30587030
      0.89550000     -1.30590879
      0.89600000     -1.30593530
      0.89650000     -1.30594987
      0.89700000     -1.30595252
      0.89750000     -1.30594330
      0.89800000     -1.30592223
      0.89850000     -1.30588935
      0.89900000     -1.30584469
      0.89950000     -1.30578828
      0.90000000     -1.30572017
      0.90050000     -1.30564038
      0.90100000     -1.30554895
      0.90150000     -1.30544590
      0.90200000     -1.30533128
      0.90250000     -1.30520511
      0.90300000     -1.30506743
      0.90350000     -1.30491828
      0.90400000     -1.30475767
      0.90450000     -1.30458566
      0.90500000     -1.30440226
      0.90550000     -1.30420751
      0.90600000     -1.30400145
      0.90650000     -1.30378411
      0.90700000     -1.30355552
      0.90750000     -1.30331570
      0.90800000     -1.30306470
      0.90850000     -1.30280255
      0.90900000     -1.30252928
      0.90950000     -1.30224491
      0.91000000     -1.30194949
      0.91050000     -1.30164304
      0.91100000     -1.30132560
      0.91150000     -1.30099719
      0.91200000     -1.30065785
      0.91250000     -1.30030761
      0.91300000     -1.29994651
      0.91350000     -1.29957456
      0.91400000     -1.29919182
      0.91450000     -1.29879829
      0.91500000     -1.29839403
      0.91550000     -1.29797905
      0.91600000     -1.29755339
      0.91650000     -1.29711708
      0.91700000     -1.29667015
      0.91750000     -1.29621263
      0.91800000     -1.29574456
      0.91850000     -1.29526595
      0.91900000     -1.29477685
      0.91950000     -1.29427729
      0.92000000     -1.29376729
      0.92050000     -1.29324688
      0.92100000     -1.29271610
      0.92150000     -1.29217497
      0.92200000     -1.29162353
      0.92250000     -1.29106181
      0.92300000     -1.29048983
      0.92350000     -1.28990763
      0.92400000     -1.28931523
      0.92450000     -1.28871266
      0.92500000     -1.28809997
      0.92550000     -1.28747716
      0.92600000     -1.28684429
      0.92650000     -1.28620136
      0.92700000     -1.28554842
      0.92750000     -1.28488549
      0.92800000     -1.28421260
      0.92850000     -1.28352979
      0.92900000     -1.28283708
      0.92950000     -1.28213449
      0.93000000     -1.28142207
      0.93050000     -1.28069983
      0.93100000     -1.27996781
      0.93150000     -1.27922604
      0.93200000     -1.27847454
      0.93250000     -1.27771334
      0.93300000     -1.27694248
      0.93350000     -1.27616197
      0.93400000     -1.27537186
      0.93450000     -1.27457217
      0.93500000     -1.27376292
      0.93550000     -1.27294414
      0.93600000     -1.27211587
      0.93650000     -1.27127813
      0.93700000     -1.27043095
      0.93750000     -1.26957436
      0.93800000     -1.26870839
      0.93850000     -1.26783305
      0.93900000     -1.26694839
      0.93950000     -1.26605443
      0.94000000     -1.26515120
      0.94050000     -1.26423873
      0.94100000     -1.26331703
      0.94150000     -1.26238615
      0.94200000     -1.26144611
      0.94250000     -1.26049693
      0.94300000     -1.25953864
      0.94350000     -1.25857128
      0.94400000     -1.25759487
      0.94450000     -1.25660943
      0.94500000     -1.25561499
      0.94550000     -1.25461159
      0.94600000     -1.25359924
      0.94650000     -1.25257798
      0.94700000     -1.25154782
      0.94750000     -1.25050881
      0.94800000     -1.24946096
      0.94850000     -1.24840431
      0.94900000     -1.24733887
      0.94950000     -1.24626468
      0.95000000     -1.24518177
      0.95050000     -1.24409015
      0.95100000     -1.24298986
      0.95150000     -1.24188092
      0.95200000     -1.24076336
      0.95250000     -1.23963720
      0.95300000     -1.23850248
      0.95350000     -1.23735922
      0.95400000     -1.23620744
      0.95450000     -1.23504717
      0.95500000     -1.23387844
      0.95550000     -1.23270127
      0.95600000     -1.23151569
      0.95650000     -1.23032172
      0.95700000     -1.22911940
      0.95750000     -1.22790874
      0.95800000     -1.22668978
      0.95850000     -1.22546253
      0.95900000     -1.22422703
      0.95950000     -1.22298331
      0.96000000     -1.22173137
      0.96050000     -1.22047126
      0.96100000     -1.21920300
      0.96150000     -1.21792660
      0.96200000     -1.21664211
      0.96250000     -1.21534954
      0.96300000     -1.21404892
      0.96350000     -1.21274027
      0.96400000     -1.21142363
      0.96450000     -1.21009900
      0.96500000     -1.20876643
      0.96550000     -1.20742594
      0.96600000     -1.20607754
      0.96650000     -1.20472127
      0.96700000     -1.20335715
      0.96750000     -1.20198521
      0.96800000     -1.20060546
      0.96850000     -1.19921794
      0.96900000     -1.19782268
      0.96950000     -1.19641968
      0.97000000     -1.19500899
      0.97050000     -1.19359062
      0.97100000     -1.19216460
      0.97150000     -1.19073095
      0.97200000     -1.18928970
      0.97250000     -1.18784087
      0.97300000     -1.18638449
      0.97350000     -1.18492059
      0.97400000     -1.18344917
      0.97450000     -1.18197028
      0.97500000     -1.18048393
      0.97550000     -1.17899015
      0.97600000     -1.17748897
      0.97650000     -1.17598040
      0.97700000     -1.17446447
      0.97750000     -1.17294121
      0.97800000     -1.17141064
      0.97850000     -1.16987278
      0.97900000     -1.16832766
      0.97950000     -1.16677530
      0.98000000     -1.16521573
      0.98050000     -1.16364896
      0.98100000     -1.16207503
      0.98150000     -1.16049395
      0.98200000     -1.15890576
      0.98250000     -1.15731047
      0.98300000     -1.15570810
      0.98350000     -1.15409869
      0.98400000     -1.15248226
      0.98450000     -1.15085882
      0.98500000     -1.14922840
      0.98550000     -1.14759103
      0.98600000     -1.14594673
      0.98650000     -1.14429552
      0.98700000     -1.14263742
      0.98750000     -1.14097247
      0.98800000     -1.13930068
      0.98850000     -1.13762207
      0.98900000     -1.13593667
      0.98950000     -1.13424450
      0.99000000     -1.13254559
      0.99050000     -1.13083995
      0.99100000     -1.12912762
      0.99150000     -1.12740861
      0.99200000     -1.12568295
      0.99250000     -1.12395065
      0.99300000     -1.12221175
      0.99350000     -1.12046627
      0.99400000     -1.11871422
      0.99450000     -1.11695564
      0.99500000     -1.11519054
      0.99550000     -1.11341895
      0.99600000     -1.11164088
      0.99650000     -1.10985637
      0.99700000     -1.10806543
      0.99750000     -1.10626809
      0.99800000     -1.10446437
      0.99850000     -1.10265430
      0.99900000     -1.10083788
      0.99950000     -1.09901516
      1.00000000     -1.09718614
      1.00050000     -1.09535086
      1.00100000     -1.09350933
      1.00150000     -1.09166158
      1.00200000     -1.08980763
      1.00250000     -1.08794750
      1.00300000     -1.08608122
      1.00350000     -1.08420880
      1.00400000     -1.08233026
      1.00450000     -1.08044564
      1.00500000     -1.07855495
      1.00550000     -1.07665822
      1.00600000     -1.07475546
      1.00650000     -1.07284670
      1.00700000     -1.07093196
      1.00750000     -1.06901126
      1.00800000     -1.06708463
      1.00850000     -1.06515209
      1.00900000     -1.06321365
      1.00950000     -1.06126934
      1.01000000     -1.05931919
      1.01050000     -1.05736320
      1.01100000     -1.05540142
      1.01150000     -1.05343385
      1.01200000     -1.05146052
      1.01250000     -1.04948145
      1.01300000     -1.04749666
      1.01350000     -1.04550617
      1.01400000     -1.04351002
      1.01450000     -1.04150820
      1.01500000     -1.03950076
      1.01550000     -1.03748770
      1.01600000     -1.03546906
      1.01650000     -1.03344485
      1.01700000     -1.03141510
      1.01750000     -1.02937982
      1.01800000     -1.02733903
      1.01850000     -1.02529277
      1.01900000     -1.02324104
      1.01950000     -1.02118388
      1.02000000     -1.01912130
      1.02050000     -1.01705332
      1.02100000     -1.01497996
      1.02150000     -1.01290125
      1.02200000     -1.01081721
      1.02250000     -1.00872786
      1.02300000     -1.00663321
      1.02350000     -1.00453330
      1.02400000     -1.00242813
      1.02450000     -1.00031774
      1.02500000     -0.99820214
      1.02550000     -0.99608136
      1.02600000     -0.99395541
      1.02650000     -0.99182431
      1.02700000     -0.98968810
      1.02750000     -0.98754678
      1.02800000     -0.98540038
      1.02850000     -0.98324892
      1.02900000     -0.98109242
      1.02950000     -0.97893090
      1.03000000     -0.97676438
      1.03050000     -0.97459289
      1.03100000     -0.97241644
      1.03150000     -0.97023505
      1.03200000     -0.96804874
      1.03250000     -0.96585755
      1.03300000     -0.96366147
      1.03350000     -0.96146055
      1.03400000     -0.95925479
      1.03450000     -0.95704422
      1.03500000     -0.95482885
      1.03550000     -0.95260872
      1.03600000     -0.95038383
      1.03650000     -0.94815422
      1.03700000     -0.94591989
      1.03750000     -0.94368087
      1.03800000     -0.94143719
      1.03850000     -0.93918885
      1.03900000     -0.93693589
      1.03950000     -0.93467832
      1.04000000     -0.93241616
      1.04050000     -0.93014943
      1.04100000     -0.92787815
      1.04150000     -0.92560235
      1.04200000     -0.92332204
      1.04250000     -0.92103724
      1.04300000     -0.91874798
      1.04350000     -0.91645427
      1.04400000     -0.91415613
      1.04450000     -0.91185359
      1.04500000     -0.90954666
      1.04550000     -0.90723537
      1.04600000     -0.90491973
      1.04650000     -0.90259976
      1.04700000     -0.90027549
      1.04750000     -0.89794693
      1.04800000     -0.89561411
      1.04850000     -0.89327703
      1.04900000     -0.89093574
      1.04950000     -0.88859023
      1.05000000     -0.88624054
      1.05050000     -0.88388669
      1.05100000     -0.88152869
      1.05150000     -0.87916656
      1.05200000     -0.87680032
      1.05250000     -0.87442999
      1.05300000     -0.87205560
      1.05350000     -0.86967716
      1.05400000     -0.86729470
      1.05450000     -0.86490822
      1.05500000     -0.86251776
      1.05550000     -0.86012333
      1.05600000     -0.85772494
      1.05650000     -0.85532263
      1.05700000     -0.85291641
      1.05750000     -0.85050630
      1.05800000     -0.84809232
      1.05850000     -0.84567449
      1.05900000     -0.84325282
      1.05950000     -0.84082735
      1.06000000     -0.83839808
      1.06050000     -0.83596504
      1.06100000     -0.83352824
      1.06150000     -0.83108771
      1.06200000     -0.82864347
      1.06250000     -0.82619553
      1.06300000     -0.82374392
      1.06350000     -0.82128865
      1.06400000     -0.81882974
      1.06450000     -0.81636721
      1.06500000     -0.81390109
      1.06550000     -0.81143139
      1.06600000     -0.80895813
      1.06650000     -0.80648133
      1.06700000     -0.80400100
      1.06750000     -0.80151718
      1.06800000     -0.79902987
      1.06850000     -0.79653910
      1.06900000     -0.79404489
      1.06950000     -0.79154725
      1.07000000     -0.78904621
      1.07050000     -0.78654178
      1.07100000     -0.78403398
      1.07150000     -0.78152284
      1.07200000     -0.77900837
      1.07250000     -0.77649058
      1.07300000     -0.77396951
      1.07350000     -0.77144516
      1.07400000     -0.76891757
      1.07450000     -0.76638673
      1.07500000     -0.76385269
      1.07550000     -0.76131545
      1.07600000     -0.75877503
      1.07650000     -0.75623145
      1.07700000     -0.75368474
      1.07750000     -0.75113491
      1.07800000     -0.74858197
      1.07850000     -0.74602596
      1.07900000     -0.74346688
      1.07950000     -0.74090476
      1.08000000     -0.73833961
      1.08050000     -0.73577146
      1.08100000     -0.73320032
      1.08150000     -0.73062621
      1.08200000     -0.72804916
      1.08250000     -0.72546917
      1.08300000     -0.72288627
      1.08350000     -0.72030047
      1.08400000     -0.71771181
      1.08450000     -0.71512028
      1.08500000     -0.71252592
      1.08550000     -0.70992875
      1.08600000     -0.70732877
      1.08650000     -0.70472601
      1.08700000     -0.70212049
      1.08750000     -0.69951223
      1.08800000     -0.69690124
      1.08850000     -0.69428755
      1.08900000     -0.69167117
      1.08950000     -0.68905212
      1.09000000     -0.68643042
      1.09050000     -0.68380609
      1.09100000     -0.68117914
      1.09150000     -0.67854960
      1.09200000     -0.67591749
      1.09250000     -0.67328282
      1.09300000     -0.67064561
      1.09350000     -0.66800588
      1.09400000     -0.66536364
      1.09450000     -0.66271893
      1.09500000     -0.66007175
      1.09550000     -0.65742212
      1.09600000     -0.65477007
      1.09650000     -0.65211560
      1.09700000     -0.64945875
      1.09750000     -0.64679952
      1.09800000     -0.64413794
      1.09850000     -0.64147402
      1.09900000     -0.63880778
      1.09950000     -0.63613925
      1.10000000     -0.63346843
      1.10050000     -0.63079536
      1.10100000     -0.62812003
      1.10150000     -0.62544249
      1.10200000     -0.62276273
      1.10250000     -0.62008079
      1.10300000     -0.61739667
      1.10350000     -0.61471040
      1.10400000     -0.61202200
      1.10450000     -0.60933148
      1.10500000     -0.60663887
      1.10550000     -0.60394417
      1.10600000     -0.60124741
      1.10650000     -0.59854861
      1.10700000     -0.59584779
      1.10750000     -0.59314495
      1.10800000     -0.59044013
      1.10850000     -0.58773334
      1.10900000     -0.58502460
      1.10950000     -0.58231392
      1.11000000     -0.57960132
      1.11050000     -0.57688683
      1.11100000     -0.57417045
      1.11150000     -0.57145221
      1.11200000     -0.56873213
      1.11250000     -0.56601023
      1.11300000     -0.56328651
      1.11350000     -0.56056101
      1.11400000     -0.55783373
      1.11450000     -0.55510470
      1.11500000     -0.55237394
      1.11550000     -0.54964145
      1.11600000     -0.54690727
      1.11650000     -0.54417140
      1.11700000     -0.54143387
      1.11750000     -0.53869469
      1.11800000     -0.53595389
      1.11850000     -0.53321147
      1.11900000     -0.53046747
      1.11950000     -0.52772188
      1.12000000     -0.52497475
      1.12050000     -0.52222607
      1.12100000     -0.51947587
      1.12150000     -0.51672417
      1.12200000     -0.51397098
      1.12250000     -0.51121633
      1.12300000     -0.50846022
      1.12350000     -0.50570269
      1.12400000     -0.50294374
      1.12450000     -0.50018339
      1.12500000     -0.49742167
      1.12550000     -0.49465858
      1.12600000     -0.49189415
      1.12650000     -0.48912840
      1.12700000     -0.48636134
      1.12750000     -0.48359299
      1.12800000     -0.48082336
      1.12850000     -0.47805249
      1.12900000     -0.47528037
      1.12950000     -0.47250704
      1.13000000     -0.46973250
      1.13050000     -0.46695679
      1.13100000     -0.46417990
      1.13150000     -0.46140187
      1.13200000     -0.45862270
      1.13250000     -0.45584243
      1.13300000     -0.45306105
      1.13350000     -0.45027860
      1.13400000     -0.44749509
      1.13450000     -0.44471054
      1.13500000     -0.44192496
      1.13550000     -0.43913837
      1.13600000     -0.43635079
      1.13650000     -0.43356224
      1.13700000     -0.43077273
      1.13750000     -0.42798229
      1.13800000     -0.42519093
      1.13850000     -0.42239866
      1.13900000     -0.41960551
      1.13950000     -0.41681149
      1.14000000     -0.41401662
      1.14050000     -0.41122091
      1.14100000     -0.40842439
      1.14150000     -0.40562708
      1.14200000     -0.40282898
      1.14250000     -0.40003012
      1.14300000     -0.39723051
      1.14350000     -0.39443017
      1.14400000     -0.39162913
      1.14450000     -0.38882739
      1.14500000     -0.38602497
      1.14550000     -0.38322189
      1.14600000     -0.38041818
      1.14650000     -0.37761383
      1.14700000     -0.37480888
      1.14750000     -0.37200334
      1.14800000     -0.36919723
      1.14850000     -0.36639057
      1.14900000     -0.36358336
      1.14950000     -0.36077563
      1.15000000     -0.35796740
      1.15050000     -0.35515869
      1.15100000     -0.35234950
      1.15150000     -0.34953987
      1.15200000     -0.34672980
      1.15250000     -0.34391931
      1.15300000     -0.34110842
      1.15350000     -0.33829715
      1.15400000     -0.33548551
      1.15450000     -0.33267352
      1.15500000     -0.32986121
      1.15550000     -0.32704857
      1.15600000     -0.32423564
      1.15650000     -0.32142243
      1.15700000     -0.31860896
      1.15750000     -0.31579524
      1.15800000     -0.31298129
      1.15850000     -0.31016714
      1.15900000     -0.30735278
      1.15950000     -0.30453825
      1.16000000     -0.30172356
      1.16050000     -0.29890872
      1.16100000     -0.29609376
      1.16150000     -0.29327869
      1.16200000     -0.29046352
      1.16250000     -0.28764828
      1.16300000     -0.28483298
      1.16350000     -0.28201765
      1.16400000     -0.27920228
      1.16450000     -0.27638691
      1.16500000     -0.27357155
      1.16550000     -0.27075621
      1.16600000     -0.26794092
      1.16650000     -0.26512569
      1.16700000     -0.26231053
      1.16750000     -0.25949547
      1.16800000     -0.25668052
      1.16850000     -0.25386570
      1.16900000     -0.25105102
      1.16950000     -0.24823650
      1.17000000     -0.24542216
      1.17050000     -0.24260802
      1.17100000     -0.23979409
      1.17150000     -0.23698039
      1.17200000     -0.23416693
      1.17250000     -0.23135374
      1.17300000     -0.22854083
      1.17350000     -0.22572821
      1.17400000     -0.22291590
      1.17450000     -0.22010393
      1.17500000     -0.21729230
      1.17550000     -0.21448103
      1.17600000     -0.21167015
      1.17650000     -0.20885966
      1.17700000     -0.20604958
      1.17750000     -0.20323994
      1.17800000     -0.20043074
      1.17850000     -0.19762201
      1.17900000     -0.19481375
      1.17950000     -0.19200599
      1.18000000     -0.18919875
      1.18050000     -0.18639203
      1.18100000     -0.18358587
      1.18150000     -0.18078026
      1.18200000     -0.17797524
      1.18250000     -0.17517081
      1.18300000     -0.17236700
      1.18350000     -0.16956381
      1.18400000     -0.16676128
      1.18450000     -0.16395940
      1.18500000     -0.16115821
      1.18550000     -0.15835771
      1.18600000     -0.15555792
      1.18650000     -0.15275887
      1.18700000     -0.14996056
      1.18750000     -0.14716301
      1.18800000     -0.14436624
      1.18850000     -0.14157027
      1.18900000     -0.13877510
      1.18950000     -0.13598077
      1.19000000     -0.13318728
      1.19050000     -0.13039465
      1.19100000     -0.12760290
      1.19150000     -0.12481205
      1.19200000     -0.12202210
      1.19250000     -0.11923308
      1.19300000     -0.11644501
      1.19350000     -0.11365789
      1.19400000     -0.11087175
      1.19450000     -0.10808661
      1.19500000     -0.10530247
      1.19550000     -0.10251936
      1.19600000     -0.09973729
      1.19650000     -0.09695627
      1.19700000     -0.09417634
      1.19750000     -0.09139749
      1.19800000     -0.08861975
      1.19850000     -0.08584313
      1.19900000     -0.08306765
      1.19950000     -0.08029333
      1.20000000     -0.07752018
      1.20050000     -0.07474822
      1.20100000     -0.07197746
      1.20150000     -0.06920793
      1.20200000     -0.06643963
      1.20250000     -0.06367258
      1.20300000     -0.06090681
      1.20350000     -0.05814232
      1.20400000     -0.05537913
      1.20450000     -0.05261726
      1.20500000     -0.04985672
      1.20550000     -0.04709754
      1.20600000     -0.04433972
      1.20650000     -0.04158329
      1.20700000     -0.03882825
      1.20750000     -0.03607463
      1.20800000     -0.03332244
      1.20850000     -0.03057170
      1.20900000     -0.02782242
      1.20950000     -0.02507462
      1.21000000     -0.02232831
      1.21050000     -0.01958352
      1.21100000     -0.01684025
      1.21150000     -0.01409853
      1.21200000     -0.01135837
      1.21250000     -0.00861979
      1.21300000     -0.00588279
      1.21350000     -0.00314741
      1.21400000     -0.00041364
      1.21450000      0.00231848
      1.21500000      0.00504895
      1.21550000      0.00777774
      1.21600000      0.01050485
      1.21650000      0.01323025
      1.21700000      0.01595394
      1.21750000      0.01867588
      1.21800000      0.02139608
      1.21850000      0.02411451
      1.21900000      0.02683116
      1.21950000      0.02954600
      1.22000000      0.03225903
      1.22050000      0.03497024
      1.22100000      0.03767959
      1.22150000      0.04038708
      1.22200000      0.04309270
      1.22250000      0.04579641
      1.22300000      0.04849822
      1.22350000      0.05119811
      1.22400000      0.05389605
      1.22450000      0.05659203
      1.22500000      0.05928604
      1.22550000      0.06197806
      1.22600000      0.06466808
      1.22650000      0.06735608
      1.22700000      0.07004204
      1.22750000      0.07272595
      1.22800000      0.07540779
      1.22850000      0.07808754
      1.22900000      0.08076520
      1.22950000      0.08344075
      1.23000000      0.08611416
      1.23050000      0.08878543
      1.23100000      0.09145453
      1.23150000      0.09412146
      1.23200000      0.09678619
      1.23250000      0.09944872
      1.23300000      0.10210902
      1.23350000      0.10476708
      1.23400000      0.10742289
      1.23450000      0.11007643
      1.23500000      0.11272767
      1.23550000      0.11537662
      1.23600000      0.11802325
      1.23650000      0.12066755
      1.23700000      0.12330949
      1.23750000      0.12594908
      1.23800000      0.12858628
      1.23850000      0.13122109
      1.23900000      0.13385348
      1.23950000      0.13648345
      1.24000000      0.13911098
      1.24050000      0.14173606
      1.24100000      0.14435866
      1.24150000      0.14697877
      1.24200000      0.14959637
      1.24250000      0.15221146
      1.24300000      0.15482402
      1.24350000      0.15743402
      1.24400000      0.16004146
      1.24450000      0.16264632
      1.24500000      0.16524859
      1.24550000      0.16784824
      1.24600000      0.17044527
      1.24650000      0.17303965
      1.24700000      0.17563138
      1.24750000      0.17822043
      1.24800000      0.18080680
      1.24850000      0.18339047
      1.24900000      0.18597141
      1.24950000      0.18854963
      1.25000000      0.19112509
      1.25050000      0.19369779
      1.25100000      0.19626771
      1.25150000      0.19883484
      1.25200000      0.20139915
      1.25250000      0.20396065
      1.25300000      0.20651930
      1.25350000      0.20907510
      1.25400000      0.21162802
      1.25450000      0.21417806
      1.25500000      0.21672520
      1.25550000      0.21926943
      1.25600000      0.22181072
      1.25650000      0.22434907
      1.25700000      0.22688446
      1.25750000      0.22941687
      1.25800000      0.23194629
      1.25850000      0.23447270
      1.25900000      0.23699609
      1.25950000      0.23951645
      1.26000000      0.24203375
      1.26050000      0.24454799
      1.26100000      0.24705915
      1.26150000      0.24956721
      1.26200000      0.25207216
      1.26250000      0.25457398
      1.26300000      0.25707266
      1.26350000      0.25956818
      1.26400000      0.26206054
      1.26450000      0.26454970
      1.26500000      0.26703567
      1.26550000      0.26951842
      1.26600000      0.27199794
      1.26650000      0.27447421
      1.26700000      0.27694723
      1.26750000      0.27941696
      1.26800000      0.28188341
      1.26850000      0.28434655
      1.26900000      0.28680638
      1.26950000      0.28926286
      1.27000000      0.29171600
      1.27050000      0.29416577
      1.27100000      0.29661217
      1.27150000      0.29905517
      1.27200000      0.30149476
      1.27250000      0.30393093
      1.27300000      0.30636366
      1.27350000      0.30879293
      1.27400000      0.31121874
      1.27450000      0.31364107
      1.27500000      0.31605990
      1.27550000      0.31847522
      1.27600000      0.32088701
      1.27650000      0.32329526
      1.27700000      0.32569996
      1.27750000      0.32810109
      1.27800000      0.33049863
      1.27850000      0.33289257
      1.27900000      0.33528290
      1.27950000      0.33766959
      1.28000000      0.34005265
      1.28050000      0.34243205
      1.28100000      0.34480777
      1.28150000      0.34717981
      1.28200000      0.34954815
      1.28250000      0.35191277
      1.28300000      0.35427366
      1.28350000      0.35663081
      1.28400000      0.35898420
      1.28450000      0.36133381
      1.28500000      0.36367964
      1.28550000      0.36602166
      1.28600000      0.36835987
      1.28650000      0.37069424
      1.28700000      0.37302477
      1.28750000      0.37535144
      1.28800000      0.37767424
      1.28850000      0.37999314
      1.28900000      0.38230814
      1.28950000      0.38461923
      1.29000000      0.38692638
      1.29050000      0.38922959
      1.29100000      0.39152883
      1.29150000      0.39382410
      1.29200000      0.39611539
      1.29250000      0.39840267
      1.29300000      0.40068593
      1.29350000      0.40296516
      1.29400000      0.40524034
      1.29450000      0.40751146
      1.29500000      0.40977851
      1.29550000      0.41204147
      1.29600000      0.41430033
      1.29650000      0.41655507
      1.29700000      0.41880568
      1.29750000      0.42105214
      1.29800000      0.42329445
      1.29850000      0.42553258
      1.29900000      0.42776653
      1.29950000      0.42999627
      1.30000000      0.43222179
      1.30050000      0.43444309
      1.30100000      0.43666015
      1.30150000      0.43887294
      1.30200000      0.44108146
      1.30250000      0.44328570
      1.30300000      0.44548564
      1.30350000      0.44768127
      1.30400000      0.44987256
      1.30450000      0.45205952
      1.30500000      0.45424212
      1.30550000      0.45642035
      1.30600000      0.45859419
      1.30650000      0.46076364
      1.30700000      0.46292868
      1.30750000      0.46508929
      1.30800000      0.46724547
      1.30850000      0.46939719
      1.30900000      0.47154444
      1.30950000      0.47368722
      1.31000000      0.47582550
      1.31050000      0.47795927
      1.31100000      0.48008852
      1.31150000      0.48221323
      1.31200000      0.48433340
      1.31250000      0.48644900
      1.31300000      0.48856003
      1.31350000      0.49066646
      1.31400000      0.49276829
      1.31450000      0.49486550
      1.31500000      0.49695809
      1.31550000      0.49904602
      1.31600000      0.50112930
      1.31650000      0.50320791
      1.31700000      0.50528182
      1.31750000      0.50735104
      1.31800000      0.50941555
      1.31850000      0.51147533
      1.31900000      0.51353037
      1.31950000      0.51558066
      1.32000000      0.51762617
      1.32050000      0.51966691
      1.32100000      0.52170286
      1.32150000      0.52373399
      1.32200000      0.52576030
      1.32250000      0.52778178
      1.32300000      0.52979842
      1.32350000      0.53181018
      1.32400000      0.53381708
      1.32450000      0.53581909
      1.32500000      0.53781619
      1.32550000      0.53980838
      1.32600000      0.54179564
      1.32650000      0.54377796
      1.32700000      0.54575532
      1.32750000      0.54772772
      1.32800000      0.54969513
      1.32850000      0.55165755
      1.32900000      0.55361496
      1.32950000      0.55556735
      1.33000000      0.55751470
      1.33050000      0.55945701
      1.33100000      0.56139426
      1.33150000      0.56332643
      1.33200000      0.56525351
      1.33250000      0.56717549
      1.33300000      0.56909236
      1.33350000      0.57100410
      1.33400000      0.57291071
      1.33450000      0.57481215
      1.33500000      0.57670844
      1.33550000      0.57859954
      1.33600000      0.58048545
      1.33650000      0.58236616
      1.33700000      0.58424164
      1.33750000      0.58611190
      1.33800000      0.58797691
      1.33850000      0.58983667
      1.33900000      0.59169115
      1.33950000      0.59354035
      1.34000000      0.59538426
      1.34050000      0.59722285
      1.34100000      0.59905613
      1.34150000      0.60088407
      1.34200000      0.60270666
      1.34250000      0.60452389
      1.34300000      0.60633575
      1.34350000      0.60814222
      1.34400000      0.60994329
      1.34450000      0.61173896
      1.34500000      0.61352919
      1.34550000      0.61531399
      1.34600000      0.61709334
      1.34650000      0.61886723
      1.34700000      0.62063564
      1.34750000      0.62239857
      1.34800000      0.62415599
      1.34850000      0.62590790
      1.34900000      0.62765429
      1.34950000      0.62939514
      1.35000000      0.63113043
      1.35050000      0.63286016
      1.35100000      0.63458432
      1.35150000      0.63630289
      1.35200000      0.63801585
      1.35250000      0.63972321
      1.35300000      0.64142493
      1.35350000      0.64312102
      1.35400000      0.64481146
      1.35450000      0.64649623
      1.35500000      0.64817533
      1.35550000      0.64984874
      1.35600000      0.65151645
      1.35650000      0.65317844
      1.35700000      0.65483471
      1.35750000      0.65648524
      1.35800000      0.65813002
      1.35850000      0.65976904
      1.35900000      0.66140229
      1.35950000      0.66302975
      1.36000000      0.66465141
      1.36050000      0.66626725
      1.36100000      0.66787728
      1.36150000      0.66948147
      1.36200000      0.67107981
      1.36250000      0.67267229
      1.36300000      0.67425890
      1.36350000      0.67583962
      1.36400000      0.67741445
      1.36450000      0.67898337
      1.36500000      0.68054637
      1.36550000      0.68210344
      1.36600000      0.68365456
      1.36650000      0.68519973
      1.36700000      0.68673893
      1.36750000      0.68827214
      1.36800000      0.68979937
      1.36850000      0.69132059
      1.36900000      0.69283579
      1.36950000      0.69434497
      1.37000000      0.69584811
      1.37050000      0.69734520
      1.37100000      0.69883622
      1.37150000      0.70032116
      1.37200000      0.70180002
      1.37250000      0.70327279
      1.37300000      0.70473944
      1.37350000      0.70619997
      1.37400000      0.70765436
      1.37450000      0.70910261
      1.37500000      0.71054470
      1.37550000      0.71198062
      1.37600000      0.71341037
      1.37650000      0.71483392
      1.37700000      0.71625126
      1.37750000      0.71766240
      1.37800000      0.71906730
      1.37850000      0.72046597
      1.37900000      0.72185839
      1.37950000      0.72324454
      1.38000000      0.72462442
      1.38050000      0.72599802
      1.38100000      0.72736533
      1.38150000      0.72872633
      1.38200000      0.73008100
      1.38250000      0.73142935
      1.38300000      0.73277136
      1.38350000      0.73410702
      1.38400000      0.73543631
      1.38450000      0.73675923
      1.38500000      0.73807577
      1.38550000      0.73938590
      1.38600000      0.74068963
      1.38650000      0.74198694
      1.38700000      0.74327782
      1.38750000      0.74456225
      1.38800000      0.74584024
      1.38850000      0.74711176
      1.38900000      0.74837680
      1.38950000      0.74963536
      1.39000000      0.75088743
      1.39050000      0.75213298
      1.39100000      0.75337202
      1.39150000      0.75460453
      1.39200000      0.75583049
      1.39250000      0.75704991
      1.39300000      0.75826276
      1.39350000      0.75946904
      1.39400000      0.76066874
      1.39450000      0.76186184
      1.39500000      0.76304834
      1.39550000      0.76422822
      1.39600000      0.76540147
      1.39650000      0.76656809
      1.39700000      0.76772805
      1.39750000      0.76888136
      1.39800000      0.77002800
      1.39850000      0.77116796
      1.39900000      0.77230123
      1.39950000      0.77342780
      1.40000000      0.77454766
      1.40050000      0.77566079
      1.40100000      0.77676719
      1.40150000      0.77786685
      1.40200000      0.77895976
      1.40250000      0.78004590
      1.40300000      0.78112527
      1.40350000      0.78219786
      1.40400000      0.78326364
      1.40450000      0.78432263
      1.40500000      0.78537480
      1.40550000      0.78642014
      1.40600000      0.78745865
      1.40650000      0.78849032
      1.40700000      0.78951512
      1.40750000      0.79053307
      1.40800000      0.79154413
      1.40850000      0.79254831
      1.40900000      0.79354559
      1.40950000      0.79453597
      1.41000000      0.79551943
      1.41050000      0.79649597
      1.41100000      0.79746557
      1.41150000      0.79842822
      1.41200000      0.79938392
      1.41250000      0.80033266
      1.41300000      0.80127442
      1.41350000      0.80220919
      1.41400000      0.80313697
      1.41450000      0.80405774
      1.41500000      0.80497150
      1.41550000      0.80587824
      1.41600000      0.80677794
      1.41650000      0.80767060
      1.41700000      0.80855621
      1.41750000      0.80943476
      1.41800000      0.81030623
      1.41850000      0.81117063
      1.41900000      0.81202793
      1.41950000      0.81287814
      1.42000000      0.81372123
      1.42050000      0.81455721
      1.42100000      0.81538606
      1.42150000      0.81620777
      1.42200000      0.81702233
      1.42250000      0.81782974
      1.42300000      0.81862999
      1.42350000      0.81942306
      1.42400000      0.82020895
      1.42450000      0.82098765
      1.42500000      0.82175915
      1.42550000      0.82252343
      1.42600000      0.82328050
      1.42650000      0.82403034
      1.42700000      0.82477294
      1.42750000      0.82550830
      1.42800000      0.82623640
      1.42850000      0.82695724
      1.42900000      0.82767081
      1.42950000      0.82837709
      1.43000000      0.82907609
      1.43050000      0.82976779
      1.43100000      0.83045218
      1.43150000      0.83112925
      1.43200000      0.83179901
      1.43250000      0.83246143
      1.43300000      0.83311650
      1.43350000      0.83376423
      1.43400000      0.83440460
      1.43450000      0.83503761
      1.43500000      0.83566324
      1.43550000      0.83628148
      1.43600000      0.83689234
      1.43650000      0.83749579
      1.43700000      0.83809184
      1.43750000      0.83868047
      1.43800000      0.83926168
      1.43850000      0.83983546
      1.43900000      0.84040179
      1.43950000      0.84096068
      1.44000000      0.84151211
      1.44050000      0.84205608
      1.44100000      0.84259257
      1.44150000      0.84312159
      1.44200000      0.84364311
      1.44250000      0.84415715
      1.44300000      0.84466367
      1.44350000      0.84516269
      1.44400000      0.84565419
      1.44450000      0.84613817
      1.44500000      0.84661460
      1.44550000      0.84708350
      1.44600000      0.84754485
      1.44650000      0.84799865
      1.44700000      0.84844487
      1.44750000      0.84888353
      1.44800000      0.84931461
      1.44850000      0.84973811
      1.44900000      0.85015401
      1.44950000      0.85056231
      1.45000000      0.85096300
      1.45050000      0.85135608
      1.45100000      0.85174154
      1.45150000      0.85211937
      1.45200000      0.85248957
      1.45250000      0.85285212
      1.45300000      0.85320702
      1.45350000      0.85355427
      1.45400000      0.85389385
      1.45450000      0.85422576
      1.45500000      0.85455000
      1.45550000      0.85486656
      1.45600000      0.85517542
      1.45650000      0.85547659
      1.45700000      0.85577005
      1.45750000      0.85605581
      1.45800000      0.85633385
      1.45850000      0.85660417
      1.45900000      0.85686676
      1.45950000      0.85712161
      1.46000000      0.85736873
      1.46050000      0.85760809
      1.46100000      0.85783970
      1.46150000      0.85806356
      1.46200000      0.85827965
      1.46250000      0.85848796
      1.46300000      0.85868850
      1.46350000      0.85888126
      1.46400000      0.85906622
      1.46450000      0.85924339
      1.46500000      0.85941276
      1.46550000      0.85957432
      1.46600000      0.85972807
      1.46650000      0.85987401
      1.46700000      0.86001212
      1.46750000      0.86014240
      1.46800000      0.86026484
      1.46850000      0.86037945
      1.46900000      0.86048621
      1.46950000      0.86058512
      1.47000000      0.86067618
      1.47050000      0.86075937
      1.47100000      0.86083470
      1.47150000      0.86090216
      1.47200000      0.86096174
      1.47250000      0.86101344
      1.47300000      0.86105725
      1.47350000      0.86109317
      1.47400000      0.86112120
      1.47450000      0.86114133
      1.47500000      0.86115355
      1.47550000      0.86115786
      1.47600000      0.86115426
      1.47650000      0.86114274
      1.47700000      0.86112330
      1.47750000      0.86109593
      1.47800000      0.86106062
      1.47850000      0.86101738
      1.47900000      0.86096620
      1.47950000      0.86090708
      1.48000000      0.86084000
      1.48050000      0.86076497
      1.48100000      0.86068199
      1.48150000      0.86059105
      1.48200000      0.86049214
      1.48250000      0.86038526
      1.48300000      0.86027041
      1.48350000      0.86014758
      1.48400000      0.86001678
      1.48450000      0.85987799
      1.48500000      0.85973121
      1.48550000      0.85957645
      1.48600000      0.85941369
      1.48650000      0.85924293
      1.48700000      0.85906418
      1.48750000      0.85887742
      1.48800000      0.85868265
      1.48850000      0.85847988
      1.48900000      0.85826909
      1.48950000      0.85805029
      1.49000000      0.85782347
      1.49050000      0.85758863
      1.49100000      0.85734576
      1.49150000      0.85709487
      1.49200000      0.85683595
      1.49250000      0.85656900
      1.49300000      0.85629401
      1.49350000      0.85601099
      1.49400000      0.85571993
      1.49450000      0.85542082
      1.49500000      0.85511368
      1.49550000      0.85479849
      1.49600000      0.85447525
      1.49650000      0.85414397
      1.49700000      0.85380463
      1.49750000      0.85345724
      1.49800000      0.85310179
      1.49850000      0.85273829
      1.49900000      0.85236673
      1.49950000      0.85198711
      1.50000000      0.85159943
      1.50050000      0.85120369
      1.50100000      0.85079988
      1.50150000      0.85038801
      1.50200000      0.84996807
      1.50250000      0.84954006
      1.50300000      0.84910399
      1.50350000      0.84865985
      1.50400000      0.84820763
      1.50450000      0.84774735
      1.50500000      0.84727899
      1.50550000      0.84680256
      1.50600000      0.84631806
      1.50650000      0.84582549
      1.50700000      0.84532484
      1.50750000      0.84481612
      1.50800000      0.84429932
      1.50850000      0.84377445
      1.50900000      0.84324150
      1.50950000      0.84270048
      1.51000000      0.84215138
      1.51050000      0.84159421
      1.51100000      0.84102897
      1.51150000      0.84045565
      1.51200000      0.83987425
      1.51250000      0.83928479
      1.51300000      0.83868725
      1.51350000      0.83808164
      1.51400000      0.83746796
      1.51450000      0.83684620
      1.51500000      0.83621638
      1.51550000      0.83557849
      1.51600000      0.83493253
      1.51650000      0.83427851
      1.51700000      0.83361642
      1.51750000      0.83294626
      1.51800000      0.83226805
      1.51850000      0.83158177
      1.51900000      0.83088743
      1.51950000      0.83018504
      1.52000000      0.82947459
      1.52050000      0.82875608
      1.52100000      0.82802952
      1.52150000      0.82729491
      1.52200000      0.82655226
      1.52250000      0.82580156
      1.52300000      0.82504281
      1.52350000      0.82427602
      1.52400000      0.82350120
      1.52450000      0.82271833
      1.52500000      0.82192744
      1.52550000      0.82112851
      1.52600000      0.82032155
      1.52650000      0.81950657
      1.52700000      0.81868357
      1.52750000      0.81785254
      1.52800000      0.81701351
      1.52850000      0.81616649
      1.52900000      0.81531143
      1.52950000      0.81444836
      1.53000000      0.81357729
      1.53050000      0.81269822
      1.53100000      0.81181116
      1.53150000      0.81091611
      1.53200000      0.81001307
      1.53250000      0.80910205
      1.53300000      0.80818305
      1.53350000      0.80725607
      1.53400000      0.80632113
      1.53450000      0.80537822
      1.53500000      0.80442734
      1.53550000      0.80346852
      1.53600000      0.80250174
      1.53650000      0.80152701
      1.53700000      0.80054434
      1.53750000      0.79955374
      1.53800000      0.79855520
      1.53850000      0.79754874
      1.53900000      0.79653435
      1.53950000      0.79551205
      1.54000000      0.79448184
      1.54050000      0.79344373
      1.54100000      0.79239772
      1.54150000      0.79134382
      1.54200000      0.79028203
      1.54250000      0.78921236
      1.54300000      0.78813481
      1.54350000      0.78704940
      1.54400000      0.78595613
      1.54450000      0.78485500
      1.54500000      0.78374602
      1.54550000      0.78262920
      1.54600000      0.78150455
      1.54650000      0.78037207
      1.54700000      0.77923177
      1.54750000      0.77808365
      1.54800000      0.77692773
      1.54850000      0.77576401
      1.54900000      0.77459250
      1.54950000      0.77341321
      1.55000000      0.77222614
      1.55050000      0.77103130
      1.55100000      0.76982871
      1.55150000      0.76861836
      1.55200000      0.76740026
      1.55250000      0.76617443
      1.55300000      0.76494088
      1.55350000      0.76369960
      1.55400000      0.76245062
      1.55450000      0.76119394
      1.55500000      0.75992956
      1.55550000      0.75865750
      1.55600000      0.75737776
      1.55650000      0.75609036
      1.55700000      0.75479531
      1.55750000      0.75349261
      1.55800000      0.75218227
      1.55850000      0.75086430
      1.55900000      0.74953872
      1.55950000      0.74820553
      1.56000000      0.74686474
      1.56050000      0.74551637
      1.56100000      0.74416042
      1.56150000      0.74279690
      1.56200000      0.74142583
      1.56250000      0.74004721
      1.56300000      0.73866106
      1.56350000      0.73726738
      1.56400000      0.73586620
      1.56450000      0.73445751
      1.56500000      0.73304132
      1.56550000      0.73161767
      1.56600000      0.73018654
      1.56650000      0.72874796
      1.56700000      0.72730193
      1.56750000      0.72584847
      1.56800000      0.72438759
      1.56850000      0.72291930
      1.56900000      0.72144362
      1.56950000      0.71996055
      1.57000000      0.71847011
      1.57050000      0.71697232
      1.57100000      0.71546717
      1.57150000      0.71395470
      1.57200000      0.71243490
      1.57250000      0.71090780
      1.57300000      0.70937340
      1.57350000      0.70783173
      1.57400000      0.70628278
      1.57450000      0.70472658
      1.57500000      0.70316315
      1.57550000      0.70159248
      1.57600000      0.70001461
      1.57650000      0.69842954
      1.57700000      0.69683728
      1.57750000      0.69523786
      1.57800000      0.69363128
      1.57850000      0.69201756
      1.57900000      0.69039671
      1.57950000      0.68876876
      1.58000000      0.68713370
      1.58050000      0.68549157
      1.58100000      0.68384238
      1.58150000      0.68218613
      1.58200000      0.68052285
      1.58250000      0.67885255
      1.58300000      0.67717525
      1.58350000      0.67549096
      1.58400000      0.67379971
      1.58450000      0.67210149
      1.58500000      0.67039634
      1.58550000      0.66868427
      1.58600000      0.66696529
      1.58650000      0.66523942
      1.58700000      0.66350668
      1.58750000      0.66176709
      1.58800000      0.66002066
      1.58850000      0.65826741
      1.58900000      0.65650735
      1.58950000      0.65474051
      1.59000000      0.65296690
      1.59050000      0.65118654
      1.59100000      0.64939945
      1.59150000      0.64760565
      1.59200000      0.64580514
      1.59250000      0.64399796
      1.59300000      0.64218413
      1.59350000      0.64036365
      1.59400000      0.63853654
      1.59450000      0.63670284
      1.59500000      0.63486255
      1.59550000      0.63301569
      1.59600000      0.63116229
      1.59650000      0.62930236
      1.59700000      0.62743592
      1.59750000      0.62556300
      1.59800000      0.62368360
      1.59850000      0.62179776
      1.59900000      0.61990549
      1.59950000      0.61800682
      1.60000000      0.61610175
      1.60050000      0.61419032
      1.60100000      0.61227254
      1.60150000      0.61034843
      1.60200000      0.60841802
      1.60250000      0.60648133
      1.60300000      0.60453837
      1.60350000      0.60258917
      1.60400000      0.60063375
      1.60450000      0.59867213
      1.60500000      0.59670433
      1.60550000      0.59473037
      1.60600000      0.59275028
      1.60650000      0.59076408
      1.60700000      0.58877179
      1.60750000      0.58677343
      1.60800000      0.58476903
      1.60850000      0.58275860
      1.60900000      0.58074217
      1.60950000      0.57871976
      1.61000000      0.57669141
      1.61050000      0.57465711
      1.61100000      0.57261691
      1.61150000      0.57057083
      1.61200000      0.56851888
      1.61250000      0.56646110
      1.61300000      0.56439750
      1.61350000      0.56232811
      1.61400000      0.56025296
      1.61450000      0.55817206
      1.61500000      0.55608545
      1.61550000      0.55399314
      1.61600000      0.55189516
      1.61650000      0.54979154
      1.61700000      0.54768229
      1.61750000      0.54556745
      1.61800000      0.54344705
      1.61850000      0.54132109
      1.61900000      0.53918962
      1.61950000      0.53705265
      1.62000000      0.53491022
      1.62050000      0.53276234
      1.62100000      0.53060904
      1.62150000      0.52845035
      1.62200000      0.52628630
      1.62250000      0.52411691
      1.62300000      0.52194220
      1.62350000      0.51976221
      1.62400000      0.51757696
      1.62450000      0.51538647
      1.62500000      0.51319078
      1.62550000      0.51098990
      1.62600000      0.50878388
      1.62650000      0.50657273
      1.62700000      0.50435648
      1.62750000      0.50213515
      1.62800000      0.49990879
      1.62850000      0.49767741
      1.62900000      0.49544104
      1.62950000      0.49319971
      1.63000000      0.49095345
      1.63050000      0.48870228
      1.63100000      0.48644624
      1.63150000      0.48418535
      1.63200000      0.48191964
      1.63250000      0.47964913
      1.63300000      0.47737387
      1.63350000      0.47509387
      1.63400000      0.47280917
      1.63450000      0.47051980
      1.63500000      0.46822577
      1.63550000      0.46592713
      1.63600000      0.46362391
      1.63650000      0.46131612
      1.63700000      0.45900381
      1.63750000      0.45668699
      1.63800000      0.45436571
      1.63850000      0.45203999
      1.63900000      0.44970986
      1.63950000      0.44737535
      1.64000000      0.44503649
      1.64050000      0.44269332
      1.64100000      0.44034585
      1.64150000      0.43799413
      1.64200000      0.43563819
      1.64250000      0.43327804
      1.64300000      0.43091373
      1.64350000      0.42854529
      1.64400000      0.42617275
      1.64450000      0.42379613
      1.64500000      0.42141547
      1.64550000      0.41903081
      1.64600000      0.41664217
      1.64650000      0.41424958
      1.64700000      0.41185308
      1.64750000      0.40945269
      1.64800000      0.40704846
      1.64850000      0.40464040
      1.64900000      0.40222857
      1.64950000      0.39981297
      1.65000000      0.39739366
      1.65050000      0.39497066
      1.65100000      0.39254400
      1.65150000      0.39011371
      1.65200000      0.38767984
      1.65250000      0.38524240
      1.65300000      0.38280144
      1.65350000      0.38035699
      1.65400000      0.37790907
      1.65450000      0.37545773
      1.65500000      0.37300300
      1.65550000      0.37054491
      1.65600000      0.36808349
      1.65650000      0.36561877
      1.65700000      0.36315080
      1.65750000      0.36067960
      1.65800000      0.35820521
      1.65850000      0.35572765
      1.65900000      0.35324698
      1.65950000      0.35076321
      1.66000000      0.34827639
      1.66050000      0.34578654
      1.66100000      0.34329370
      1.66150000      0.34079791
      1.66200000      0.33829920
      1.66250000      0.33579761
      1.66300000      0.33329316
      1.66350000      0.33078590
      1.66400000      0.32827585
      1.66450000      0.32576306
      1.66500000      0.32324755
      1.66550000      0.32072937
      1.66600000      0.31820855
      1.66650000      0.31568511
      1.66700000      0.31315911
      1.66750000      0.31063056
      1.66800000      0.30809952
      1.66850000      0.30556600
      1.66900000      0.30303006
      1.66950000      0.30049171
      1.67000000      0.29795101
      1.67050000      0.29540798
      1.67100000      0.29286266
      1.67150000      0.29031508
      1.67200000      0.28776529
      1.67250000      0.28521331
      1.67300000      0.28265919
      1.67350000      0.28010295
      1.67400000      0.27754464
      1.67450000      0.27498428
      1.67500000      0.27242192
      1.67550000      0.26985760
      1.67600000      0.26729134
      1.67650000      0.26472318
      1.67700000      0.26215317
      1.67750000      0.25958133
      1.67800000      0.25700770
      1.67850000      0.25443232
      1.67900000      0.25185523
      1.67950000      0.24927646
      1.68000000      0.24669604
      1.68050000      0.24411402
      1.68100000      0.24153043
      1.68150000      0.23894530
      1.68200000      0.23635868
      1.68250000      0.23377060
      1.68300000      0.23118109
      1.68350000      0.22859020
      1.68400000      0.22599796
      1.68450000      0.22340440
      1.68500000      0.22080957
      1.68550000      0.21821349
      1.68600000      0.21561621
      1.68650000      0.21301777
      1.68700000      0.21041819
      1.68750000      0.20781752
      1.68800000      0.20521579
      1.68850000      0.20261305
      1.68900000      0.20000932
      1.68950000      0.19740464
      1.69000000      0.19479905
      1.69050000      0.19219260
      1.69100000      0.18958530
      1.69150000      0.18697721
      1.69200000      0.18436836
      1.69250000      0.18175878
      1.69300000      0.17914851
      1.69350000      0.17653759
      1.69400000      0.17392606
      1.69450000      0.17131395
      1.69500000      0.16870131
      1.69550000      0.16608815
      1.69600000      0.16347454
      1.69650000      0.16086049
      1.69700000      0.15824605
      1.69750000      0.15563125
      1.69800000      0.15301614
      1.69850000      0.15040075
      1.69900000      0.14778511
      1.69950000      0.14516926
      1.70000000      0.14255324
      1.70050000      0.13993709
      1.70100000      0.13732084
      1.70150000      0.13470453
      1.70200000      0.13208820
      1.70250000      0.12947189
      1.70300000      0.12685562
      1.70350000      0.12423944
      1.70400000      0.12162338
      1.70450000      0.11900749
      1.70500000      0.11639179
      1.70550000      0.11377633
      1.70600000      0.11116114
      1.70650000      0.10854626
      1.70700000      0.10593172
      1.70750000      0.10331756
      1.70800000      0.10070383
      1.70850000      0.09809054
      1.70900000      0.09547775
      1.70950000      0.09286548
      1.71000000      0.09025378
      1.71050000      0.08764268
      1.71100000      0.08503222
      1.71150000      0.08242243
      1.71200000      0.07981335
      1.71250000      0.07720501
      1.71300000      0.07459746
      1.71350000      0.07199073
      1.71400000      0.06938485
      1.71450000      0.06677986
      1.71500000      0.06417580
      1.71550000      0.06157270
      1.71600000      0.05897060
      1.71650000      0.05636954
      1.71700000      0.05376955
      1.71750000      0.05117066
      1.71800000      0.04857292
      1.71850000      0.04597636
      1.71900000      0.04338101
      1.71950000      0.04078691
      1.72000000      0.03819410
      1.72050000      0.03560261
      1.72100000      0.03301248
      1.72150000      0.03042373
      1.72200000      0.02783642
      1.72250000      0.02525057
      1.72300000      0.02266621
      1.72350000      0.02008339
      1.72400000      0.01750214
      1.72450000      0.01492250
      1.72500000      0.01234449
      1.72550000      0.00976815
      1.72600000      0.00719353
      1.72650000      0.00462065
      1.72700000      0.00204954
      1.72750000     -0.00051975
      1.72800000     -0.00308719
      1.72850000     -0.00565275
      1.72900000     -0.00821640
      1.72950000     -0.01077809
      1.73000000     -0.01333780
      1.73050000     -0.01589549
      1.73100000     -0.01845113
      1.73150000     -0.02100467
      1.73200000     -0.02355610
      1.73250000     -0.02610537
      1.73300000     -0.02865245
      1.73350000     -0.03119730
      1.73400000     -0.03373990
      1.73450000     -0.03628021
      1.73500000     -0.03881819
      1.73550000     -0.04135382
      1.73600000     -0.04388705
      1.73650000     -0.04641787
      1.73700000     -0.04894622
      1.73750000     -0.05147208
      1.73800000     -0.05399542
      1.73850000     -0.05651620
      1.73900000     -0.05903439
      1.73950000     -0.06154996
      1.74000000     -0.06406288
      1.74050000     -0.06657311
      1.74100000     -0.06908062
      1.74150000     -0.07158537
      1.74200000     -0.07408735
      1.74250000     -0.07658650
      1.74300000     -0.07908281
      1.74350000     -0.08157623
      1.74400000     -0.08406675
      1.74450000     -0.08655432
      1.74500000     -0.08903891
      1.74550000     -0.09152049
      1.74600000     -0.09399904
      1.74650000     -0.09647452
      1.74700000     -0.09894689
      1.74750000     -0.10141614
      1.74800000     -0.10388221
      1.74850000     -0.10634510
      1.74900000     -0.10880476
      1.74950000     -0.11126116
      1.75000000     -0.11371427
      1.75050000     -0.11616407
      1.75100000     -0.11861052
      1.75150000     -0.12105359
      1.75200000     -0.12349325
      1.75250000     -0.12592948
      1.75300000     -0.12836224
      1.75350000     -0.13079149
      1.75400000     -0.13321722
      1.75450000     -0.13563940
      1.75500000     -0.13805798
      1.75550000     -0.14047295
      1.75600000     -0.14288428
      1.75650000     -0.14529193
      1.75700000     -0.14769587
      1.75750000     -0.15009608
      1.75800000     -0.15249254
      1.75850000     -0.15488520
      1.75900000     -0.15727404
      1.75950000     -0.15965903
      1.76000000     -0.16204015
      1.76050000     -0.16441737
      1.76100000     -0.16679065
      1.76150000     -0.16915997
      1.76200000     -0.17152531
      1.76250000     -0.17388663
      1.76300000     -0.17624391
      1.76350000     -0.17859712
      1.76400000     -0.18094622
      1.76450000     -0.18329121
      1.76500000     -0.18563204
      1.76550000     -0.18796869
      1.76600000     -0.19030114
      1.76650000     -0.19262936
      1.76700000     -0.19495331
      1.76750000     -0.19727298
      1.76800000     -0.19958834
      1.76850000     -0.20189936
      1.76900000     -0.20420602
      1.76950000     -0.20650828
      1.77000000     -0.20880613
      1.77050000     -0.21109954
      1.77100000     -0.21338848
      1.77150000     -0.21567293
      1.77200000     -0.21795286
      1.77250000     -0.22022824
      1.77300000     -0.22249906
      1.77350000     -0.22476529
      1.77400000     -0.22702690
      1.77450000     -0.22928386
      1.77500000     -0.23153616
      1.77550000     -0.23378377
      1.77600000     -0.23602666
      1.77650000     -0.23826481
      1.77700000     -0.24049820
      1.77750000     -0.24272680
      1.77800000     -0.24495059
      1.77850000     -0.24716954
      1.77900000     -0.24938364
      1.77950000     -0.25159285
      1.78000000     -0.25379717
      1.78050000     -0.25599655
      1.78100000     -0.25819098
      1.78150000     -0.26038044
      1.78200000     -0.26256490
      1.78250000     -0.26474435
      1.78300000     -0.26691875
      1.78350000     -0.26908809
      1.78400000     -0.27125235
      1.78450000     -0.27341150
      1.78500000     -0.27556552
      1.78550000     -0.27771438
      1.78600000     -0.27985808
      1.78650000     -0.28199659
      1.78700000     -0.28412988
      1.78750000     -0.28625793
      1.78800000     -0.28838073
      1.78850000     -0.29049825
      1.78900000     -0.29261047
      1.78950000     -0.29471737
      1.79000000     -0.29681893
      1.79050000     -0.29891514
      1.79100000     -0.30100596
      1.79150000     -0.30309138
      1.79200000     -0.30517139
      1.79250000     -0.30724595
      1.79300000     -0.30931506
      1.79350000     -0.31137869
      1.79400000     -0.31343682
      1.79450000     -0.31548943
      1.79500000     -0.31753651
      1.79550000     -0.31957803
      1.79600000     -0.32161398
      1.79650000     -0.32364434
      1.79700000     -0.32566908
      1.79750000     -0.32768820
      1.79800000     -0.32970167
      1.79850000     -0.33170947
      1.79900000     -0.33371159
      1.79950000     -0.33570801
      1.80000000     -0.33769871
      1.80050000     -0.33968368
      1.80100000     -0.34166289
      1.80150000     -0.34363633
      1.80200000     -0.34560398
      1.80250000     -0.34756583
      1.80300000     -0.34952185
      1.80350000     -0.35147204
      1.80400000     -0.35341637
      1.80450000     -0.35535483
      1.80500000     -0.35728740
      1.80550000     -0.35921406
      1.80600000     -0.36113481
      1.80650000     -0.36304962
      1.80700000     -0.36495848
      1.80750000     -0.36686137
      1.80800000     -0.36875828
      1.80850000     -0.37064919
      1.80900000     -0.37253409
      1.80950000     -0.37441296
      1.81000000     -0.37628579
      1.81050000     -0.37815255
      1.81100000     -0.38001325
      1.81150000     -0.38186786
      1.81200000     -0.38371636
      1.81250000     -0.38555875
      1.81300000     -0.38739501
      1.81350000     -0.38922512
      1.81400000     -0.39104908
      1.81450000     -0.39286687
      1.81500000     -0.39467847
      1.81550000     -0.39648387
      1.81600000     -0.39828306
      1.81650000     -0.40007602
      1.81700000     -0.40186275
      1.81750000     -0.40364322
      1.81800000     -0.40541743
      1.81850000     -0.40718537
      1.81900000     -0.40894701
      1.81950000     -0.41070235
      1.82000000     -0.41245138
      1.82050000     -0.41419408
      1.82100000     -0.41593045
      1.82150000     -0.41766046
      1.82200000     -0.41938412
      1.82250000     -0.42110140
      1.82300000     -0.42281229
      1.82350000     -0.42451679
      1.82400000     -0.42621488
      1.82450000     -0.42790655
      1.82500000     -0.42959179
      1.82550000     -0.43127060
      1.82600000     -0.43294295
      1.82650000     -0.43460884
      1.82700000     -0.43626825
      1.82750000     -0.43792119
      1.82800000     -0.43956763
      1.82850000     -0.44120757
      1.82900000     -0.44284100
      1.82950000     -0.44446790
      1.83000000     -0.44608827
      1.83050000     -0.44770210
      1.83100000     -0.44930938
      1.83150000     -0.45091010
      1.83200000     -0.45250424
      1.83250000     -0.45409181
      1.83300000     -0.45567279
      1.83350000     -0.45724717
      1.83400000     -0.45881495
      1.83450000     -0.46037612
      1.83500000     -0.46193066
      1.83550000     -0.46347857
      1.83600000     -0.46501984
      1.83650000     -0.46655446
      1.83700000     -0.46808243
      1.83750000     -0.46960373
      1.83800000     -0.47111836
      1.83850000     -0.47262632
      1.83900000     -0.47412758
      1.83950000     -0.47562216
      1.84000000     -0.47711003
      1.84050000     -0.47859119
      1.84100000     -0.48006564
      1.84150000     -0.48153337
      1.84200000     -0.48299437
      1.84250000     -0.48444863
      1.84300000     -0.48589615
      1.84350000     -0.48733692
      1.84400000     -0.48877094
      1.84450000     -0.49019819
      1.84500000     -0.49161868
      1.84550000     -0.49303239
      1.84600000     -0.49443933
      1.84650000     -0.49583948
      1.84700000     -0.49723283
      1.84750000     -0.49861939
      1.84800000     -0.49999915
      1.84850000     -0.50137210
      1.84900000     -0.50273824
      1.84950000     -0.50409756
      1.85000000     -0.50545006
      1.85050000     -0.50679573
      1.85100000     -0.50813457
      1.85150000     -0.50946657
      1.85200000     -0.51079173
      1.85250000     -0.51211004
      1.85300000     -0.51342150
      1.85350000     -0.51472611
      1.85400000     -0.51602385
      1.85450000     -0.51731474
      1.85500000     -0.51859876
      1.85550000     -0.51987590
      1.85600000     -0.52114617
      1.85650000     -0.52240956
      1.85700000     -0.52366608
      1.85750000     -0.52491570
      1.85800000     -0.52615844
      1.85850000     -0.52739428
      1.85900000     -0.52862323
      1.85950000     -0.52984528
      1.86000000     -0.53106043
      1.86050000     -0.53226868
      1.86100000     -0.53347002
      1.86150000     -0.53466445
      1.86200000     -0.53585197
      1.86250000     -0.53703257
      1.86300000     -0.53820626
      1.86350000     -0.53937303
      1.86400000     -0.54053288
      1.86450000     -0.54168581
      1.86500000     -0.54283181
      1.86550000     -0.54397088
      1.86600000     -0.54510303
      1.86650000     -0.54622825
      1.86700000     -0.54734653
      1.86750000     -0.54845788
      1.86800000     -0.54956230
      1.86850000     -0.55065978
      1.86900000     -0.55175032
      1.86950000     -0.55283393
      1.87000000     -0.55391060
      1.87050000     -0.55498033
      1.87100000     -0.55604311
      1.87150000     -0.55709896
      1.87200000     -0.55814786
      1.87250000     -0.55918982
      1.87300000     -0.56022484
      1.87350000     -0.56125292
      1.87400000     -0.56227405
      1.87450000     -0.56328823
      1.87500000     -0.56429548
      1.87550000     -0.56529578
      1.87600000     -0.56628913
      1.87650000     -0.56727554
      1.87700000     -0.56825501
      1.87750000     -0.56922754
      1.87800000     -0.57019312
      1.87850000     -0.57115176
      1.87900000     -0.57210346
      1.87950000     -0.57304822
      1.88000000     -0.57398604
      1.88050000     -0.57491691
      1.88100000     -0.57584085
      1.88150000     -0.57675786
      1.88200000     -0.57766792
      1.88250000     -0.57857099
      1.88300000     -0.57946719
      1.88350000     -0.58035645
      1.88400000     -0.58123879
      1.88450000     -0.58211419
      1.88500000     -0.58298267
      1.88550000     -0.58384422
      1.88600000     -0.58469885
      1.88650000     -0.58554655
      1.88700000     -0.58638733
      1.88750000     -0.58722120
      1.88800000     -0.58804814
      1.88850000     -0.58886817
      1.88900000     -0.58968129
      1.88950000     -0.59048750
      1.89000000     -0.59128680
      1.89050000     -0.59207920
      1.89100000     -0.59286469
      1.89150000     -0.59364328
      1.89200000     -0.59441498
      1.89250000     -0.59517978
      1.89300000     -0.59593768
      1.89350000     -0.59668870
      1.89400000     -0.59743283
      1.89450000     -0.59817008
      1.89500000     -0.59890045
      1.89550000     -0.59962394
      1.89600000     -0.60034056
      1.89650000     -0.60105030
      1.89700000     -0.60175318
      1.89750000     -0.60244919
      1.89800000     -0.60313835
      1.89850000     -0.60382065
      1.89900000     -0.60449609
      1.89950000     -0.60516468
      1.90000000     -0.60582643
      1.90050000     -0.60648134
      1.90100000     -0.60712941
      1.90150000     -0.60777064
      1.90200000     -0.60840505
      1.90250000     -0.60903263
      1.90300000     -0.60965339
      1.90350000     -0.61026733
      1.90400000     -0.61087445
      1.90450000     -0.61147477
      1.90500000     -0.61206829
      1.90550000     -0.61265500
      1.90600000     -0.61323492
      1.90650000     -0.61380805
      1.90700000     -0.61437439
      1.90750000     -0.61493395
      1.90800000     -0.61548674
      1.90850000     -0.61603275
      1.90900000     -0.61657200
      1.90950000     -0.61710448
      1.91000000     -0.61763021
      1.91050000     -0.61814919
      1.91100000     -0.61866142
      1.91150000     -0.61916691
      1.91200000     -0.61966566
      1.91250000     -0.62015768
      1.91300000     -0.62064298
      1.91350000     -0.62112156
      1.91400000     -0.62159342
      1.91450000     -0.62205858
      1.91500000     -0.62251703
      1.91550000     -0.62296878
      1.91600000     -0.62341385
      1.91650000     -0.62385222
      1.91700000     -0.62428392
      1.91750000     -0.62470895
      1.91800000     -0.62512730
      1.91850000     -0.62553900
      1.91900000     -0.62594403
      1.91950000     -0.62634242
      1.92000000     -0.62673416
      1.92050000     -0.62711927
      1.92100000     -0.62749775
      1.92150000     -0.62786960
      1.92200000     -0.62823483
      1.92250000     -0.62859345
      1.92300000     -0.62894546
      1.92350000     -0.62929088
      1.92400000     -0.62962970
      1.92450000     -0.62996194
      1.92500000     -0.63028759
      1.92550000     -0.63060668
      1.92600000     -0.63091920
      1.92650000     -0.63122516
      1.92700000     -0.63152457
      1.92750000     -0.63181743
      1.92800000     -0.63210376
      1.92850000     -0.63238355
      1.92900000     -0.63265682
      1.92950000     -0.63292357
      1.93000000     -0.63318382
      1.93050000     -0.63343756
      1.93100000     -0.63368480
      1.93150000     -0.63392556
      1.93200000     -0.63415984
      1.93250000     -0.63438764
      1.93300000     -0.63460898
      1.93350000     -0.63482386
      1.93400000     -0.63503229
      1.93450000     -0.63523427
      1.93500000     -0.63542982
      1.93550000     -0.63561895
      1.93600000     -0.63580165
      1.93650000     -0.63597794
      1.93700000     -0.63614782
      1.93750000     -0.63631131
      1.93800000     -0.63646841
      1.93850000     -0.63661913
      1.93900000     -0.63676347
      1.93950000     -0.63690145
      1.94000000     -0.63703307
      1.94050000     -0.63715834
      1.94100000     -0.63727727
      1.94150000     -0.63738987
      1.94200000     -0.63749615
      1.94250000     -0.63759610
      1.94300000     -0.63768975
      1.94350000     -0.63777710
      1.94400000     -0.63785816
      1.94450000     -0.63793293
      1.94500000     -0.63800143
      1.94550000     -0.63806367
      1.94600000     -0.63811964
      1.94650000     -0.63816937
      1.94700000     -0.63821285
      1.94750000     -0.63825011
      1.94800000     -0.63828114
      1.94850000     -0.63830595
      1.94900000     -0.63832456
      1.94950000     -0.63833697
      1.95000000     -0.63834320
      1.95050000     -0.63834324
      1.95100000     -0.63833711
      1.95150000     -0.63832482
      1.95200000     -0.63830638
      1.95250000     -0.63828180
      1.95300000     -0.63825108
      1.95350000     -0.63821423
      1.95400000     -0.63817126
      1.95450000     -0.63812219
      1.95500000     -0.63806702
      1.95550000     -0.63800576
      1.95600000     -0.63793842
      1.95650000     -0.63786501
      1.95700000     -0.63778554
      1.95750000     -0.63770001
      1.95800000     -0.63760844
      1.95850000     -0.63751084
      1.95900000     -0.63740721
      1.95950000     -0.63729757
      1.96000000     -0.63718192
      1.96050000     -0.63706027
      1.96100000     -0.63693264
      1.96150000     -0.63679903
      1.96200000     -0.63665946
      1.96250000     -0.63651392
      1.96300000     -0.63636244
      1.96350000     -0.63620502
      1.96400000     -0.63604167
      1.96450000     -0.63587240
      1.96500000     -0.63569722
      1.96550000     -0.63551614
      1.96600000     -0.63532918
      1.96650000     -0.63513633
      1.96700000     -0.63493761
      1.96750000     -0.63473303
      1.96800000     -0.63452260
      1.96850000     -0.63430633
      1.96900000     -0.63408423
      1.96950000     -0.63385631
      1.97000000     -0.63362257
      1.97050000     -0.63338304
      1.97100000     -0.63313772
      1.97150000     -0.63288661
      1.97200000     -0.63262974
      1.97250000     -0.63236711
      1.97300000     -0.63209872
      1.97350000     -0.63182460
      1.97400000     -0.63154475
      1.97450000     -0.63125918
      1.97500000     -0.63096789
      1.97550000     -0.63067091
      1.97600000     -0.63036825
      1.97650000     -0.63005990
      1.97700000     -0.62974589
      1.97750000     -0.62942622
      1.97800000     -0.62910090
      1.97850000     -0.62876994
      1.97900000     -0.62843336
      1.97950000     -0.62809117
      1.98000000     -0.62774337
      1.98050000     -0.62738997
      1.98100000     -0.62703100
      1.98150000     -0.62666644
      1.98200000     -0.62629633
      1.98250000     -0.62592066
      1.98300000     -0.62553946
      1.98350000     -0.62515272
      1.98400000     -0.62476046
      1.98450000     -0.62436269
      1.98500000     -0.62395943
      1.98550000     -0.62355067
      1.98600000     -0.62313644
      1.98650000     -0.62271674
      1.98700000     -0.62229159
      1.98750000     -0.62186099
      1.98800000     -0.62142496
      1.98850000     -0.62098351
      1.98900000     -0.62053664
      1.98950000     -0.62008438
      1.99000000     -0.61962672
      1.99050000     -0.61916368
      1.99100000     -0.61869528
      1.99150000     -0.61822152
      1.99200000     -0.61774241
      1.99250000     -0.61725797
      1.99300000     -0.61676820
      1.99350000     -0.61627312
      1.99400000     -0.61577274
      1.99450000     -0.61526706
      1.99500000     -0.61475611
      1.99550000     -0.61423989
      1.99600000     -0.61371841
      1.99650000     -0.61319169
      1.99700000     -0.61265973
      1.99750000     -0.61212254
      1.99800000     -0.61158015
      1.99850000     -0.61103255
      1.99900000     -0.61047976
      1.99950000     -0.60992179
      2.00000000     -0.60935866
      2.00050000     -0.60879037
      2.00100000     -0.60821693
      2.00150000     -0.60763836
      2.00200000     -0.60705467
      2.00250000     -0.60646587
      2.00300000     -0.60587197
      2.00350000     -0.60527298
      2.00400000     -0.60466891
      2.00450000     -0.60405978
      2.00500000     -0.60344560
      2.00550000     -0.60282637
      2.00600000     -0.60220211
      2.00650000     -0.60157283
      2.00700000     -0.60093855
      2.00750000     -0.60029927
      2.00800000     -0.59965500
      2.00850000     -0.59900576
      2.00900000     -0.59835156
      2.00950000     -0.59769241
      2.01000000     -0.59702832
      2.01050000     -0.59635931
      2.01100000     -0.59568538
      2.01150000     -0.59500654
      2.01200000     -0.59432282
      2.01250000     -0.59363421
      2.01300000     -0.59294074
      2.01350000     -0.59224241
      2.01400000     -0.59153923
      2.01450000     -0.59083122
      2.01500000     -0.59011839
      2.01550000     -0.58940075
      2.01600000     -0.58867832
      2.01650000     -0.58795109
      2.01700000     -0.58721909
      2.01750000     -0.58648233
      2.01800000     -0.58574082
      2.01850000     -0.58499457
      2.01900000     -0.58424359
      2.01950000     -0.58348790
      2.02000000     -0.58272750
      2.02050000     -0.58196241
      2.02100000     -0.58119264
      2.02150000     -0.58041820
      2.02200000     -0.57963911
      2.02250000     -0.57885538
      2.02300000     -0.57806701
      2.02350000     -0.57727402
      2.02400000     -0.57647643
      2.02450000     -0.57567423
      2.02500000     -0.57486746
      2.02550000     -0.57405611
      2.02600000     -0.57324020
      2.02650000     -0.57241980
      2.02700000     -0.57159481
      2.02750000     -0.57076529
      2.02800000     -0.56993126
      2.02850000     -0.56909273
      2.02900000     -0.56824971
      2.02950000     -0.56740222
      2.03000000     -0.56655027
      2.03050000     -0.56569386
      2.03100000     -0.56483301
      2.03150000     -0.56396773
      2.03200000     -0.56309804
      2.03250000     -0.56222395
      2.03300000     -0.56134546
      2.03350000     -0.56046260
      2.03400000     -0.55957537
      2.03450000     -0.55868378
      2.03500000     -0.55778786
      2.03550000     -0.55688760
      2.03600000     -0.55598302
      2.03650000     -0.55507414
      2.03700000     -0.55416096
      2.03750000     -0.55324351
      2.03800000     -0.55232178
      2.03850000     -0.55139580
      2.03900000     -0.55046557
      2.03950000     -0.54953111
      2.04000000     -0.54859243
      2.04050000     -0.54764954
      2.04100000     -0.54670246
      2.04150000     -0.54575119
      2.04200000     -0.54479576
      2.04250000     -0.54383616
      2.04300000     -0.54287242
      2.04350000     -0.54190454
      2.04400000     -0.54093254
      2.04450000     -0.53995644
      2.04500000     -0.53897623
      2.04550000     -0.53799194
      2.04600000     -0.53700358
      2.04650000     -0.53601116
      2.04700000     -0.53501469
      2.04750000     -0.53401419
      2.04800000     -0.53300966
      2.04850000     -0.53200112
      2.04900000     -0.53098859
      2.04950000     -0.52997206
      2.05000000     -0.52895157
      2.05050000     -0.52792712
      2.05100000     -0.52689871
      2.05150000     -0.52586637
      2.05200000     -0.52483011
      2.05250000     -0.52378994
      2.05300000     -0.52274587
      2.05350000     -0.52169791
      2.05400000     -0.52064608
      2.05450000     -0.51959038
      2.05500000     -0.51853084
      2.05550000     -0.51746746
      2.05600000     -0.51640026
      2.05650000     -0.51532925
      2.05700000     -0.51425444
      2.05750000     -0.51317584
      2.05800000     -0.51209347
      2.05850000     -0.51100734
      2.05900000     -0.50991746
      2.05950000     -0.50882385
      2.06000000     -0.50772651
      2.06050000     -0.50662546
      2.06100000     -0.50552071
      2.06150000     -0.50441227
      2.06200000     -0.50330017
      2.06250000     -0.50218440
      2.06300000     -0.50106498
      2.06350000     -0.49994193
      2.06400000     -0.49881526
      2.06450000     -0.49768497
      2.06500000     -0.49655109
      2.06550000     -0.49541362
      2.06600000     -0.49427258
      2.06650000     -0.49312798
      2.06700000     -0.49197983
      2.06750000     -0.49082815
      2.06800000     -0.48967295
      2.06850000     -0.48851423
      2.06900000     -0.48735202
      2.06950000     -0.48618633
      2.07000000     -0.48501716
      2.07050000     -0.48384453
      2.07100000     -0.48266846
      2.07150000     -0.48148896
      2.07200000     -0.48030603
      2.07250000     -0.47911970
      2.07300000     -0.47792997
      2.07350000     -0.47673685
      2.07400000     -0.47554037
      2.07450000     -0.47434053
      2.07500000     -0.47313735
      2.07550000     -0.47193083
      2.07600000     -0.47072099
      2.07650000     -0.46950785
      2.07700000     -0.46829141
      2.07750000     -0.46707169
      2.07800000     -0.46584870
      2.07850000     -0.46462246
      2.07900000     -0.46339297
      2.07950000     -0.46216025
      2.08000000     -0.46092431
      2.08050000     -0.45968517
      2.08100000     -0.45844284
      2.08150000     -0.45719732
      2.08200000     -0.45594864
      2.08250000     -0.45469681
      2.08300000     -0.45344183
      2.08350000     -0.45218373
      2.08400000     -0.45092251
      2.08450000     -0.44965818
      2.08500000     -0.44839077
      2.08550000     -0.44712027
      2.08600000     -0.44584672
      2.08650000     -0.44457011
      2.08700000     -0.44329046
      2.08750000     -0.44200778
      2.08800000     -0.44072209
      2.08850000     -0.43943340
      2.08900000     -0.43814172
      2.08950000     -0.43684706
      2.09000000     -0.43554945
      2.09050000     -0.43424888
      2.09100000     -0.43294537
      2.09150000     -0.43163894
      2.09200000     -0.43032960
      2.09250000     -0.42901736
      2.09300000     -0.42770223
      2.09350000     -0.42638423
      2.09400000     -0.42506337
      2.09450000     -0.42373966
      2.09500000     -0.42241311
      2.09550000     -0.42108375
      2.09600000     -0.41975157
      2.09650000     -0.41841660
      2.09700000     -0.41707884
      2.09750000     -0.41573832
      2.09800000     -0.41439503
      2.09850000     -0.41304900
      2.09900000     -0.41170024
      2.09950000     -0.41034875
      2.10000000     -0.40899456
      2.10050000     -0.40763768
      2.10100000     -0.40627811
      2.10150000     -0.40491588
      2.10200000     -0.40355099
      2.10250000     -0.40218345
      2.10300000     -0.40081329
      2.10350000     -0.39944051
      2.10400000     -0.39806513
      2.10450000     -0.39668715
      2.10500000     -0.39530660
      2.10550000     -0.39392348
      2.10600000     -0.39253780
      2.10650000     -0.39114959
      2.10700000     -0.38975885
      2.10750000     -0.38836559
      2.10800000     -0.38696983
      2.10850000     -0.38557159
      2.10900000     -0.38417086
      2.10950000     -0.38276768
      2.11000000     -0.38136204
      2.11050000     -0.37995397
      2.11100000     -0.37854347
      2.11150000     -0.37713056
      2.11200000     -0.37571525
      2.11250000     -0.37429756
      2.11300000     -0.37287749
      2.11350000     -0.37145506
      2.11400000     -0.37003028
      2.11450000     -0.36860317
      2.11500000     -0.36717373
      2.11550000     -0.36574199
      2.11600000     -0.36430795
      2.11650000     -0.36287163
      2.11700000     -0.36143304
      2.11750000     -0.35999219
      2.11800000     -0.35854909
      2.11850000     -0.35710376
      2.11900000     -0.35565621
      2.11950000     -0.35420646
      2.12000000     -0.35275451
      2.12050000     -0.35130039
      2.12100000     -0.34984409
      2.12150000     -0.34838564
      2.12200000     -0.34692505
      2.12250000     -0.34546233
      2.12300000     -0.34399749
      2.12350000     -0.34253055
      2.12400000     -0.34106151
      2.12450000     -0.33959040
      2.12500000     -0.33811723
      2.12550000     -0.33664200
      2.12600000     -0.33516473
      2.12650000     -0.33368544
      2.12700000     -0.33220413
      2.12750000     -0.33072082
      2.12800000     -0.32923553
      2.12850000     -0.32774826
      2.12900000     -0.32625902
      2.12950000     -0.32476784
      2.13000000     -0.32327472
      2.13050000     -0.32177968
      2.13100000     -0.32028272
      2.13150000     -0.31878387
      2.13200000     -0.31728313
      2.13250000     -0.31578052
      2.13300000     -0.31427606
      2.13350000     -0.31276974
      2.13400000     -0.31126159
      2.13450000     -0.30975162
      2.13500000     -0.30823984
      2.13550000     -0.30672627
      2.13600000     -0.30521091
      2.13650000     -0.30369378
      2.13700000     -0.30217490
      2.13750000     -0.30065427
      2.13800000     -0.29913191
      2.13850000     -0.29760783
      2.13900000     -0.29608205
      2.13950000     -0.29455458
      2.14000000     -0.29302542
      2.14050000     -0.29149460
      2.14100000     -0.28996212
      2.14150000     -0.28842800
      2.14200000     -0.28689226
      2.14250000     -0.28535489
      2.14300000     -0.28381593
      2.14350000     -0.28227537
      2.14400000     -0.28073324
      2.14450000     -0.27918954
      2.14500000     -0.27764429
      2.14550000     -0.27609750
      2.14600000     -0.27454919
      2.14650000     -0.27299936
      2.14700000     -0.27144803
      2.14750000     -0.26989521
      2.14800000     -0.26834092
      2.14850000     -0.26678517
      2.14900000     -0.26522797
      2.14950000     -0.26366933
      2.15000000     -0.26210927
      2.15050000     -0.26054779
      2.15100000     -0.25898492
      2.15150000     -0.25742066
      2.15200000     -0.25585503
      2.15250000     -0.25428805
      2.15300000     -0.25271971
      2.15350000     -0.25115004
      2.15400000     -0.24957905
      2.15450000     -0.24800675
      2.15500000     -0.24643315
      2.15550000     -0.24485827
      2.15600000     -0.24328212
      2.15650000     -0.24170471
      2.15700000     -0.24012606
      2.15750000     -0.23854617
      2.15800000     -0.23696507
      2.15850000     -0.23538276
      2.15900000     -0.23379926
      2.15950000     -0.23221457
      2.16000000     -0.23062872
      2.16050000     -0.22904171
      2.16100000     -0.22745356
      2.16150000     -0.22586428
      2.16200000     -0.22427388
      2.16250000     -0.22268237
      2.16300000     -0.22108978
      2.16350000     -0.21949610
      2.16400000     -0.21790136
      2.16450000     -0.21630557
      2.16500000     -0.21470874
      2.16550000     -0.21311087
      2.16600000     -0.21151199
      2.16650000     -0.20991211
      2.16700000     -0.20831124
      2.16750000     -0.20670939
      2.16800000     -0.20510658
      2.16850000     -0.20350281
      2.16900000     -0.20189811
      2.16950000     -0.20029248
      2.17000000     -0.19868594
      2.17050000     -0.19707849
      2.17100000     -0.19547016
      2.17150000     -0.19386095
      2.17200000     -0.19225088
      2.17250000     -0.19063995
      2.17300000     -0.18902819
      2.17350000     -0.18741561
      2.17400000     -0.18580221
      2.17450000     -0.18418801
      2.17500000     -0.18257303
      2.17550000     -0.18095727
      2.17600000     -0.17934075
      2.17650000     -0.17772348
      2.17700000     -0.17610548
      2.17750000     -0.17448675
      2.17800000     -0.17286731
      2.17850000     -0.17124717
      2.17900000     -0.16962635
      2.17950000     -0.16800485
      2.18000000     -0.16638269
      2.18050000     -0.16475989
      2.18100000     -0.16313645
      2.18150000     -0.16151238
      2.18200000     -0.15988771
      2.18250000     -0.15826244
      2.18300000     -0.15663659
      2.18350000     -0.15501016
      2.18400000     -0.15338317
      2.18450000     -0.15175564
      2.18500000     -0.15012757
      2.18550000     -0.14849898
      2.18600000     -0.14686988
      2.18650000     -0.14524029
      2.18700000     -0.14361021
      2.18750000     -0.14197966
      2.18800000     -0.14034865
      2.18850000     -0.13871719
      2.18900000     -0.13708530
      2.18950000     -0.13545299
      2.19000000     -0.13382028
      2.19050000     -0.13218716
      2.19100000     -0.13055366
      2.19150000     -0.12891979
      2.19200000     -0.12728557
      2.19250000     -0.12565099
      2.19300000     -0.12401609
      2.19350000     -0.12238086
      2.19400000     -0.12074532
      2.19450000     -0.11910949
      2.19500000     -0.11747338
      2.19550000     -0.11583699
      2.19600000     -0.11420035
      2.19650000     -0.11256346
      2.19700000     -0.11092634
      2.19750000     -0.10928899
      2.19800000     -0.10765144
      2.19850000     -0.10601370
      2.19900000     -0.10437576
      2.19950000     -0.10273766
      2.20000000     -0.10109940
      2.20050000     -0.09946100
      2.20100000     -0.09782246
      2.20150000     -0.09618380
      2.20200000     -0.09454503
      2.20250000     -0.09290617
      2.20300000     -0.09126722
      2.20350000     -0.08962820
      2.20400000     -0.08798912
      2.20450000     -0.08635000
      2.20500000     -0.08471084
      2.20550000     -0.08307166
      2.20600000     -0.08143248
      2.20650000     -0.07979329
      2.20700000     -0.07815412
      2.20750000     -0.07651498
      2.20800000     -0.07487588
      2.20850000     -0.07323683
      2.20900000     -0.07159785
      2.20950000     -0.06995895
      2.21000000     -0.06832013
      2.21050000     -0.06668142
      2.21100000     -0.06504282
      2.21150000     -0.06340435
      2.21200000     -0.06176602
      2.21250000     -0.06012784
      2.21300000     -0.05848983
      2.21350000     -0.05685199
      2.21400000     -0.05521434
      2.21450000     -0.05357689
      2.21500000     -0.05193966
      2.21550000     -0.05030265
      2.21600000     -0.04866588
      2.21650000     -0.04702936
      2.21700000     -0.04539310
      2.21750000     -0.04375712
      2.21800000     -0.04212142
      2.21850000     -0.04048602
      2.21900000     -0.03885094
      2.21950000     -0.03721618
      2.22000000     -0.03558176
      2.22050000     -0.03394768
      2.22100000     -0.03231397
      2.22150000     -0.03068062
      2.22200000     -0.02904767
      2.22250000     -0.02741511
      2.22300000     -0.02578296
      2.22350000     -0.02415123
      2.22400000     -0.02251994
      2.22450000     -0.02088909
      2.22500000     -0.01925870
      2.22550000     -0.01762879
      2.22600000     -0.01599935
      2.22650000     -0.01437041
      2.22700000     -0.01274198
      2.22750000     -0.01111407
      2.22800000     -0.00948669
      2.22850000     -0.00785985
      2.22900000     -0.00623357
      2.22950000     -0.00460786
      2.23000000     -0.00298272
      2.23050000     -0.00135818
      2.23100000      0.00026575
      2.23150000      0.00188907
      2.23200000      0.00351176
      2.23250000      0.00513381
      2.23300000      0.00675521
      2.23350000      0.00837594
      2.23400000      0.00999600
      2.23450000      0.01161536
      2.23500000      0.01323403
      2.23550000      0.01485198
      2.23600000      0.01646920
      2.23650000      0.01808569
      2.23700000      0.01970143
      2.23750000      0.02131641
      2.23800000      0.02293062
      2.23850000      0.02454403
      2.23900000      0.02615666
      2.23950000      0.02776847
      2.24000000      0.02937946
      2.24050000      0.03098961
      2.24100000      0.03259893
      2.24150000      0.03420738
      2.24200000      0.03581496
      2.24250000      0.03742167
      2.24300000      0.03902748
      2.24350000      0.04063238
      2.24400000      0.04223637
      2.24450000      0.04383943
      2.24500000      0.04544154
      2.24550000      0.04704271
      2.24600000      0.04864291
      2.24650000      0.05024213
      2.24700000      0.05184036
      2.24750000      0.05343759
      2.24800000      0.05503381
      2.24850000      0.05662901
      2.24900000      0.05822317
      2.24950000      0.05981628
      2.25000000      0.06140833
      2.25050000      0.06299931
      2.25100000      0.06458920
      2.25150000      0.06617800
      2.25200000      0.06776570
      2.25250000      0.06935227
      2.25300000      0.07093771
      2.25350000      0.07252201
      2.25400000      0.07410516
      2.25450000      0.07568714
      2.25500000      0.07726794
      2.25550000      0.07884755
      2.25600000      0.08042596
      2.25650000      0.08200316
      2.25700000      0.08357913
      2.25750000      0.08515386
      2.25800000      0.08672735
      2.25850000      0.08829957
      2.25900000      0.08987053
      2.25950000      0.09144020
      2.26000000      0.09300857
      2.26050000      0.09457564
      2.26100000      0.09614139
      2.26150000      0.09770581
      2.26200000      0.09926888
      2.26250000      0.10083061
      2.26300000      0.10239096
      2.26350000      0.10394995
      2.26400000      0.10550754
      2.26450000      0.10706373
      2.26500000      0.10861851
      2.26550000      0.11017187
      2.26600000      0.11172379
      2.26650000      0.11327426
      2.26700000      0.11482328
      2.26750000      0.11637083
      2.26800000      0.11791689
      2.26850000      0.11946147
      2.26900000      0.12100454
      2.26950000      0.12254609
      2.27000000      0.12408612
      2.27050000      0.12562460
      2.27100000      0.12716154
      2.27150000      0.12869692
      2.27200000      0.13023072
      2.27250000      0.13176294
      2.27300000      0.13329356
      2.27350000      0.13482257
      2.27400000      0.13634996
      2.27450000      0.13787573
      2.27500000      0.13939985
      2.27550000      0.14092232
      2.27600000      0.14244312
      2.27650000      0.14396225
      2.27700000      0.14547969
      2.27750000      0.14699543
      2.27800000      0.14850946
      2.27850000      0.15002177
      2.27900000      0.15153235
      2.27950000      0.15304118
      2.28000000      0.15454825
      2.28050000      0.15605356
      2.28100000      0.15755709
      2.28150000      0.15905884
      2.28200000      0.16055878
      2.28250000      0.16205691
      2.28300000      0.16355321
      2.28350000      0.16504768
      2.28400000      0.16654031
      2.28450000      0.16803107
      2.28500000      0.16951997
      2.28550000      0.17100699
      2.28600000      0.17249212
      2.28650000      0.17397535
      2.28700000      0.17545666
      2.28750000      0.17693605
      2.28800000      0.17841351
      2.28850000      0.17988901
      2.28900000      0.18136256
      2.28950000      0.18283415
      2.29000000      0.18430375
      2.29050000      0.18577136
      2.29100000      0.18723697
      2.29150000      0.18870056
      2.29200000      0.19016213
      2.29250000      0.19162167
      2.29300000      0.19307915
      2.29350000      0.19453459
      2.29400000      0.19598795
      2.29450000      0.19743923
      2.29500000      0.19888842
      2.29550000      0.20033552
      2.29600000      0.20178049
      2.29650000      0.20322335
      2.29700000      0.20466407
      2.29750000      0.20610264
      2.29800000      0.20753906
      2.29850000      0.20897331
      2.29900000      0.21040539
      2.29950000      0.21183527
      2.30000000      0.21326296
      2.30050000      0.21468843
      2.30100000      0.21611168
      2.30150000      0.21753270
      2.30200000      0.21895148
      2.30250000      0.22036800
      2.30300000      0.22178225
      2.30350000      0.22319423
      2.30400000      0.22460393
      2.30450000      0.22601132
      2.30500000      0.22741641
      2.30550000      0.22881918
      2.30600000      0.23021962
      2.30650000      0.23161772
      2.30700000      0.23301346
      2.30750000      0.23440685
      2.30800000      0.23579786
      2.30850000      0.23718649
      2.30900000      0.23857272
      2.30950000      0.23995655
      2.31000000      0.24133797
      2.31050000      0.24271695
      2.31100000      0.24409351
      2.31150000      0.24546761
      2.31200000      0.24683926
      2.31250000      0.24820844
      2.31300000      0.24957513
      2.31350000      0.25093934
      2.31400000      0.25230105
      2.31450000      0.25366025
      2.31500000      0.25501693
      2.31550000      0.25637107
      2.31600000      0.25772268
      2.31650000      0.25907173
      2.31700000      0.26041821
      2.31750000      0.26176213
      2.31800000      0.26310346
      2.31850000      0.26444219
      2.31900000      0.26577832
      2.31950000      0.26711183
      2.32000000      0.26844272
      2.32050000      0.26977097
      2.32100000      0.27109658
      2.32150000      0.27241953
      2.32200000      0.27373981
      2.32250000      0.27505741
      2.32300000      0.27637233
      2.32350000      0.27768454
      2.32400000      0.27899405
      2.32450000      0.28030084
      2.32500000      0.28160490
      2.32550000      0.28290623
      2.32600000      0.28420480
      2.32650000      0.28550061
      2.32700000      0.28679365
      2.32750000      0.28808392
      2.32800000      0.28937139
      2.32850000      0.29065606
      2.32900000      0.29193792
      2.32950000      0.29321696
      2.33000000      0.29449317
      2.33050000      0.29576654
      2.33100000      0.29703706
      2.33150000      0.29830471
      2.33200000      0.29956950
      2.33250000      0.30083140
      2.33300000      0.30209041
      2.33350000      0.30334653
      2.33400000      0.30459973
      2.33450000      0.30585000
      2.33500000      0.30709735
      2.33550000      0.30834176
      2.33600000      0.30958321
      2.33650000      0.31082171
      2.33700000      0.31205723
      2.33750000      0.31328977
      2.33800000      0.31451932
      2.33850000      0.31574587
      2.33900000      0.31696941
      2.33950000      0.31818994
      2.34000000      0.31940742
      2.34050000      0.32062188
      2.34100000      0.32183328
      2.34150000      0.32304162
      2.34200000      0.32424689
      2.34250000      0.32544908
      2.34300000      0.32664818
      2.34350000      0.32784419
      2.34400000      0.32903709
      2.34450000      0.33022687
      2.34500000      0.33141352
      2.34550000      0.33259703
      2.34600000      0.33377740
      2.34650000      0.33495462
      2.34700000      0.33612866
      2.34750000      0.33729953
      2.34800000      0.33846722
      2.34850000      0.33963171
      2.34900000      0.34079300
      2.34950000      0.34195107
      2.35000000      0.34310592
      2.35050000      0.34425754
      2.35100000      0.34540591
      2.35150000      0.34655104
      2.35200000      0.34769290
      2.35250000      0.34883149
      2.35300000      0.34996681
      2.35350000      0.35109883
      2.35400000      0.35222756
      2.35450000      0.35335297
      2.35500000      0.35447507
      2.35550000      0.35559385
      2.35600000      0.35670929
      2.35650000      0.35782138
      2.35700000      0.35893012
      2.35750000      0.36003549
      2.35800000      0.36113750
      2.35850000      0.36223612
      2.35900000      0.36333135
      2.35950000      0.36442318
      2.36000000      0.36551160
      2.36050000      0.36659660
      2.36100000      0.36767817
      2.36150000      0.36875631
      2.36200000      0.36983100
      2.36250000      0.37090223
      2.36300000      0.37197001
      2.36350000      0.37303431
      2.36400000      0.37409512
      2.36450000      0.37515245
      2.36500000      0.37620628
      2.36550000      0.37725659
      2.36600000      0.37830339
      2.36650000      0.37934667
      2.36700000      0.38038640
      2.36750000      0.38142260
      2.36800000      0.38245524
      2.36850000      0.38348431
      2.36900000      0.38450982
      2.36950000      0.38553175
      2.37000000      0.38655009
      2.37050000      0.38756483
      2.37100000      0.38857596
      2.37150000      0.38958348
      2.37200000      0.39058738
      2.37250000      0.39158764
      2.37300000      0.39258427
      2.37350000      0.39357724
      2.37400000      0.39456656
      2.37450000      0.39555221
      2.37500000      0.39653418
      2.37550000      0.39751248
      2.37600000      0.39848707
      2.37650000      0.39945797
      2.37700000      0.40042516
      2.37750000      0.40138863
      2.37800000      0.40234838
      2.37850000      0.40330439
      2.37900000      0.40425665
      2.37950000      0.40520517
      2.38000000      0.40614993
      2.38050000      0.40709091
      2.38100000      0.40802812
      2.38150000      0.40896155
      2.38200000      0.40989118
      2.38250000      0.41081702
      2.38300000      0.41173904
      2.38350000      0.41265724
      2.38400000      0.41357162
      2.38450000      0.41448216
      2.38500000      0.41538887
      2.38550000      0.41629172
      2.38600000      0.41719071
      2.38650000      0.41808583
      2.38700000      0.41897709
      2.38750000      0.41986445
      2.38800000      0.42074793
      2.38850000      0.42162751
      2.38900000      0.42250318
      2.38950000      0.42337494
      2.39000000      0.42424277
      2.39050000      0.42510667
      2.39100000      0.42596664
      2.39150000      0.42682266
      2.39200000      0.42767472
      2.39250000      0.42852282
      2.39300000      0.42936695
      2.39350000      0.43020711
      2.39400000      0.43104327
      2.39450000      0.43187545
      2.39500000      0.43270362
      2.39550000      0.43352779
      2.39600000      0.43434794
      2.39650000      0.43516406
      2.39700000      0.43597616
      2.39750000      0.43678421
      2.39800000      0.43758822
      2.39850000      0.43838818
      2.39900000      0.43918407
      2.39950000      0.43997589
      2.40000000      0.44076364
      2.40050000      0.44154730
      2.40100000      0.44232687
      2.40150000      0.44310234
      2.40200000      0.44387370
      2.40250000      0.44464096
      2.40300000      0.44540409
      2.40350000      0.44616309
      2.40400000      0.44691795
      2.40450000      0.44766868
      2.40500000      0.44841525
      2.40550000      0.44915766
      2.40600000      0.44989592
      2.40650000      0.45063000
      2.40700000      0.45135990
      2.40750000      0.45208561
      2.40800000      0.45280713
      2.40850000      0.45352446
      2.40900000      0.45423757
      2.40950000      0.45494647
      2.41000000      0.45565115
      2.41050000      0.45635160
      2.41100000      0.45704782
      2.41150000      0.45773979
      2.41200000      0.45842752
      2.41250000      0.45911099
      2.41300000      0.45979020
      2.41350000      0.46046514
      2.41400000      0.46113581
      2.41450000      0.46180219
      2.41500000      0.46246428
      2.41550000      0.46312208
      2.41600000      0.46377557
      2.41650000      0.46442475
      2.41700000      0.46506962
      2.41750000      0.46571017
      2.41800000      0.46634638
      2.41850000      0.46697827
      2.41900000      0.46760581
      2.41950000      0.46822900
      2.42000000      0.46884783
      2.42050000      0.46946231
      2.42100000      0.47007242
      2.42150000      0.47067815
      2.42200000      0.47127950
      2.42250000      0.47187647
      2.42300000      0.47246904
      2.42350000      0.47305722
      2.42400000      0.47364099
      2.42450000      0.47422035
      2.42500000      0.47479529
      2.42550000      0.47536580
      2.42600000      0.47593189
      2.42650000      0.47649354
      2.42700000      0.47705075
      2.42750000      0.47760351
      2.42800000      0.47815182
      2.42850000      0.47869566
      2.42900000      0.47923505
      2.42950000      0.47976996
      2.43000000      0.48030039
      2.43050000      0.48082634
      2.43100000      0.48134780
      2.43150000      0.48186476
      2.43200000      0.48237723
      2.43250000      0.48288518
      2.43300000      0.48338863
      2.43350000      0.48388756
      2.43400000      0.48438196
      2.43450000      0.48487184
      2.43500000      0.48535718
      2.43550000      0.48583798
      2.43600000      0.48631424
      2.43650000      0.48678595
      2.43700000      0.48725310
      2.43750000      0.48771568
      2.43800000      0.48817370
      2.43850000      0.48862715
      2.43900000      0.48907602
      2.43950000      0.48952031
      2.44000000      0.48996001
      2.44050000      0.49039512
      2.44100000      0.49082563
      2.44150000      0.49125153
      2.44200000      0.49167283
      2.44250000      0.49208951
      2.44300000      0.49250157
      2.44350000      0.49290901
      2.44400000      0.49331182
      2.44450000      0.49371000
      2.44500000      0.49410354
      2.44550000      0.49449243
      2.44600000      0.49487668
      2.44650000      0.49525627
      2.44700000      0.49563121
      2.44750000      0.49600148
      2.44800000      0.49636708
      2.44850000      0.49672802
      2.44900000      0.49708427
      2.44950000      0.49743585
      2.45000000      0.49778274
      2.45050000      0.49812494
      2.45100000      0.49846244
      2.45150000      0.49879525
      2.45200000      0.49912335
      2.45250000      0.49944674
      2.45300000      0.49976542
      2.45350000      0.50007938
      2.45400000      0.50038863
      2.45450000      0.50069314
      2.45500000      0.50099293
      2.45550000      0.50128798
      2.45600000      0.50157830
      2.45650000      0.50186387
      2.45700000      0.50214470
      2.45750000      0.50242078
      2.45800000      0.50269210
      2.45850000      0.50295867
      2.45900000      0.50322047
      2.45950000      0.50347751
      2.46000000      0.50372978
      2.46050000      0.50397727
      2.46100000      0.50421999
      2.46150000      0.50445793
      2.46200000      0.50469108
      2.46250000      0.50491944
      2.46300000      0.50514302
      2.46350000      0.50536179
      2.46400000      0.50557577
      2.46450000      0.50578494
      2.46500000      0.50598931
      2.46550000      0.50618887
      2.46600000      0.50638361
      2.46650000      0.50657354
      2.46700000      0.50675865
      2.46750000      0.50693894
      2.46800000      0.50711440
      2.46850000      0.50728503
      2.46900000      0.50745083
      2.46950000      0.50761179
      2.47000000      0.50776791
      2.47050000      0.50791920
      2.47100000      0.50806563
      2.47150000      0.50820722
      2.47200000      0.50834396
      2.47250000      0.50847585
      2.47300000      0.50860288
      2.47350000      0.50872504
      2.47400000      0.50884235
      2.47450000      0.50895480
      2.47500000      0.50906237
      2.47550000      0.50916508
      2.47600000      0.50926291
      2.47650000      0.50935587
      2.47700000      0.50944395
      2.47750000      0.50952715
      2.47800000      0.50960546
      2.47850000      0.50967890
      2.47900000      0.50974744
      2.47950000      0.50981110
      2.48000000      0.50986986
      2.48050000      0.50992373
      2.48100000      0.50997270
      2.48150000      0.51001677
      2.48200000      0.51005595
      2.48250000      0.51009022
      2.48300000      0.51011958
      2.48350000      0.51014404
      2.48400000      0.51016359
      2.48450000      0.51017823
      2.48500000      0.51018796
      2.48550000      0.51019277
      2.48600000      0.51019267
      2.48650000      0.51018765
      2.48700000      0.51017771
      2.48750000      0.51016285
      2.48800000      0.51014307
      2.48850000      0.51011836
      2.48900000      0.51008873
      2.48950000      0.51005417
      2.49000000      0.51001469
      2.49050000      0.50997027
      2.49100000      0.50992092
      2.49150000      0.50986664
      2.49200000      0.50980743
      2.49250000      0.50974328
      2.49300000      0.50967420
      2.49350000      0.50960017
      2.49400000      0.50952122
      2.49450000      0.50943732
      2.49500000      0.50934848
      2.49550000      0.50925470
      2.49600000      0.50915598
      2.49650000      0.50905232
      2.49700000      0.50894371
      2.49750000      0.50883016
      2.49800000      0.50871167
      2.49850000      0.50858823
      2.49900000      0.50845985
      2.49950000      0.50832651
      2.50000000      0.50818824
      2.50050000      0.50804501
      2.50100000      0.50789684
      2.50150000      0.50774372
      2.50200000      0.50758565
      2.50250000      0.50742263
      2.50300000      0.50725466
      2.50350000      0.50708175
      2.50400000      0.50690388
      2.50450000      0.50672107
      2.50500000      0.50653331
      2.50550000      0.50634060
      2.50600000      0.50614294
      2.50650000      0.50594033
      2.50700000      0.50573277
      2.50750000      0.50552027
      2.50800000      0.50530281
      2.50850000      0.50508041
      2.50900000      0.50485307
      2.50950000      0.50462077
      2.51000000      0.50438353
      2.51050000      0.50414134
      2.51100000      0.50389421
      2.51150000      0.50364214
      2.51200000      0.50338512
      2.51250000      0.50312315
      2.51300000      0.50285625
      2.51350000      0.50258440
      2.51400000      0.50230761
      2.51450000      0.50202589
      2.51500000      0.50173922
      2.51550000      0.50144762
      2.51600000      0.50115108
      2.51650000      0.50084961
      2.51700000      0.50054320
      2.51750000      0.50023186
      2.51800000      0.49991558
      2.51850000      0.49959438
      2.51900000      0.49926825
      2.51950000      0.49893719
      2.52000000      0.49860121
      2.52050000      0.49826030
      2.52100000      0.49791447
      2.52150000      0.49756371
      2.52200000      0.49720804
      2.52250000      0.49684745
      2.52300000      0.49648195
      2.52350000      0.49611153
      2.52400000      0.49573620
      2.52450000      0.49535596
      2.52500000      0.49497082
      2.52550000      0.49458076
      2.52600000      0.49418581
      2.52650000      0.49378595
      2.52700000      0.49338120
      2.52750000      0.49297154
      2.52800000      0.49255700
      2.52850000      0.49213756
      2.52900000      0.49171323
      2.52950000      0.49128402
      2.53000000      0.49084992
      2.53050000      0.49041094
      2.53100000      0.48996708
      2.53150000      0.48951835
      2.53200000      0.48906474
      2.53250000      0.48860626
      2.53300000      0.48814291
      2.53350000      0.48767470
      2.53400000      0.48720163
      2.53450000      0.48672370
      2.53500000      0.48624092
      2.53550000      0.48575328
      2.53600000      0.48526079
      2.53650000      0.48476346
      2.53700000      0.48426129
      2.53750000      0.48375428
      2.53800000      0.48324243
      2.53850000      0.48272575
      2.53900000      0.48220424
      2.53950000      0.48167791
      2.54000000      0.48114676
      2.54050000      0.48061079
      2.54100000      0.48007001
      2.54150000      0.47952442
      2.54200000      0.47897402
      2.54250000      0.47841882
      2.54300000      0.47785883
      2.54350000      0.47729404
      2.54400000      0.47672447
      2.54450000      0.47615010
      2.54500000      0.47557096
      2.54550000      0.47498705
      2.54600000      0.47439836
      2.54650000      0.47380490
      2.54700000      0.47320668
      2.54750000      0.47260370
      2.54800000      0.47199597
      2.54850000      0.47138350
      2.54900000      0.47076627
      2.54950000      0.47014431
      2.55000000      0.46951761
      2.55050000      0.46888619
      2.55100000      0.46825004
      2.55150000      0.46760917
      2.55200000      0.46696359
      2.55250000      0.46631329
      2.55300000      0.46565830
      2.55350000      0.46499860
      2.55400000      0.46433421
      2.55450000      0.46366514
      2.55500000      0.46299138
      2.55550000      0.46231295
      2.55600000      0.46162984
      2.55650000      0.46094207
      2.55700000      0.46024964
      2.55750000      0.45955255
      2.55800000      0.45885082
      2.55850000      0.45814444
      2.55900000      0.45743343
      2.55950000      0.45671779
      2.56000000      0.45599752
      2.56050000      0.45527264
      2.56100000      0.45454314
      2.56150000      0.45380904
      2.56200000      0.45307033
      2.56250000      0.45232704
      2.56300000      0.45157916
      2.56350000      0.45082669
      2.56400000      0.45006966
      2.56450000      0.44930805
      2.56500000      0.44854189
      2.56550000      0.44777117
      2.56600000      0.44699591
      2.56650000      0.44621611
      2.56700000      0.44543177
      2.56750000      0.44464291
      2.56800000      0.44384953
      2.56850000      0.44305163
      2.56900000      0.44224923
      2.56950000      0.44144234
      2.57000000      0.44063095
      2.57050000      0.43981508
      2.57100000      0.43899474
      2.57150000      0.43816993
      2.57200000      0.43734066
      2.57250000      0.43650693
      2.57300000      0.43566876
      2.57350000      0.43482615
      2.57400000      0.43397911
      2.57450000      0.43312765
      2.57500000      0.43227178
      2.57550000      0.43141150
      2.57600000      0.43054682
      2.57650000      0.42967776
      2.57700000      0.42880431
      2.57750000      0.42792648
      2.57800000      0.42704430
      2.57850000      0.42615775
      2.57900000      0.42526686
      2.57950000      0.42437163
      2.58000000      0.42347206
      2.58050000      0.42256817
      2.58100000      0.42165997
      2.58150000      0.42074746
      2.58200000      0.41983066
      2.58250000      0.41890957
      2.58300000      0.41798420
      2.58350000      0.41705456
      2.58400000      0.41612065
      2.58450000      0.41518250
      2.58500000      0.41424010
      2.58550000      0.41329347
      2.58600000      0.41234262
      2.58650000      0.41138755
      2.58700000      0.41042827
      2.58750000      0.40946480
      2.58800000      0.40849714
      2.58850000      0.40752530
      2.58900000      0.40654930
      2.58950000      0.40556914
      2.59000000      0.40458483
      2.59050000      0.40359638
      2.59100000      0.40260381
      2.59150000      0.40160711
      2.59200000      0.40060631
      2.59250000      0.39960141
      2.59300000      0.39859242
      2.59350000      0.39757936
      2.59400000      0.39656222
      2.59450000      0.39554103
      2.59500000      0.39451579
      2.59550000      0.39348652
      2.59600000      0.39245322
      2.59650000      0.39141590
      2.59700000      0.39037458
      2.59750000      0.38932926
      2.59800000      0.38827996
      2.59850000      0.38722669
      2.59900000      0.38616946
      2.59950000      0.38510828
      2.60000000      0.38404315
      2.60050000      0.38297410
      2.60100000      0.38190113
      2.60150000      0.38082425
      2.60200000      0.37974348
      2.60250000      0.37865883
      2.60300000      0.37757030
      2.60350000      0.37647791
      2.60400000      0.37538167
      2.60450000      0.37428159
      2.60500000      0.37317769
      2.60550000      0.37206997
      2.60600000      0.37095845
      2.60650000      0.36984314
      2.60700000      0.36872405
      2.60750000      0.36760119
      2.60800000      0.36647457
      2.60850000      0.36534422
      2.60900000      0.36421013
      2.60950000      0.36307232
      2.61000000      0.36193080
      2.61050000      0.36078559
      2.61100000      0.35963670
      2.61150000      0.35848413
      2.61200000      0.35732791
      2.61250000      0.35616804
      2.61300000      0.35500455
      2.61350000      0.35383743
      2.61400000      0.35266670
      2.61450000      0.35149238
      2.61500000      0.35031447
      2.61550000      0.34913300
      2.61600000      0.34794797
      2.61650000      0.34675940
      2.61700000      0.34556730
      2.61750000      0.34437168
      2.61800000      0.34317256
      2.61850000      0.34196995
      2.61900000      0.34076386
      2.61950000      0.33955430
      2.62000000      0.33834130
      2.62050000      0.33712485
      2.62100000      0.33590499
      2.62150000      0.33468171
      2.62200000      0.33345504
      2.62250000      0.33222498
      2.62300000      0.33099155
      2.62350000      0.32975477
      2.62400000      0.32851465
      2.62450000      0.32727120
      2.62500000      0.32602443
      2.62550000      0.32477437
      2.62600000      0.32352102
      2.62650000      0.32226440
      2.62700000      0.32100452
      2.62750000      0.31974139
      2.62800000      0.31847504
      2.62850000      0.31720547
      2.62900000      0.31593271
      2.62950000      0.31465675
      2.63000000      0.31337763
      2.63050000      0.31209535
      2.63100000      0.31080992
      2.63150000      0.30952137
      2.63200000      0.30822970
      2.63250000      0.30693494
      2.63300000      0.30563709
      2.63350000      0.30433618
      2.63400000      0.30303221
      2.63450000      0.30172520
      2.63500000      0.30041517
      2.63550000      0.29910213
      2.63600000      0.29778609
      2.63650000      0.29646708
      2.63700000      0.29514510
      2.63750000      0.29382018
      2.63800000      0.29249232
      2.63850000      0.29116155
      2.63900000      0.28982787
      2.63950000      0.28849131
      2.64000000      0.28715188
      2.64050000      0.28580959
      2.64100000      0.28446446
      2.64150000      0.28311651
      2.64200000      0.28176575
      2.64250000      0.28041220
      2.64300000      0.27905587
      2.64350000      0.27769678
      2.64400000      0.27633494
      2.64450000      0.27497038
      2.64500000      0.27360310
      2.64550000      0.27223313
      2.64600000      0.27086047
      2.64650000      0.26948515
      2.64700000      0.26810718
      2.64750000      0.26672658
      2.64800000      0.26534337
      2.64850000      0.26395755
      2.64900000      0.26256915
      2.64950000      0.26117819
      2.65000000      0.25978467
      2.65050000      0.25838862
      2.65100000      0.25699006
      2.65150000      0.25558899
      2.65200000      0.25418544
      2.65250000      0.25277942
      2.65300000      0.25137095
      2.65350000      0.24996004
      2.65400000      0.24854672
      2.65450000      0.24713100
      2.65500000      0.24571290
      2.65550000      0.24429243
      2.65600000      0.24286961
      2.65650000      0.24144446
      2.65700000      0.24001699
      2.65750000      0.23858722
      2.65800000      0.23715518
      2.65850000      0.23572087
      2.65900000      0.23428431
      2.65950000      0.23284552
      2.66000000      0.23140452
      2.66050000      0.22996133
      2.66100000      0.22851596
      2.66150000      0.22706843
      2.66200000      0.22561876
      2.66250000      0.22416696
      2.66300000      0.22271306
      2.66350000      0.22125706
      2.66400000      0.21979899
      2.66450000      0.21833887
      2.66500000      0.21687672
      2.66550000      0.21541254
      2.66600000      0.21394636
      2.66650000      0.21247820
      2.66700000      0.21100807
      2.66750000      0.20953599
      2.66800000      0.20806199
      2.66850000      0.20658607
      2.66900000      0.20510826
      2.66950000      0.20362857
      2.67000000      0.20214702
      2.67050000      0.20066363
      2.67100000      0.19917842
      2.67150000      0.19769141
      2.67200000      0.19620261
      2.67250000      0.19471205
      2.67300000      0.19321973
      2.67350000      0.19172568
      2.67400000      0.19022992
      2.67450000      0.18873247
      2.67500000      0.18723334
      2.67550000      0.18573255
      2.67600000      0.18423012
      2.67650000      0.18272607
      2.67700000      0.18122042
      2.67750000      0.17971318
      2.67800000      0.17820438
      2.67850000      0.17669403
      2.67900000      0.17518216
      2.67950000      0.17366877
      2.68000000      0.17215389
      2.68050000      0.17063754
      2.68100000      0.16911973
      2.68150000      0.16760049
      2.68200000      0.16607983
      2.68250000      0.16455777
      2.68300000      0.16303434
      2.68350000      0.16150954
      2.68400000      0.15998340
      2.68450000      0.15845594
      2.68500000      0.15692718
      2.68550000      0.15539713
      2.68600000      0.15386581
      2.68650000      0.15233324
      2.68700000      0.15079945
      2.68750000      0.14926445
      2.68800000      0.14772825
      2.68850000      0.14619089
      2.68900000      0.14465237
      2.68950000      0.14311272
      2.69000000      0.14157195
      2.69050000      0.14003009
      2.69100000      0.13848715
      2.69150000      0.13694315
      2.69200000      0.13539812
      2.69250000      0.13385206
      2.69300000      0.13230501
      2.69350000      0.13075697
      2.69400000      0.12920798
      2.69450000      0.12765804
      2.69500000      0.12610717
      2.69550000      0.12455540
      2.69600000      0.12300275
      2.69650000      0.12144923
      2.69700000      0.11989487
      2.69750000      0.11833967
      2.69800000      0.11678367
      2.69850000      0.11522688
      2.69900000      0.11366932
      2.69950000      0.11211101
      2.70000000      0.11055197
      2.70050000      0.10899222
      2.70100000      0.10743177
      2.70150000      0.10587065
      2.70200000      0.10430888
      2.70250000      0.10274647
      2.70300000      0.10118345
      2.70350000      0.09961983
      2.70400000      0.09805564
      2.70450000      0.09649089
      2.70500000      0.09492560
      2.70550000      0.09335979
      2.70600000      0.09179349
      2.70650000      0.09022670
      2.70700000      0.08865946
      2.70750000      0.08709177
      2.70800000      0.08552366
      2.70850000      0.08395516
      2.70900000      0.08238626
      2.70950000      0.08081701
      2.71000000      0.07924741
      2.71050000      0.07767749
      2.71100000      0.07610726
      2.71150000      0.07453675
      2.71200000      0.07296597
      2.71250000      0.07139495
      2.71300000      0.06982369
      2.71350000      0.06825223
      2.71400000      0.06668059
      2.71450000      0.06510877
      2.71500000      0.06353680
      2.71550000      0.06196470
      2.71600000      0.06039250
      2.71650000      0.05882020
      2.71700000      0.05724783
      2.71750000      0.05567540
      2.71800000      0.05410294
      2.71850000      0.05253047
      2.71900000      0.05095801
      2.71950000      0.04938557
      2.72000000      0.04781317
      2.72050000      0.04624084
      2.72100000      0.04466859
      2.72150000      0.04309644
      2.72200000      0.04152441
      2.72250000      0.03995253
      2.72300000      0.03838080
      2.72350000      0.03680925
      2.72400000      0.03523791
      2.72450000      0.03366678
      2.72500000      0.03209588
      2.72550000      0.03052525
      2.72600000      0.02895489
      2.72650000      0.02738482
      2.72700000      0.02581507
      2.72750000      0.02424565
      2.72800000      0.02267659
      2.72850000      0.02110789
      2.72900000      0.01953959
      2.72950000      0.01797170
      2.73000000      0.01640424
      2.73050000      0.01483722
      2.73100000      0.01327067
      2.73150000      0.01170461
      2.73200000      0.01013905
      2.73250000      0.00857402
      2.73300000      0.00700953
      2.73350000      0.00544561
      2.73400000      0.00388226
      2.73450000      0.00231952
      2.73500000      0.00075739
      2.73550000     -0.00080409
      2.73600000     -0.00236492
      2.73650000     -0.00392507
      2.73700000     -0.00548453
      2.73750000     -0.00704327
      2.73800000     -0.00860128
      2.73850000     -0.01015854
      2.73900000     -0.01171503
      2.73950000     -0.01327073
      2.74000000     -0.01482562
      2.74050000     -0.01637969
      2.74100000     -0.01793291
      2.74150000     -0.01948526
      2.74200000     -0.02103673
      2.74250000     -0.02258731
      2.74300000     -0.02413696
      2.74350000     -0.02568567
      2.74400000     -0.02723343
      2.74450000     -0.02878021
      2.74500000     -0.03032599
      2.74550000     -0.03187077
      2.74600000     -0.03341451
      2.74650000     -0.03495721
      2.74700000     -0.03649883
      2.74750000     -0.03803937
      2.74800000     -0.03957881
      2.74850000     -0.04111712
      2.74900000     -0.04265430
      2.74950000     -0.04419031
      2.75000000     -0.04572514
      2.75050000     -0.04725878
      2.75100000     -0.04879121
      2.75150000     -0.05032241
      2.75200000     -0.05185235
      2.75250000     -0.05338103
      2.75300000     -0.05490842
      2.75350000     -0.05643450
      2.75400000     -0.05795927
      2.75450000     -0.05948269
      2.75500000     -0.06100476
      2.75550000     -0.06252545
      2.75600000     -0.06404475
      2.75650000     -0.06556264
      2.75700000     -0.06707910
      2.75750000     -0.06859411
      2.75800000     -0.07010765
      2.75850000     -0.07161972
      2.75900000     -0.07313029
      2.75950000     -0.07463933
      2.76000000     -0.07614685
      2.76050000     -0.07765281
      2.76100000     -0.07915720
      2.76150000     -0.08066000
      2.76200000     -0.08216121
      2.76250000     -0.08366078
      2.76300000     -0.08515872
      2.76350000     -0.08665501
      2.76400000     -0.08814962
      2.76450000     -0.08964253
      2.76500000     -0.09113374
      2.76550000     -0.09262323
      2.76600000     -0.09411097
      2.76650000     -0.09559696
      2.76700000     -0.09708117
      2.76750000     -0.09856358
      2.76800000     -0.10004419
      2.76850000     -0.10152297
      2.76900000     -0.10299990
      2.76950000     -0.10447498
      2.77000000     -0.10594818
      2.77050000     -0.10741948
      2.77100000     -0.10888887
      2.77150000     -0.11035634
      2.77200000     -0.11182186
      2.77250000     -0.11328543
      2.77300000     -0.11474701
      2.77350000     -0.11620661
      2.77400000     -0.11766419
      2.77450000     -0.11911975
      2.77500000     -0.12057327
      2.77550000     -0.12202473
      2.77600000     -0.12347411
      2.77650000     -0.12492141
      2.77700000     -0.12636659
      2.77750000     -0.12780966
      2.77800000     -0.12925059
      2.77850000     -0.13068936
      2.77900000     -0.13212596
      2.77950000     -0.13356037
      2.78000000     -0.13499259
      2.78050000     -0.13642258
      2.78100000     -0.13785035
      2.78150000     -0.13927586
      2.78200000     -0.14069911
      2.78250000     -0.14212007
      2.78300000     -0.14353874
      2.78350000     -0.14495510
      2.78400000     -0.14636914
      2.78450000     -0.14778083
      2.78500000     -0.14919016
      2.78550000     -0.15059712
      2.78600000     -0.15200170
      2.78650000     -0.15340387
      2.78700000     -0.15480362
      2.78750000     -0.15620094
      2.78800000     -0.15759581
      2.78850000     -0.15898822
      2.78900000     -0.16037815
      2.78950000     -0.16176558
      2.79000000     -0.16315051
      2.79050000     -0.16453292
      2.79100000     -0.16591279
      2.79150000     -0.16729010
      2.79200000     -0.16866486
      2.79250000     -0.17003703
      2.79300000     -0.17140660
      2.79350000     -0.17277357
      2.79400000     -0.17413791
      2.79450000     -0.17549961
      2.79500000     -0.17685866
      2.79550000     -0.17821505
      2.79600000     -0.17956875
      2.79650000     -0.18091976
      2.79700000     -0.18226805
      2.79750000     -0.18361363
      2.79800000     -0.18495647
      2.79850000     -0.18629656
      2.79900000     -0.18763388
      2.79950000     -0.18896842
      2.80000000     -0.19030018
      2.80050000     -0.19162912
      2.80100000     -0.19295525
      2.80150000     -0.19427854
      2.80200000     -0.19559899
      2.80250000     -0.19691658
      2.80300000     -0.19823130
      2.80350000     -0.19954313
      2.80400000     -0.20085206
      2.80450000     -0.20215807
      2.80500000     -0.20346116
      2.80550000     -0.20476132
      2.80600000     -0.20605852
      2.80650000     -0.20735275
      2.80700000     -0.20864401
      2.80750000     -0.20993228
      2.80800000     -0.21121754
      2.80850000     -0.21249979
      2.80900000     -0.21377900
      2.80950000     -0.21505518
      2.81000000     -0.21632831
      2.81050000     -0.21759836
      2.81100000     -0.21886534
      2.81150000     -0.22012923
      2.81200000     -0.22139001
      2.81250000     -0.22264768
      2.81300000     -0.22390222
      2.81350000     -0.22515362
      2.81400000     -0.22640187
      2.81450000     -0.22764695
      2.81500000     -0.22888886
      2.81550000     -0.23012758
      2.81600000     -0.23136310
      2.81650000     -0.23259541
      2.81700000     -0.23382450
      2.81750000     -0.23505035
      2.81800000     -0.23627295
      2.81850000     -0.23749230
      2.81900000     -0.23870838
      2.81950000     -0.23992117
      2.82000000     -0.24113068
      2.82050000     -0.24233688
      2.82100000     -0.24353977
      2.82150000     -0.24473933
      2.82200000     -0.24593555
      2.82250000     -0.24712843
      2.82300000     -0.24831795
      2.82350000     -0.24950410
      2.82400000     -0.25068686
      2.82450000     -0.25186624
      2.82500000     -0.25304221
      2.82550000     -0.25421478
      2.82600000     -0.25538392
      2.82650000     -0.25654962
      2.82700000     -0.25771188
      2.82750000     -0.25887069
      2.82800000     -0.26002603
      2.82850000     -0.26117789
      2.82900000     -0.26232627
      2.82950000     -0.26347116
      2.83000000     -0.26461253
      2.83050000     -0.26575040
      2.83100000     -0.26688473
      2.83150000     -0.26801553
      2.83200000     -0.26914279
      2.83250000     -0.27026649
      2.83300000     -0.27138662
      2.83350000     -0.27250318
      2.83400000     -0.27361616
      2.83450000     -0.27472554
      2.83500000     -0.27583132
      2.83550000     -0.27693348
      2.83600000     -0.27803202
      2.83650000     -0.27912693
      2.83700000     -0.28021820
      2.83750000     -0.28130582
      2.83800000     -0.28238979
      2.83850000     -0.28347008
      2.83900000     -0.28454669
      2.83950000     -0.28561962
      2.84000000     -0.28668886
      2.84050000     -0.28775439
      2.84100000     -0.28881621
      2.84150000     -0.28987431
      2.84200000     -0.29092867
      2.84250000     -0.29197930
      2.84300000     -0.29302619
      2.84350000     -0.29406931
      2.84400000     -0.29510868
      2.84450000     -0.29614427
      2.84500000     -0.29717608
      2.84550000     -0.29820411
      2.84600000     -0.29922833
      2.84650000     -0.30024876
      2.84700000     -0.30126537
      2.84750000     -0.30227816
      2.84800000     -0.30328712
      2.84850000     -0.30429224
      2.84900000     -0.30529352
      2.84950000     -0.30629095
      2.85000000     -0.30728453
      2.85050000     -0.30827423
      2.85100000     -0.30926006
      2.85150000     -0.31024201
      2.85200000     -0.31122007
      2.85250000     -0.31219423
      2.85300000     -0.31316449
      2.85350000     -0.31413084
      2.85400000     -0.31509327
      2.85450000     -0.31605178
      2.85500000     -0.31700635
      2.85550000     -0.31795698
      2.85600000     -0.31890367
      2.85650000     -0.31984641
      2.85700000     -0.32078519
      2.85750000     -0.32172000
      2.85800000     -0.32265083
      2.85850000     -0.32357769
      2.85900000     -0.32450057
      2.85950000     -0.32541945
      2.86000000     -0.32633433
      2.86050000     -0.32724521
      2.86100000     -0.32815207
      2.86150000     -0.32905492
      2.86200000     -0.32995374
      2.86250000     -0.33084854
      2.86300000     -0.33173930
      2.86350000     -0.33262601
      2.86400000     -0.33350868
      2.86450000     -0.33438730
      2.86500000     -0.33526185
      2.86550000     -0.33613234
      2.86600000     -0.33699876
      2.86650000     -0.33786110
      2.86700000     -0.33871937
      2.86750000     -0.33957354
      2.86800000     -0.34042362
      2.86850000     -0.34126960
      2.86900000     -0.34211148
      2.86950000     -0.34294925
      2.87000000     -0.34378291
      2.87050000     -0.34461245
      2.87100000     -0.34543786
      2.87150000     -0.34625914
      2.87200000     -0.34707629
      2.87250000     -0.34788930
      2.87300000     -0.34869816
      2.87350000     -0.34950288
      2.87400000     -0.35030344
      2.87450000     -0.35109985
      2.87500000     -0.35189209
      2.87550000     -0.35268017
      2.87600000     -0.35346407
      2.87650000     -0.35424379
      2.87700000     -0.35501934
      2.87750000     -0.35579070
      2.87800000     -0.35655787
      2.87850000     -0.35732085
      2.87900000     -0.35807963
      2.87950000     -0.35883421
      2.88000000     -0.35958458
      2.88050000     -0.36033074
      2.88100000     -0.36107269
      2.88150000     -0.36181042
      2.88200000     -0.36254393
      2.88250000     -0.36327321
      2.88300000     -0.36399827
      2.88350000     -0.36471909
      2.88400000     -0.36543568
      2.88450000     -0.36614802
      2.88500000     -0.36685613
      2.88550000     -0.36755998
      2.88600000     -0.36825959
      2.88650000     -0.36895495
      2.88700000     -0.36964604
      2.88750000     -0.37033288
      2.88800000     -0.37101546
      2.88850000     -0.37169377
      2.88900000     -0.37236781
      2.88950000     -0.37303758
      2.89000000     -0.37370307
      2.89050000     -0.37436429
      2.89100000     -0.37502122
      2.89150000     -0.37567387
      2.89200000     -0.37632224
      2.89250000     -0.37696632
      2.89300000     -0.37760611
      2.89350000     -0.37824160
      2.89400000     -0.37887280
      2.89450000     -0.37949970
      2.89500000     -0.38012229
      2.89550000     -0.38074059
      2.89600000     -0.38135458
      2.89650000     -0.38196426
      2.89700000     -0.38256963
      2.89750000     -0.38317069
      2.89800000     -0.38376743
      2.89850000     -0.38435986
      2.89900000     -0.38494797
      2.89950000     -0.38553176
      2.90000000     -0.38611123
      2.90050000     -0.38668638
      2.90100000     -0.38725720
      2.90150000     -0.38782369
      2.90200000     -0.38838585
      2.90250000     -0.38894369
      2.90300000     -0.38949719
      2.90350000     -0.39004636
      2.90400000     -0.39059119
      2.90450000     -0.39113169
      2.90500000     -0.39166785
      2.90550000     -0.39219967
      2.90600000     -0.39272715
      2.90650000     -0.39325030
      2.90700000     -0.39376909
      2.90750000     -0.39428355
      2.90800000     -0.39479366
      2.90850000     -0.39529943
      2.90900000     -0.39580085
      2.90950000     -0.39629792
      2.91000000     -0.39679064
      2.91050000     -0.39727902
      2.91100000     -0.39776304
      2.91150000     -0.39824272
      2.91200000     -0.39871805
      2.91250000     -0.39918902
      2.91300000     -0.39965564
      2.91350000     -0.40011791
      2.91400000     -0.40057583
      2.91450000     -0.40102939
      2.91500000     -0.40147860
      2.91550000     -0.40192346
      2.91600000     -0.40236396
      2.91650000     -0.40280011
      2.91700000     -0.40323190
      2.91750000     -0.40365934
      2.91800000     -0.40408243
      2.91850000     -0.40450116
      2.91900000     -0.40491553
      2.91950000     -0.40532555
      2.92000000     -0.40573122
      2.92050000     -0.40613253
      2.92100000     -0.40652949
      2.92150000     -0.40692210
      2.92200000     -0.40731035
      2.92250000     -0.40769425
      2.92300000     -0.40807379
      2.92350000     -0.40844899
      2.92400000     -0.40881983
      2.92450000     -0.40918632
      2.92500000     -0.40954847
      2.92550000     -0.40990626
      2.92600000     -0.41025970
      2.92650000     -0.41060880
      2.92700000     -0.41095354
      2.92750000     -0.41129394
      2.92800000     -0.41163000
      2.92850000     -0.41196171
      2.92900000     -0.41228907
      2.92950000     -0.41261209
      2.93000000     -0.41293077
      2.93050000     -0.41324511
      2.93100000     -0.41355511
      2.93150000     -0.41386078
      2.93200000     -0.41416210
      2.93250000     -0.41445909
      2.93300000     -0.41475174
      2.93350000     -0.41504006
      2.93400000     -0.41532405
      2.93450000     -0.41560371
      2.93500000     -0.41587903
      2.93550000     -0.41615003
      2.93600000     -0.41641671
      2.93650000     -0.41667906
      2.93700000     -0.41693708
      2.93750000     -0.41719079
      2.93800000     -0.41744018
      2.93850000     -0.41768524
      2.93900000     -0.41792600
      2.93950000     -0.41816244
      2.94000000     -0.41839456
      2.94050000     -0.41862238
      2.94100000     -0.41884589
      2.94150000     -0.41906509
      2.94200000     -0.41927999
      2.94250000     -0.41949058
      2.94300000     -0.41969688
      2.94350000     -0.41989888
      2.94400000     -0.42009658
      2.94450000     -0.42028999
      2.94500000     -0.42047911
      2.94550000     -0.42066394
      2.94600000     -0.42084448
      2.94650000     -0.42102074
      2.94700000     -0.42119272
      2.94750000     -0.42136042
      2.94800000     -0.42152384
      2.94850000     -0.42168299
      2.94900000     -0.42183787
      2.94950000     -0.42198848
      2.95000000     -0.42213482
      2.95050000     -0.42227690
      2.95100000     -0.42241472
      2.95150000     -0.42254828
      2.95200000     -0.42267759
      2.95250000     -0.42280265
      2.95300000     -0.42292345
      2.95350000     -0.42304001
      2.95400000     -0.42315233
      2.95450000     -0.42326041
      2.95500000     -0.42336425
      2.95550000     -0.42346385
      2.95600000     -0.42355923
      2.95650000     -0.42365038
      2.95700000     -0.42373730
      2.95750000     -0.42382000
      2.95800000     -0.42389849
      2.95850000     -0.42397276
      2.95900000     -0.42404281
      2.95950000     -0.42410866
      2.96000000     -0.42417031
      2.96050000     -0.42422775
      2.96100000     -0.42428100
      2.96150000     -0.42433005
      2.96200000     -0.42437492
      2.96250000     -0.42441559
      2.96300000     -0.42445208
      2.96350000     -0.42448440
      2.96400000     -0.42451253
      2.96450000     -0.42453650
      2.96500000     -0.42455629
      2.96550000     -0.42457193
      2.96600000     -0.42458340
      2.96650000     -0.42459071
      2.96700000     -0.42459387
      2.96750000     -0.42459288
      2.96800000     -0.42458775
      2.96850000     -0.42457847
      2.96900000     -0.42456506
      2.96950000     -0.42454752
      2.97000000     -0.42452584
      2.97050000     -0.42450004
      2.97100000     -0.42447012
      2.97150000     -0.42443609
      2.97200000     -0.42439794
      2.97250000     -0.42435568
      2.97300000     -0.42430932
      2.97350000     -0.42425886
      2.97400000     -0.42420431
      2.97450000     -0.42414566
      2.97500000     -0.42408293
      2.97550000     -0.42401612
      2.97600000     -0.42394522
      2.97650000     -0.42387026
      2.97700000     -0.42379123
      2.97750000     -0.42370813
      2.97800000     -0.42362098
      2.97850000     -0.42352977
      2.97900000     -0.42343451
      2.97950000     -0.42333520
      2.98000000     -0.42323186
      2.98050000     -0.42312447
      2.98100000     -0.42301306
      2.98150000     -0.42289762
      2.98200000     -0.42277816
      2.98250000     -0.42265469
      2.98300000     -0.42252720
      2.98350000     -0.42239571
      2.98400000     -0.42226021
      2.98450000     -0.42212072
      2.98500000     -0.42197723
      2.98550000     -0.42182976
      2.98600000     -0.42167831
      2.98650000     -0.42152288
      2.98700000     -0.42136348
      2.98750000     -0.42120011
      2.98800000     -0.42103279
      2.98850000     -0.42086150
      2.98900000     -0.42068627
      2.98950000     -0.42050709
      2.99000000     -0.42032397
      2.99050000     -0.42013691
      2.99100000     -0.41994593
      2.99150000     -0.41975102
      2.99200000     -0.41955220
      2.99250000     -0.41934946
      2.99300000     -0.41914281
      2.99350000     -0.41893226
      2.99400000     -0.41871782
      2.99450000     -0.41849948
      2.99500000     -0.41827726
      2.99550000     -0.41805115
      2.99600000     -0.41782118
      2.99650000     -0.41758733
      2.99700000     -0.41734962
      2.99750000     -0.41710806
      2.99800000     -0.41686264
      2.99850000     -0.41661338
      2.99900000     -0.41636027
      2.99950000     -0.41610333
      3.00000000     -0.41584257
      3.00050000     -0.41557798
      3.00100000     -0.41530957
      3.00150000     -0.41503735
      3.00200000     -0.41476133
      3.00250000     -0.41448151
      3.00300000     -0.41419789
      3.00350000     -0.41391049
      3.00400000     -0.41361931
      3.00450000     -0.41332435
      3.00500000     -0.41302562
      3.00550000     -0.41272313
      3.00600000     -0.41241689
      3.00650000     -0.41210689
      3.00700000     -0.41179315
      3.00750000     -0.41147567
      3.00800000     -0.41115445
      3.00850000     -0.41082952
      3.00900000     -0.41050086
      3.00950000     -0.41016849
      3.01000000     -0.40983241
      3.01050000     -0.40949263
      3.01100000     -0.40914915
      3.01150000     -0.40880199
      3.01200000     -0.40845115
      3.01250000     -0.40809663
      3.01300000     -0.40773844
      3.01350000     -0.40737659
      3.01400000     -0.40701109
      3.01450000     -0.40664193
      3.01500000     -0.40626913
      3.01550000     -0.40589270
      3.01600000     -0.40551264
      3.01650000     -0.40512895
      3.01700000     -0.40474164
      3.01750000     -0.40435073
      3.01800000     -0.40395621
      3.01850000     -0.40355810
      3.01900000     -0.40315640
      3.01950000     -0.40275111
      3.02000000     -0.40234225
      3.02050000     -0.40192982
      3.02100000     -0.40151382
      3.02150000     -0.40109427
      3.02200000     -0.40067117
      3.02250000     -0.40024452
      3.02300000     -0.39981435
      3.02350000     -0.39938064
      3.02400000     -0.39894341
      3.02450000     -0.39850266
      3.02500000     -0.39805841
      3.02550000     -0.39761066
      3.02600000     -0.39715941
      3.02650000     -0.39670468
      3.02700000     -0.39624646
      3.02750000     -0.39578477
      3.02800000     -0.39531962
      3.02850000     -0.39485101
      3.02900000     -0.39437895
      3.02950000     -0.39390344
      3.03000000     -0.39342449
      3.03050000     -0.39294212
      3.03100000     -0.39245632
      3.03150000     -0.39196710
      3.03200000     -0.39147448
      3.03250000     -0.39097845
      3.03300000     -0.39047903
      3.03350000     -0.38997622
      3.03400000     -0.38947004
      3.03450000     -0.38896048
      3.03500000     -0.38844755
      3.03550000     -0.38793127
      3.03600000     -0.38741164
      3.03650000     -0.38688866
      3.03700000     -0.38636235
      3.03750000     -0.38583271
      3.03800000     -0.38529975
      3.03850000     -0.38476348
      3.03900000     -0.38422390
      3.03950000     -0.38368102
      3.04000000     -0.38313485
      3.04050000     -0.38258539
      3.04100000     -0.38203267
      3.04150000     -0.38147667
      3.04200000     -0.38091741
      3.04250000     -0.38035490
      3.04300000     -0.37978914
      3.04350000     -0.37922015
      3.04400000     -0.37864792
      3.04450000     -0.37807247
      3.04500000     -0.37749381
      3.04550000     -0.37691194
      3.04600000     -0.37632686
      3.04650000     -0.37573860
      3.04700000     -0.37514715
      3.04750000     -0.37455253
      3.04800000     -0.37395474
      3.04850000     -0.37335378
      3.04900000     -0.37274967
      3.04950000     -0.37214242
      3.05000000     -0.37153203
      3.05050000     -0.37091851
      3.05100000     -0.37030187
      3.05150000     -0.36968211
      3.05200000     -0.36905925
      3.05250000     -0.36843328
      3.05300000     -0.36780423
      3.05350000     -0.36717210
      3.05400000     -0.36653689
      3.05450000     -0.36589861
      3.05500000     -0.36525728
      3.05550000     -0.36461289
      3.05600000     -0.36396546
      3.05650000     -0.36331500
      3.05700000     -0.36266151
      3.05750000     -0.36200500
      3.05800000     -0.36134548
      3.05850000     -0.36068296
      3.05900000     -0.36001744
      3.05950000     -0.35934894
      3.06000000     -0.35867746
      3.06050000     -0.35800301
      3.06100000     -0.35732559
      3.06150000     -0.35664522
      3.06200000     -0.35596191
      3.06250000     -0.35527566
      3.06300000     -0.35458648
      3.06350000     -0.35389438
      3.06400000     -0.35319936
      3.06450000     -0.35250144
      3.06500000     -0.35180063
      3.06550000     -0.35109693
      3.06600000     -0.35039034
      3.06650000     -0.34968089
      3.06700000     -0.34896857
      3.06750000     -0.34825339
      3.06800000     -0.34753537
      3.06850000     -0.34681451
      3.06900000     -0.34609082
      3.06950000     -0.34536431
      3.07000000     -0.34463498
      3.07050000     -0.34390285
      3.07100000     -0.34316793
      3.07150000     -0.34243021
      3.07200000     -0.34168972
      3.07250000     -0.34094645
      3.07300000     -0.34020042
      3.07350000     -0.33945164
      3.07400000     -0.33870011
      3.07450000     -0.33794584
      3.07500000     -0.33718884
      3.07550000     -0.33642913
      3.07600000     -0.33566670
      3.07650000     -0.33490156
      3.07700000     -0.33413374
      3.07750000     -0.33336322
      3.07800000     -0.33259003
      3.07850000     -0.33181417
      3.07900000     -0.33103564
      3.07950000     -0.33025447
      3.08000000     -0.32947065
      3.08050000     -0.32868420
      3.08100000     -0.32789512
      3.08150000     -0.32710342
      3.08200000     -0.32630911
      3.08250000     -0.32551220
      3.08300000     -0.32471270
      3.08350000     -0.32391062
      3.08400000     -0.32310596
      3.08450000     -0.32229874
      3.08500000     -0.32148896
      3.08550000     -0.32067663
      3.08600000     -0.31986176
      3.08650000     -0.31904436
      3.08700000     -0.31822444
      3.08750000     -0.31740200
      3.08800000     -0.31657706
      3.08850000     -0.31574963
      3.08900000     -0.31491970
      3.08950000     -0.31408730
      3.09000000     -0.31325243
      3.09050000     -0.31241510
      3.09100000     -0.31157532
      3.09150000     -0.31073309
      3.09200000     -0.30988843
      3.09250000     -0.30904134
      3.09300000     -0.30819184
      3.09350000     -0.30733993
      3.09400000     -0.30648562
      3.09450000     -0.30562892
      3.09500000     -0.30476984
      3.09550000     -0.30390838
      3.09600000     -0.30304457
      3.09650000     -0.30217840
      3.09700000     -0.30130988
      3.09750000     -0.30043903
      3.09800000     -0.29956585
      3.09850000     -0.29869035
      3.09900000     -0.29781254
      3.09950000     -0.29693243
      3.10000000     -0.29605003
      3.10050000     -0.29516535
      3.10100000     -0.29427839
      3.10150000     -0.29338917
      3.10200000     -0.29249769
      3.10250000     -0.29160397
      3.10300000     -0.29070801
      3.10350000     -0.28980982
      3.10400000     -0.28890941
      3.10450000     -0.28800679
      3.10500000     -0.28710196
      3.10550000     -0.28619495
      3.10600000     -0.28528575
      3.10650000     -0.28437438
      3.10700000     -0.28346084
      3.10750000     -0.28254515
      3.10800000     -0.28162731
      3.10850000     -0.28070733
      3.10900000     -0.27978523
      3.10950000     -0.27886100
      3.11000000     -0.27793466
      3.11050000     -0.27700623
      3.11100000     -0.27607570
      3.11150000     -0.27514308
      3.11200000     -0.27420840
      3.11250000     -0.27327164
      3.11300000     -0.27233284
      3.11350000     -0.27139198
      3.11400000     -0.27044909
      3.11450000     -0.26950417
      3.11500000     -0.26855724
      3.11550000     -0.26760829
      3.11600000     -0.26665734
      3.11650000     -0.26570440
      3.11700000     -0.26474948
      3.11750000     -0.26379259
      3.11800000     -0.26283374
      3.11850000     -0.26187293
      3.11900000     -0.26091017
      3.11950000     -0.25994548
      3.12000000     -0.25897886
      3.12050000     -0.25801033
      3.12100000     -0.25703989
      3.12150000     -0.25606754
      3.12200000     -0.25509331
      3.12250000     -0.25411720
      3.12300000     -0.25313922
      3.12350000     -0.25215938
      3.12400000     -0.25117769
      3.12450000     -0.25019415
      3.12500000     -0.24920878
      3.12550000     -0.24822159
      3.12600000     -0.24723258
      3.12650000     -0.24624176
      3.12700000     -0.24524915
      3.12750000     -0.24425475
      3.12800000     -0.24325858
      3.12850000     -0.24226064
      3.12900000     -0.24126093
      3.12950000     -0.24025948
      3.13000000     -0.23925629
      3.13050000     -0.23825137
      3.13100000     -0.23724473
      3.13150000     -0.23623638
      3.13200000     -0.23522632
      3.13250000     -0.23421457
      3.13300000     -0.23320114
      3.13350000     -0.23218603
      3.13400000     -0.23116926
      3.13450000     -0.23015083
      3.13500000     -0.22913076
      3.13550000     -0.22810905
      3.13600000     -0.22708572
      3.13650000     -0.22606076
      3.13700000     -0.22503420
      3.13750000     -0.22400604
      3.13800000     -0.22297629
      3.13850000     -0.22194496
      3.13900000     -0.22091206
      3.13950000     -0.21987760
      3.14000000     -0.21884159
      3.14050000     -0.21780403
      3.14100000     -0.21676495
      3.14150000     -0.21572434
      3.14200000     -0.21468222
      3.14250000     -0.21363859
      3.14300000     -0.21259347
      3.14350000     -0.21154686
      3.14400000     -0.21049878
      3.14450000     -0.20944923
      3.14500000     -0.20839823
      3.14550000     -0.20734578
      3.14600000     -0.20629189
      3.14650000     -0.20523657
      3.14700000     -0.20417984
      3.14750000     -0.20312169
      3.14800000     -0.20206215
      3.14850000     -0.20100122
      3.14900000     -0.19993890
      3.14950000     -0.19887522
      3.15000000     -0.19781017
      3.15050000     -0.19674377
      3.15100000     -0.19567603
      3.15150000     -0.19460696
      3.15200000     -0.19353657
      3.15250000     -0.19246486
      3.15300000     -0.19139185
      3.15350000     -0.19031754
      3.15400000     -0.18924195
      3.15450000     -0.18816508
      3.15500000     -0.18708695
      3.15550000     -0.18600756
      3.15600000     -0.18492692
      3.15650000     -0.18384505
      3.15700000     -0.18276195
      3.15750000     -0.18167763
      3.15800000     -0.18059211
      3.15850000     -0.17950538
      3.15900000     -0.17841747
      3.15950000     -0.17732837
      3.16000000     -0.17623811
      3.16050000     -0.17514669
      3.16100000     -0.17405411
      3.16150000     -0.17296040
      3.16200000     -0.17186555
      3.16250000     -0.17076958
      3.16300000     -0.16967250
      3.16350000     -0.16857432
      3.16400000     -0.16747504
      3.16450000     -0.16637468
      3.16500000     -0.16527325
      3.16550000     -0.16417075
      3.16600000     -0.16306720
      3.16650000     -0.16196260
      3.16700000     -0.16085697
      3.16750000     -0.15975031
      3.16800000     -0.15864263
      3.16850000     -0.15753395
      3.16900000     -0.15642427
      3.16950000     -0.15531361
      3.17000000     -0.15420197
      3.17050000     -0.15308935
      3.17100000     -0.15197579
      3.17150000     -0.15086127
      3.17200000     -0.14974581
      3.17250000     -0.14862942
      3.17300000     -0.14751212
      3.17350000     -0.14639390
      3.17400000     -0.14527478
      3.17450000     -0.14415477
      3.17500000     -0.14303388
      3.17550000     -0.14191212
      3.17600000     -0.14078950
      3.17650000     -0.13966602
      3.17700000     -0.13854171
      3.17750000     -0.13741656
      3.17800000     -0.13629058
      3.17850000     -0.13516379
      3.17900000     -0.13403620
      3.17950000     -0.13290781
      3.18000000     -0.13177864
      3.18050000     -0.13064869
      3.18100000     -0.12951798
      3.18150000     -0.12838651
      3.18200000     -0.12725430
      3.18250000     -0.12612135
      3.18300000     -0.12498767
      3.18350000     -0.12385327
      3.18400000     -0.12271817
      3.18450000     -0.12158237
      3.18500000     -0.12044588
      3.18550000     -0.11930871
      3.18600000     -0.11817087
      3.18650000     -0.11703238
      3.18700000     -0.11589323
      3.18750000     -0.11475345
      3.18800000     -0.11361303
      3.18850000     -0.11247199
      3.18900000     -0.11133034
      3.18950000     -0.11018809
      3.19000000     -0.10904525
      3.19050000     -0.10790183
      3.19100000     -0.10675783
      3.19150000     -0.10561327
      3.19200000     -0.10446816
      3.19250000     -0.10332250
      3.19300000     -0.10217631
      3.19350000     -0.10102960
      3.19400000     -0.09988237
      3.19450000     -0.09873463
      3.19500000     -0.09758640
      3.19550000     -0.09643769
      3.19600000     -0.09528850
      3.19650000     -0.09413884
      3.19700000     -0.09298872
      3.19750000     -0.09183816
      3.19800000     -0.09068716
      3.19850000     -0.08953574
      3.19900000     -0.08838389
      3.19950000     -0.08723164
      3.20000000     -0.08607898
      3.20050000     -0.08492594
      3.20100000     -0.08377252
      3.20150000     -0.08261873
      3.20200000     -0.08146457
      3.20250000     -0.08031007
      3.20300000     -0.07915523
      3.20350000     -0.07800005
      3.20400000     -0.07684455
      3.20450000     -0.07568874
      3.20500000     -0.07453263
      3.20550000     -0.07337622
      3.20600000     -0.07221953
      3.20650000     -0.07106257
      3.20700000     -0.06990534
      3.20750000     -0.06874786
      3.20800000     -0.06759013
      3.20850000     -0.06643217
      3.20900000     -0.06527398
      3.20950000     -0.06411558
      3.21000000     -0.06295697
      3.21050000     -0.06179816
      3.21100000     -0.06063916
      3.21150000     -0.05947999
      3.21200000     -0.05832065
      3.21250000     -0.05716115
      3.21300000     -0.05600150
      3.21350000     -0.05484171
      3.21400000     -0.05368180
      3.21450000     -0.05252176
      3.21500000     -0.05136161
      3.21550000     -0.05020136
      3.21600000     -0.04904102
      3.21650000     -0.04788060
      3.21700000     -0.04672010
      3.21750000     -0.04555954
      3.21800000     -0.04439893
      3.21850000     -0.04323828
      3.21900000     -0.04207759
      3.21950000     -0.04091687
      3.22000000     -0.03975615
      3.22050000     -0.03859541
      3.22100000     -0.03743468
      3.22150000     -0.03627397
      3.22200000     -0.03511327
      3.22250000     -0.03395262
      3.22300000     -0.03279200
      3.22350000     -0.03163143
      3.22400000     -0.03047093
      3.22450000     -0.02931050
      3.22500000     -0.02815014
      3.22550000     -0.02698988
      3.22600000     -0.02582972
      3.22650000     -0.02466966
      3.22700000     -0.02350973
      3.22750000     -0.02234992
      3.22800000     -0.02119025
      3.22850000     -0.02003073
      3.22900000     -0.01887137
      3.22950000     -0.01771217
      3.23000000     -0.01655314
      3.23050000     -0.01539430
      3.23100000     -0.01423566
      3.23150000     -0.01307722
      3.23200000     -0.01191899
      3.23250000     -0.01076099
      3.23300000     -0.00960322
      3.23350000     -0.00844569
      3.23400000     -0.00728841
      3.23450000     -0.00613140
      3.23500000     -0.00497465
      3.23550000     -0.00381818
      3.23600000     -0.00266201
      3.23650000     -0.00150613
      3.23700000     -0.00035056
      3.23750000      0.00080469
      3.23800000      0.00195962
      3.23850000      0.00311421
      3.23900000      0.00426845
      3.23950000      0.00542234
      3.24000000      0.00657586
      3.24050000      0.00772901
      3.24100000      0.00888178
      3.24150000      0.01003415
      3.24200000      0.01118612
      3.24250000      0.01233768
      3.24300000      0.01348881
      3.24350000      0.01463952
      3.24400000      0.01578979
      3.24450000      0.01693960
      3.24500000      0.01808896
      3.24550000      0.01923785
      3.24600000      0.02038626
      3.24650000      0.02153419
      3.24700000      0.02268162
      3.24750000      0.02382854
      3.24800000      0.02497495
      3.24850000      0.02612084
      3.24900000      0.02726619
      3.24950000      0.02841100
      3.25000000      0.02955526
      3.25050000      0.03069895
      3.25100000      0.03184208
      3.25150000      0.03298462
      3.25200000      0.03412658
      3.25250000      0.03526793
      3.25300000      0.03640868
      3.25350000      0.03754881
      3.25400000      0.03868832
      3.25450000      0.03982718
      3.25500000      0.04096541
      3.25550000      0.04210298
      3.25600000      0.04323988
      3.25650000      0.04437612
      3.25700000      0.04551167
      3.25750000      0.04664653
      3.25800000      0.04778068
      3.25850000      0.04891413
      3.25900000      0.05004686
      3.25950000      0.05117886
      3.26000000      0.05231013
      3.26050000      0.05344064
      3.26100000      0.05457041
      3.26150000      0.05569940
      3.26200000      0.05682762
      3.26250000      0.05795506
      3.26300000      0.05908171
      3.26350000      0.06020755
      3.26400000      0.06133258
      3.26450000      0.06245680
      3.26500000      0.06358018
      3.26550000      0.06470272
      3.26600000      0.06582442
      3.26650000      0.06694526
      3.26700000      0.06806524
      3.26750000      0.06918434
      3.26800000      0.07030255
      3.26850000      0.07141987
      3.26900000      0.07253629
      3.26950000      0.07365180
      3.27000000      0.07476639
      3.27050000      0.07588005
      3.27100000      0.07699277
      3.27150000      0.07810454
      3.27200000      0.07921535
      3.27250000      0.08032520
      3.27300000      0.08143408
      3.27350000      0.08254197
      3.27400000      0.08364887
      3.27450000      0.08475476
      3.27500000      0.08585965
      3.27550000      0.08696351
      3.27600000      0.08806635
      3.27650000      0.08916815
      3.27700000      0.09026890
      3.27750000      0.09136859
      3.27800000      0.09246722
      3.27850000      0.09356478
      3.27900000      0.09466125
      3.27950000      0.09575663
      3.28000000      0.09685091
      3.28050000      0.09794408
      3.28100000      0.09903614
      3.28150000      0.10012706
      3.28200000      0.10121685
      3.28250000      0.10230549
      3.28300000      0.10339298
      3.28350000      0.10447931
      3.28400000      0.10556446
      3.28450000      0.10664843
      3.28500000      0.10773122
      3.28550000      0.10881280
      3.28600000      0.10989318
      3.28650000      0.11097234
      3.28700000      0.11205027
      3.28750000      0.11312697
      3.28800000      0.11420243
      3.28850000      0.11527664
      3.28900000      0.11634959
      3.28950000      0.11742126
      3.29000000      0.11849166
      3.29050000      0.11956077
      3.29100000      0.12062859
      3.29150000      0.12169510
      3.29200000      0.12276030
      3.29250000      0.12382418
      3.29300000      0.12488673
      3.29350000      0.12594794
      3.29400000      0.12700780
      3.29450000      0.12806630
      3.29500000      0.12912344
      3.29550000      0.13017920
      3.29600000      0.13123359
      3.29650000      0.13228658
      3.29700000      0.13333817
      3.29750000      0.13438835
      3.29800000      0.13543711
      3.29850000      0.13648445
      3.29900000      0.13753035
      3.29950000      0.13857481
      3.30000000      0.13961782
      3.30050000      0.14065937
      3.30100000      0.14169945
      3.30150000      0.14273805
      3.30200000      0.14377517
      3.30250000      0.14481079
      3.30300000      0.14584490
      3.30350000      0.14687751
      3.30400000      0.14790859
      3.30450000      0.14893815
      3.30500000      0.14996617
      3.30550000      0.15099264
      3.30600000      0.15201756
      3.30650000      0.15304092
      3.30700000      0.15406270
      3.30750000      0.15508291
      3.30800000      0.15610153
      3.30850000      0.15711855
      3.30900000      0.15813396
      3.30950000      0.15914776
      3.31000000      0.16015994
      3.31050000      0.16117049
      3.31100000      0.16217940
      3.31150000      0.16318667
      3.31200000      0.16419228
      3.31250000      0.16519622
      3.31300000      0.16619849
      3.31350000      0.16719909
      3.31400000      0.16819799
      3.31450000      0.16919520
      3.31500000      0.17019070
      3.31550000      0.17118448
      3.31600000      0.17217655
      3.31650000      0.17316688
      3.31700000      0.17415548
      3.31750000      0.17514233
      3.31800000      0.17612742
      3.31850000      0.17711076
      3.31900000      0.17809232
      3.31950000      0.17907210
      3.32000000      0.18005009
      3.32050000      0.18102628
      3.32100000      0.18200068
      3.32150000      0.18297326
      3.32200000      0.18394402
      3.32250000      0.18491295
      3.32300000      0.18588004
      3.32350000      0.18684529
      3.32400000      0.18780869
      3.32450000      0.18877022
      3.32500000      0.18972989
      3.32550000      0.19068767
      3.32600000      0.19164358
      3.32650000      0.19259759
      3.32700000      0.19354970
      3.32750000      0.19449989
      3.32800000      0.19544818
      3.32850000      0.19639453
      3.32900000      0.19733896
      3.32950000      0.19828144
      3.33000000      0.19922197
      3.33050000      0.20016054
      3.33100000      0.20109715
      3.33150000      0.20203179
      3.33200000      0.20296445
      3.33250000      0.20389511
      3.33300000      0.20482378
      3.33350000      0.20575045
      3.33400000      0.20667510
      3.33450000      0.20759773
      3.33500000      0.20851834
      3.33550000      0.20943691
      3.33600000      0.21035343
      3.33650000      0.21126790
      3.33700000      0.21218032
      3.33750000      0.21309066
      3.33800000      0.21399893
      3.33850000      0.21490512
      3.33900000      0.21580922
      3.33950000      0.21671122
      3.34000000      0.21761111
      3.34050000      0.21850889
      3.34100000      0.21940455
      3.34150000      0.22029808
      3.34200000      0.22118947
      3.34250000      0.22207872
      3.34300000      0.22296582
      3.34350000      0.22385076
      3.34400000      0.22473353
      3.34450000      0.22561413
      3.34500000      0.22649254
      3.34550000      0.22736876
      3.34600000      0.22824279
      3.34650000      0.22911461
      3.34700000      0.22998422
      3.34750000      0.23085161
      3.34800000      0.23171678
      3.34850000      0.23257970
      3.34900000      0.23344039
      3.34950000      0.23429882
      3.35000000      0.23515500
      3.35050000      0.23600892
      3.35100000      0.23686056
      3.35150000      0.23770992
      3.35200000      0.23855700
      3.35250000      0.23940178
      3.35300000      0.24024426
      3.35350000      0.24108443
      3.35400000      0.24192229
      3.35450000      0.24275782
      3.35500000      0.24359103
      3.35550000      0.24442189
      3.35600000      0.24525041
      3.35650000      0.24607657
      3.35700000      0.24690038
      3.35750000      0.24772182
      3.35800000      0.24854089
      3.35850000      0.24935757
      3.35900000      0.25017187
      3.35950000      0.25098377
      3.36000000      0.25179327
      3.36050000      0.25260036
      3.36100000      0.25340503
      3.36150000      0.25420728
      3.36200000      0.25500709
      3.36250000      0.25580447
      3.36300000      0.25659940
      3.36350000      0.25739189
      3.36400000      0.25818191
      3.36450000      0.25896946
      3.36500000      0.25975455
      3.36550000      0.26053715
      3.36600000      0.26131726
      3.36650000      0.26209489
      3.36700000      0.26287001
      3.36750000      0.26364262
      3.36800000      0.26441272
      3.36850000      0.26518030
      3.36900000      0.26594534
      3.36950000      0.26670786
      3.37000000      0.26746783
      3.37050000      0.26822525
      3.37100000      0.26898012
      3.37150000      0.26973242
      3.37200000      0.27048216
      3.37250000      0.27122932
      3.37300000      0.27197389
      3.37350000      0.27271588
      3.37400000      0.27345527
      3.37450000      0.27419206
      3.37500000      0.27492624
      3.37550000      0.27565781
      3.37600000      0.27638675
      3.37650000      0.27711306
      3.37700000      0.27783674
      3.37750000      0.27855777
      3.37800000      0.27927616
      3.37850000      0.27999189
      3.37900000      0.28070496
      3.37950000      0.28141536
      3.38000000      0.28212309
      3.38050000      0.28282813
      3.38100000      0.28353049
      3.38150000      0.28423015
      3.38200000      0.28492712
      3.38250000      0.28562137
      3.38300000      0.28631292
      3.38350000      0.28700174
      3.38400000      0.28768784
      3.38450000      0.28837120
      3.38500000      0.28905183
      3.38550000      0.28972971
      3.38600000      0.29040485
      3.38650000      0.29107722
      3.38700000      0.29174683
      3.38750000      0.29241367
      3.38800000      0.29307774
      3.38850000      0.29373902
      3.38900000      0.29439752
      3.38950000      0.29505322
      3.39000000      0.29570612
      3.39050000      0.29635621
      3.39100000      0.29700350
      3.39150000      0.29764796
      3.39200000      0.29828960
      3.39250000      0.29892841
      3.39300000      0.29956438
      3.39350000      0.30019751
      3.39400000      0.30082779
      3.39450000      0.30145522
      3.39500000      0.30207978
      3.39550000      0.30270148
      3.39600000      0.30332031
      3.39650000      0.30393626
      3.39700000      0.30454933
      3.39750000      0.30515951
      3.39800000      0.30576679
      3.39850000      0.30637117
      3.39900000      0.30697264
      3.39950000      0.30757121
      3.40000000      0.30816685
      3.40050000      0.30875957
      3.40100000      0.30934936
      3.40150000      0.30993621
      3.40200000      0.31052013
      3.40250000      0.31110109
      3.40300000      0.31167911
      3.40350000      0.31225416
      3.40400000      0.31282626
      3.40450000      0.31339538
      3.40500000      0.31396153
      3.40550000      0.31452471
      3.40600000      0.31508489
      3.40650000      0.31564209
      3.40700000      0.31619629
      3.40750000      0.31674748
      3.40800000      0.31729568
      3.40850000      0.31784085
      3.40900000      0.31838302
      3.40950000      0.31892215
      3.41000000      0.31945827
      3.41050000      0.31999134
      3.41100000      0.32052138
      3.41150000      0.32104838
      3.41200000      0.32157232
      3.41250000      0.32209321
      3.41300000      0.32261104
      3.41350000      0.32312581
      3.41400000      0.32363751
      3.41450000      0.32414613
      3.41500000      0.32465168
      3.41550000      0.32515413
      3.41600000      0.32565350
      3.41650000      0.32614978
      3.41700000      0.32664295
      3.41750000      0.32713302
      3.41800000      0.32761998
      3.41850000      0.32810382
      3.41900000      0.32858455
      3.41950000      0.32906215
      3.42000000      0.32953662
      3.42050000      0.33000796
      3.42100000      0.33047616
      3.42150000      0.33094121
      3.42200000      0.33140312
      3.42250000      0.33186187
      3.42300000      0.33231747
      3.42350000      0.33276990
      3.42400000      0.33321916
      3.42450000      0.33366526
      3.42500000      0.33410818
      3.42550000      0.33454791
      3.42600000      0.33498446
      3.42650000      0.33541782
      3.42700000      0.33584799
      3.42750000      0.33627496
      3.42800000      0.33669872
      3.42850000      0.33711927
      3.42900000      0.33753662
      3.42950000      0.33795074
      3.43000000      0.33836165
      3.43050000      0.33876933
      3.43100000      0.33917378
      3.43150000      0.33957499
      3.43200000      0.33997297
      3.43250000      0.34036770
      3.43300000      0.34075919
      3.43350000      0.34114743
      3.43400000      0.34153241
      3.43450000      0.34191413
      3.43500000      0.34229259
      3.43550000      0.34266778
      3.43600000      0.34303970
      3.43650000      0.34340834
      3.43700000      0.34377370
      3.43750000      0.34413578
      3.43800000      0.34449457
      3.43850000      0.34485007
      3.43900000      0.34520228
      3.43950000      0.34555118
      3.44000000      0.34589678
      3.44050000      0.34623908
      3.44100000      0.34657806
      3.44150000      0.34691373
      3.44200000      0.34724608
      3.44250000      0.34757511
      3.44300000      0.34790081
      3.44350000      0.34822318
      3.44400000      0.34854222
      3.44450000      0.34885792
      3.44500000      0.34917028
      3.44550000      0.34947930
      3.44600000      0.34978497
      3.44650000      0.35008729
      3.44700000      0.35038625
      3.44750000      0.35068186
      3.44800000      0.35097410
      3.44850000      0.35126298
      3.44900000      0.35154849
      3.44950000      0.35183063
      3.45000000      0.35210939
      3.45050000      0.35238478
      3.45100000      0.35265678
      3.45150000      0.35292540
      3.45200000      0.35319063
      3.45250000      0.35345247
      3.45300000      0.35371091
      3.45350000      0.35396596
      3.45400000      0.35421761
      3.45450000      0.35446585
      3.45500000      0.35471068
      3.45550000      0.35495211
      3.45600000      0.35519012
      3.45650000      0.35542472
      3.45700000      0.35565589
      3.45750000      0.35588365
      3.45800000      0.35610798
      3.45850000      0.35632888
      3.45900000      0.35654636
      3.45950000      0.35676040
      3.46000000      0.35697100
      3.46050000      0.35717817
      3.46100000      0.35738189
      3.46150000      0.35758217
      3.46200000      0.35777900
      3.46250000      0.35797239
      3.46300000      0.35816232
      3.46350000      0.35834880
      3.46400000      0.35853182
      3.46450000      0.35871138
      3.46500000      0.35888748
      3.46550000      0.35906011
      3.46600000      0.35922928
      3.46650000      0.35939498
      3.46700000      0.35955720
      3.46750000      0.35971596
      3.46800000      0.35987123
      3.46850000      0.36002303
      3.46900000      0.36017135
      3.46950000      0.36031618
      3.47000000      0.36045753
      3.47050000      0.36059539
      3.47100000      0.36072976
      3.47150000      0.36086064
      3.47200000      0.36098803
      3.47250000      0.36111192
      3.47300000      0.36123231
      3.47350000      0.36134921
      3.47400000      0.36146260
      3.47450000      0.36157249
      3.47500000      0.36167887
      3.47550000      0.36178175
      3.47600000      0.36188112
      3.47650000      0.36197698
      3.47700000      0.36206932
      3.47750000      0.36215815
      3.47800000      0.36224347
      3.47850000      0.36232526
      3.47900000      0.36240354
      3.47950000      0.36247830
      3.48000000      0.36254953
      3.48050000      0.36261724
      3.48100000      0.36268143
      3.48150000      0.36274209
      3.48200000      0.36279922
      3.48250000      0.36285282
      3.48300000      0.36290289
      3.48350000      0.36294943
      3.48400000      0.36299243
      3.48450000      0.36303190
      3.48500000      0.36306784
      3.48550000      0.36310023
      3.48600000      0.36312909
      3.48650000      0.36315441
      3.48700000      0.36317619
      3.48750000      0.36319442
      3.48800000      0.36320912
      3.48850000      0.36322026
      3.48900000      0.36322787
      3.48950000      0.36323193
      3.49000000      0.36323244
      3.49050000      0.36322940
      3.49100000      0.36322282
      3.49150000      0.36321269
      3.49200000      0.36319900
      3.49250000      0.36318177
      3.49300000      0.36316098
      3.49350000      0.36313665
      3.49400000      0.36310876
      3.49450000      0.36307731
      3.49500000      0.36304232
      3.49550000      0.36300376
      3.49600000      0.36296166
      3.49650000      0.36291600
      3.49700000      0.36286678
      3.49750000      0.36281400
      3.49800000      0.36275767
      3.49850000      0.36269779
      3.49900000      0.36263434
      3.49950000      0.36256734
      3.50000000      0.36249678
      3.50050000      0.36242266
      3.50100000      0.36234498
      3.50150000      0.36226375
      3.50200000      0.36217896
      3.50250000      0.36209061
      3.50300000      0.36199870
      3.50350000      0.36190323
      3.50400000      0.36180420
      3.50450000      0.36170162
      3.50500000      0.36159548
      3.50550000      0.36148578
      3.50600000      0.36137252
      3.50650000      0.36125570
      3.50700000      0.36113533
      3.50750000      0.36101140
      3.50800000      0.36088392
      3.50850000      0.36075287
      3.50900000      0.36061828
      3.50950000      0.36048012
      3.51000000      0.36033841
      3.51050000      0.36019315
      3.51100000      0.36004433
      3.51150000      0.35989196
      3.51200000      0.35973604
      3.51250000      0.35957656
      3.51300000      0.35941354
      3.51350000      0.35924696
      3.51400000      0.35907683
      3.51450000      0.35890316
      3.51500000      0.35872593
      3.51550000      0.35854516
      3.51600000      0.35836085
      3.51650000      0.35817298
      3.51700000      0.35798157
      3.51750000      0.35778662
      3.51800000      0.35758813
      3.51850000      0.35738610
      3.51900000      0.35718052
      3.51950000      0.35697141
      3.52000000      0.35675875
      3.52050000      0.35654257
      3.52100000      0.35632284
      3.52150000      0.35609959
      3.52200000      0.35587280
      3.52250000      0.35564247
      3.52300000      0.35540862
      3.52350000      0.35517124
      3.52400000      0.35493034
      3.52450000      0.35468591
      3.52500000      0.35443795
      3.52550000      0.35418647
      3.52600000      0.35393148
      3.52650000      0.35367296
      3.52700000      0.35341093
      3.52750000      0.35314538
      3.52800000      0.35287632
      3.52850000      0.35260374
      3.52900000      0.35232766
      3.52950000      0.35204807
      3.53000000      0.35176497
      3.53050000      0.35147837
      3.53100000      0.35118827
      3.53150000      0.35089467
      3.53200000      0.35059757
      3.53250000      0.35029697
      3.53300000      0.34999288
      3.53350000      0.34968530
      3.53400000      0.34937424
      3.53450000      0.34905968
      3.53500000      0.34874164
      3.53550000      0.34842012
      3.53600000      0.34809512
      3.53650000      0.34776665
      3.53700000      0.34743469
      3.53750000      0.34709927
      3.53800000      0.34676038
      3.53850000      0.34641802
      3.53900000      0.34607220
      3.53950000      0.34572291
      3.54000000      0.34537017
      3.54050000      0.34501397
      3.54100000      0.34465432
      3.54150000      0.34429122
      3.54200000      0.34392467
      3.54250000      0.34355468
      3.54300000      0.34318124
      3.54350000      0.34280437
      3.54400000      0.34242406
      3.54450000      0.34204032
      3.54500000      0.34165315
      3.54550000      0.34126256
      3.54600000      0.34086854
      3.54650000      0.34047110
      3.54700000      0.34007025
      3.54750000      0.33966598
      3.54800000      0.33925830
      3.54850000      0.33884722
      3.54900000      0.33843273
      3.54950000      0.33801485
      3.55000000      0.33759357
      3.55050000      0.33716890
      3.55100000      0.33674083
      3.55150000      0.33630939
      3.55200000      0.33587456
      3.55250000      0.33543636
      3.55300000      0.33499478
      3.55350000      0.33454983
      3.55400000      0.33410151
      3.55450000      0.33364984
      3.55500000      0.33319480
      3.55550000      0.33273641
      3.55600000      0.33227467
      3.55650000      0.33180958
      3.55700000      0.33134115
      3.55750000      0.33086938
      3.55800000      0.33039428
      3.55850000      0.32991585
      3.55900000      0.32943409
      3.55950000      0.32894901
      3.56000000      0.32846062
      3.56050000      0.32796891
      3.56100000      0.32747389
      3.56150000      0.32697557
      3.56200000      0.32647395
      3.56250000      0.32596904
      3.56300000      0.32546083
      3.56350000      0.32494934
      3.56400000      0.32443457
      3.56450000      0.32391652
      3.56500000      0.32339520
      3.56550000      0.32287061
      3.56600000      0.32234277
      3.56650000      0.32181166
      3.56700000      0.32127730
      3.56750000      0.32073969
      3.56800000      0.32019884
      3.56850000      0.31965476
      3.56900000      0.31910744
      3.56950000      0.31855689
      3.57000000      0.31800312
      3.57050000      0.31744614
      3.57100000      0.31688594
      3.57150000      0.31632253
      3.57200000      0.31575593
      3.57250000      0.31518612
      3.57300000      0.31461313
      3.57350000      0.31403695
      3.57400000      0.31345759
      3.57450000      0.31287506
      3.57500000      0.31228936
      3.57550000      0.31170049
      3.57600000      0.31110847
      3.57650000      0.31051329
      3.57700000      0.30991497
      3.57750000      0.30931351
      3.57800000      0.30870891
      3.57850000      0.30810118
      3.57900000      0.30749033
      3.57950000      0.30687636
      3.58000000      0.30625929
      3.58050000      0.30563910
      3.58100000      0.30501582
      3.58150000      0.30438944
      3.58200000      0.30375997
      3.58250000      0.30312743
      3.58300000      0.30249180
      3.58350000      0.30185311
      3.58400000      0.30121136
      3.58450000      0.30056655
      3.58500000      0.29991869
      3.58550000      0.29926778
      3.58600000      0.29861384
      3.58650000      0.29795687
      3.58700000      0.29729687
      3.58750000      0.29663386
      3.58800000      0.29596783
      3.58850000      0.29529880
      3.58900000      0.29462677
      3.58950000      0.29395175
      3.59000000      0.29327375
      3.59050000      0.29259276
      3.59100000      0.29190881
      3.59150000      0.29122189
      3.59200000      0.29053201
      3.59250000      0.28983918
      3.59300000      0.28914341
      3.59350000      0.28844471
      3.59400000      0.28774307
      3.59450000      0.28703851
      3.59500000      0.28633104
      3.59550000      0.28562065
      3.59600000      0.28490737
      3.59650000      0.28419119
      3.59700000      0.28347213
      3.59750000      0.28275018
      3.59800000      0.28202537
      3.59850000      0.28129769
      3.59900000      0.28056715
      3.59950000      0.27983376
      3.60000000      0.27909754
      3.60050000      0.27835847
      3.60100000      0.27761658
      3.60150000      0.27687187
      3.60200000      0.27612435
      3.60250000      0.27537402
      3.60300000      0.27462090
      3.60350000      0.27386499
      3.60400000      0.27310630
      3.60450000      0.27234484
      3.60500000      0.27158061
      3.60550000      0.27081362
      3.60600000      0.27004389
      3.60650000      0.26927141
      3.60700000      0.26849620
      3.60750000      0.26771827
      3.60800000      0.26693762
      3.60850000      0.26615426
      3.60900000      0.26536820
      3.60950000      0.26457944
      3.61000000      0.26378801
      3.61050000      0.26299389
      3.61100000      0.26219711
      3.61150000      0.26139767
      3.61200000      0.26059558
      3.61250000      0.25979085
      3.61300000      0.25898349
      3.61350000      0.25817350
      3.61400000      0.25736089
      3.61450000      0.25654567
      3.61500000      0.25572786
      3.61550000      0.25490746
      3.61600000      0.25408447
      3.61650000      0.25325891
      3.61700000      0.25243078
      3.61750000      0.25160010
      3.61800000      0.25076688
      3.61850000      0.24993111
      3.61900000      0.24909282
      3.61950000      0.24825200
      3.62000000      0.24740868
      3.62050000      0.24656285
      3.62100000      0.24571453
      3.62150000      0.24486373
      3.62200000      0.24401045
      3.62250000      0.24315470
      3.62300000      0.24229650
      3.62350000      0.24143586
      3.62400000      0.24057277
      3.62450000      0.23970726
      3.62500000      0.23883933
      3.62550000      0.23796898
      3.62600000      0.23709624
      3.62650000      0.23622111
      3.62700000      0.23534359
      3.62750000      0.23446371
      3.62800000      0.23358146
      3.62850000      0.23269686
      3.62900000      0.23180991
      3.62950000      0.23092064
      3.63000000      0.23002904
      3.63050000      0.22913512
      3.63100000      0.22823890
      3.63150000      0.22734039
      3.63200000      0.22643959
      3.63250000      0.22553652
      3.63300000      0.22463118
      3.63350000      0.22372359
      3.63400000      0.22281375
      3.63450000      0.22190168
      3.63500000      0.22098738
      3.63550000      0.22007087
      3.63600000      0.21915215
      3.63650000      0.21823124
      3.63700000      0.21730815
      3.63750000      0.21638287
      3.63800000      0.21545544
      3.63850000      0.21452585
      3.63900000      0.21359412
      3.63950000      0.21266026
      3.64000000      0.21172427
      3.64050000      0.21078617
      3.64100000      0.20984597
      3.64150000      0.20890367
      3.64200000      0.20795930
      3.64250000      0.20701285
      3.64300000      0.20606435
      3.64350000      0.20511379
      3.64400000      0.20416120
      3.64450000      0.20320658
      3.64500000      0.20224994
      3.64550000      0.20129129
      3.64600000      0.20033065
      3.64650000      0.19936802
      3.64700000      0.19840341
      3.64750000      0.19743685
      3.64800000      0.19646832
      3.64850000      0.19549786
      3.64900000      0.19452547
      3.64950000      0.19355115
      3.65000000      0.19257493
      3.65050000      0.19159680
      3.65100000      0.19061679
      3.65150000      0.18963490
      3.65200000      0.18865115
      3.65250000      0.18766554
      3.65300000      0.18667809
      3.65350000      0.18568881
      3.65400000      0.18469770
      3.65450000      0.18370479
      3.65500000      0.18271008
      3.65550000      0.18171358
      3.65600000      0.18071530
      3.65650000      0.17971526
      3.65700000      0.17871347
      3.65750000      0.17770993
      3.65800000      0.17670466
      3.65850000      0.17569768
      3.65900000      0.17468898
      3.65950000      0.17367859
      3.66000000      0.17266652
      3.66050000      0.17165277
      3.66100000      0.17063736
      3.66150000      0.16962029
      3.66200000      0.16860159
      3.66250000      0.16758127
      3.66300000      0.16655932
      3.66350000      0.16553578
      3.66400000      0.16451064
      3.66450000      0.16348392
      3.66500000      0.16245563
      3.66550000      0.16142578
      3.66600000      0.16039439
      3.66650000      0.15936147
      3.66700000      0.15832702
      3.66750000      0.15729106
      3.66800000      0.15625361
      3.66850000      0.15521467
      3.66900000      0.15417426
      3.66950000      0.15313238
      3.67000000      0.15208905
      3.67050000      0.15104429
      3.67100000      0.14999809
      3.67150000      0.14895049
      3.67200000      0.14790148
      3.67250000      0.14685108
      3.67300000      0.14579930
      3.67350000      0.14474616
      3.67400000      0.14369166
      3.67450000      0.14263582
      3.67500000      0.14157865
      3.67550000      0.14052017
      3.67600000      0.13946037
      3.67650000      0.13839929
      3.67700000      0.13733692
      3.67750000      0.13627329
      3.67800000      0.13520840
      3.67850000      0.13414226
      3.67900000      0.13307490
      3.67950000      0.13200631
      3.68000000      0.13093652
      3.68050000      0.12986553
      3.68100000      0.12879336
      3.68150000      0.12772001
      3.68200000      0.12664552
      3.68250000      0.12556987
      3.68300000      0.12449310
      3.68350000      0.12341520
      3.68400000      0.12233619
      3.68450000      0.12125609
      3.68500000      0.12017491
      3.68550000      0.11909266
      3.68600000      0.11800935
      3.68650000      0.11692499
      3.68700000      0.11583960
      3.68750000      0.11475319
      3.68800000      0.11366578
      3.68850000      0.11257736
      3.68900000      0.11148797
      3.68950000      0.11039761
      3.69000000      0.10930629
      3.69050000      0.10821402
      3.69100000      0.10712083
      3.69150000      0.10602671
      3.69200000      0.10493169
      3.69250000      0.10383578
      3.69300000      0.10273898
      3.69350000      0.10164132
      3.69400000      0.10054280
      3.69450000      0.09944344
      3.69500000      0.09834324
      3.69550000      0.09724224
      3.69600000      0.09614042
      3.69650000      0.09503782
      3.69700000      0.09393444
      3.69750000      0.09283029
      3.69800000      0.09172539
      3.69850000      0.09061975
      3.69900000      0.08951338
      3.69950000      0.08840630
      3.70000000      0.08729851
      3.70050000      0.08619004
      3.70100000      0.08508089
      3.70150000      0.08397108
      3.70200000      0.08286062
      3.70250000      0.08174952
      3.70300000      0.08063780
      3.70350000      0.07952547
      3.70400000      0.07841254
      3.70450000      0.07729902
      3.70500000      0.07618494
      3.70550000      0.07507029
      3.70600000      0.07395509
      3.70650000      0.07283937
      3.70700000      0.07172312
      3.70750000      0.07060637
      3.70800000      0.06948912
      3.70850000      0.06837139
      3.70900000      0.06725319
      3.70950000      0.06613453
      3.71000000      0.06501544
      3.71050000      0.06389591
      3.71100000      0.06277597
      3.71150000      0.06165562
      3.71200000      0.06053489
      3.71250000      0.05941378
      3.71300000      0.05829230
      3.71350000      0.05717047
      3.71400000      0.05604831
      3.71450000      0.05492582
      3.71500000      0.05380301
      3.71550000      0.05267991
      3.71600000      0.05155652
      3.71650000      0.05043286
      3.71700000      0.04930894
      3.71750000      0.04818478
      3.71800000      0.04706038
      3.71850000      0.04593575
      3.71900000      0.04481093
      3.71950000      0.04368590
      3.72000000      0.04256070
      3.72050000      0.04143533
      3.72100000      0.04030980
      3.72150000      0.03918413
      3.72200000      0.03805833
      3.72250000      0.03693241
      3.72300000      0.03580639
      3.72350000      0.03468028
      3.72400000      0.03355410
      3.72450000      0.03242785
      3.72500000      0.03130155
      3.72550000      0.03017521
      3.72600000      0.02904885
      3.72650000      0.02792247
      3.72700000      0.02679610
      3.72750000      0.02566974
      3.72800000      0.02454341
      3.72850000      0.02341711
      3.72900000      0.02229088
      3.72950000      0.02116470
      3.73000000      0.02003861
      3.73050000      0.01891261
      3.73100000      0.01778672
      3.73150000      0.01666094
      3.73200000      0.01553530
      3.73250000      0.01440980
      3.73300000      0.01328445
      3.73350000      0.01215928
      3.73400000      0.01103429
      3.73450000      0.00990950
      3.73500000      0.00878492
      3.73550000      0.00766056
      3.73600000      0.00653643
      3.73650000      0.00541255
      3.73700000      0.00428894
      3.73750000      0.00316559
      3.73800000      0.00204254
      3.73850000      0.00091978
      3.73900000     -0.00020266
      3.73950000     -0.00132478
      3.74000000     -0.00244656
      3.74050000     -0.00356799
      3.74100000     -0.00468905
      3.74150000     -0.00580974
      3.74200000     -0.00693004
      3.74250000     -0.00804993
      3.74300000     -0.00916941
      3.74350000     -0.01028846
      3.74400000     -0.01140707
      3.74450000     -0.01252523
      3.74500000     -0.01364292
      3.74550000     -0.01476013
      3.74600000     -0.01587685
      3.74650000     -0.01699306
      3.74700000     -0.01810876
      3.74750000     -0.01922392
      3.74800000     -0.02033854
      3.74850000     -0.02145261
      3.74900000     -0.02256611
      3.74950000     -0.02367902
      3.75000000     -0.02479135
      3.75050000     -0.02590306
      3.75100000     -0.02701416
      3.75150000     -0.02812463
      3.75200000     -0.02923445
      3.75250000     -0.03034362
      3.75300000     -0.03145211
      3.75350000     -0.03255993
      3.75400000     -0.03366705
      3.75450000     -0.03477346
      3.75500000     -0.03587915
      3.75550000     -0.03698411
      3.75600000     -0.03808833
      3.75650000     -0.03919179
      3.75700000     -0.04029448
      3.75750000     -0.04139639
      3.75800000     -0.04249751
      3.75850000     -0.04359781
      3.75900000     -0.04469730
      3.75950000     -0.04579596
      3.76000000     -0.04689378
      3.76050000     -0.04799074
      3.76100000     -0.04908683
      3.76150000     -0.05018204
      3.76200000     -0.05127635
      3.76250000     -0.05236977
      3.76300000     -0.05346226
      3.76350000     -0.05455383
      3.76400000     -0.05564445
      3.76450000     -0.05673412
      3.76500000     -0.05782282
      3.76550000     -0.05891055
      3.76600000     -0.05999729
      3.76650000     -0.06108302
      3.76700000     -0.06216774
      3.76750000     -0.06325143
      3.76800000     -0.06433408
      3.76850000     -0.06541569
      3.76900000     -0.06649623
      3.76950000     -0.06757569
      3.77000000     -0.06865407
      3.77050000     -0.06973136
      3.77100000     -0.07080753
      3.77150000     -0.07188258
      3.77200000     -0.07295649
      3.77250000     -0.07402926
      3.77300000     -0.07510087
      3.77350000     -0.07617132
      3.77400000     -0.07724058
      3.77450000     -0.07830865
      3.77500000     -0.07937551
      3.77550000     -0.08044116
      3.77600000     -0.08150558
      3.77650000     -0.08256876
      3.77700000     -0.08363068
      3.77750000     -0.08469135
      3.77800000     -0.08575074
      3.77850000     -0.08680884
      3.77900000     -0.08786565
      3.77950000     -0.08892115
      3.78000000     -0.08997533
      3.78050000     -0.09102817
      3.78100000     -0.09207967
      3.78150000     -0.09312982
      3.78200000     -0.09417860
      3.78250000     -0.09522600
      3.78300000     -0.09627202
      3.78350000     -0.09731663
      3.78400000     -0.09835983
      3.78450000     -0.09940161
      3.78500000     -0.10044196
      3.78550000     -0.10148086
      3.78600000     -0.10251830
      3.78650000     -0.10355428
      3.78700000     -0.10458877
      3.78750000     -0.10562178
      3.78800000     -0.10665329
      3.78850000     -0.10768328
      3.78900000     -0.10871176
      3.78950000     -0.10973869
      3.79000000     -0.11076409
      3.79050000     -0.11178793
      3.79100000     -0.11281020
      3.79150000     -0.11383089
      3.79200000     -0.11485000
      3.79250000     -0.11586750
      3.79300000     -0.11688340
      3.79350000     -0.11789768
      3.79400000     -0.11891032
      3.79450000     -0.11992133
      3.79500000     -0.12093068
      3.79550000     -0.12193836
      3.79600000     -0.12294438
      3.79650000     -0.12394871
      3.79700000     -0.12495134
      3.79750000     -0.12595227
      3.79800000     -0.12695148
      3.79850000     -0.12794897
      3.79900000     -0.12894472
      3.79950000     -0.12993872
      3.80000000     -0.13093096
      3.80050000     -0.13192144
      3.80100000     -0.13291014
      3.80150000     -0.13389705
      3.80200000     -0.13488216
      3.80250000     -0.13586546
      3.80300000     -0.13684694
      3.80350000     -0.13782660
      3.80400000     -0.13880441
      3.80450000     -0.13978038
      3.80500000     -0.14075448
      3.80550000     -0.14172672
      3.80600000     -0.14269708
      3.80650000     -0.14366555
      3.80700000     -0.14463211
      3.80750000     -0.14559677
      3.80800000     -0.14655952
      3.80850000     -0.14752033
      3.80900000     -0.14847920
      3.80950000     -0.14943613
      3.81000000     -0.15039109
      3.81050000     -0.15134409
      3.81100000     -0.15229512
      3.81150000     -0.15324415
      3.81200000     -0.15419119
      3.81250000     -0.15513623
      3.81300000     -0.15607924
      3.81350000     -0.15702024
      3.81400000     -0.15795920
      3.81450000     -0.15889611
      3.81500000     -0.15983097
      3.81550000     -0.16076377
      3.81600000     -0.16169450
      3.81650000     -0.16262315
      3.81700000     -0.16354970
      3.81750000     -0.16447416
      3.81800000     -0.16539651
      3.81850000     -0.16631674
      3.81900000     -0.16723484
      3.81950000     -0.16815081
      3.82000000     -0.16906463
      3.82050000     -0.16997630
      3.82100000     -0.17088581
      3.82150000     -0.17179314
      3.82200000     -0.17269830
      3.82250000     -0.17360126
      3.82300000     -0.17450203
      3.82350000     -0.17540059
      3.82400000     -0.17629693
      3.82450000     -0.17719105
      3.82500000     -0.17808293
      3.82550000     -0.17897258
      3.82600000     -0.17985997
      3.82650000     -0.18074511
      3.82700000     -0.18162798
      3.82750000     -0.18250857
      3.82800000     -0.18338688
      3.82850000     -0.18426289
      3.82900000     -0.18513661
      3.82950000     -0.18600801
      3.83000000     -0.18687710
      3.83050000     -0.18774386
      3.83100000     -0.18860829
      3.83150000     -0.18947037
      3.83200000     -0.19033011
      3.83250000     -0.19118748
      3.83300000     -0.19204249
      3.83350000     -0.19289513
      3.83400000     -0.19374538
      3.83450000     -0.19459324
      3.83500000     -0.19543870
      3.83550000     -0.19628176
      3.83600000     -0.19712240
      3.83650000     -0.19796063
      3.83700000     -0.19879642
      3.83750000     -0.19962977
      3.83800000     -0.20046068
      3.83850000     -0.20128913
      3.83900000     -0.20211513
      3.83950000     -0.20293866
      3.84000000     -0.20375971
      3.84050000     -0.20457828
      3.84100000     -0.20539436
      3.84150000     -0.20620794
      3.84200000     -0.20701901
      3.84250000     -0.20782757
      3.84300000     -0.20863362
      3.84350000     -0.20943713
      3.84400000     -0.21023811
      3.84450000     -0.21103655
      3.84500000     -0.21183244
      3.84550000     -0.21262578
      3.84600000     -0.21341655
      3.84650000     -0.21420475
      3.84700000     -0.21499038
      3.84750000     -0.21577342
      3.84800000     -0.21655387
      3.84850000     -0.21733172
      3.84900000     -0.21810697
      3.84950000     -0.21887961
      3.85000000     -0.21964963
      3.85050000     -0.22041702
      3.85100000     -0.22118178
      3.85150000     -0.22194391
      3.85200000     -0.22270338
      3.85250000     -0.22346021
      3.85300000     -0.22421438
      3.85350000     -0.22496589
      3.85400000     -0.22571472
      3.85450000     -0.22646088
      3.85500000     -0.22720436
      3.85550000     -0.22794514
      3.85600000     -0.22868323
      3.85650000     -0.22941861
      3.85700000     -0.23015129
      3.85750000     -0.23088125
      3.85800000     -0.23160849
      3.85850000     -0.23233301
      3.85900000     -0.23305479
      3.85950000     -0.23377383
      3.86000000     -0.23449013
      3.86050000     -0.23520367
      3.86100000     -0.23591446
      3.86150000     -0.23662249
      3.86200000     -0.23732775
      3.86250000     -0.23803023
      3.86300000     -0.23872993
      3.86350000     -0.23942685
      3.86400000     -0.24012098
      3.86450000     -0.24081231
      3.86500000     -0.24150083
      3.86550000     -0.24218655
      3.86600000     -0.24286946
      3.86650000     -0.24354954
      3.86700000     -0.24422680
      3.86750000     -0.24490123
      3.86800000     -0.24557283
      3.86850000     -0.24624158
      3.86900000     -0.24690749
      3.86950000     -0.24757055
      3.87000000     -0.24823075
      3.87050000     -0.24888809
      3.87100000     -0.24954256
      3.87150000     -0.25019416
      3.87200000     -0.25084289
      3.87250000     -0.25148873
      3.87300000     -0.25213169
      3.87350000     -0.25277176
      3.87400000     -0.25340893
      3.87450000     -0.25404319
      3.87500000     -0.25467456
      3.87550000     -0.25530301
      3.87600000     -0.25592854
      3.87650000     -0.25655116
      3.87700000     -0.25717085
      3.87750000     -0.25778761
      3.87800000     -0.25840144
      3.87850000     -0.25901233
      3.87900000     -0.25962028
      3.87950000     -0.26022528
      3.88000000     -0.26082732
      3.88050000     -0.26142641
      3.88100000     -0.26202255
      3.88150000     -0.26261571
      3.88200000     -0.26320591
      3.88250000     -0.26379314
      3.88300000     -0.26437738
      3.88350000     -0.26495865
      3.88400000     -0.26553693
      3.88450000     -0.26611222
      3.88500000     -0.26668452
      3.88550000     -0.26725382
      3.88600000     -0.26782012
      3.88650000     -0.26838341
      3.88700000     -0.26894370
      3.88750000     -0.26950097
      3.88800000     -0.27005522
      3.88850000     -0.27060646
      3.88900000     -0.27115467
      3.88950000     -0.27169985
      3.89000000     -0.27224200
      3.89050000     -0.27278112
      3.89100000     -0.27331719
      3.89150000     -0.27385023
      3.89200000     -0.27438022
      3.89250000     -0.27490716
      3.89300000     -0.27543105
      3.89350000     -0.27595188
      3.89400000     -0.27646966
      3.89450000     -0.27698437
      3.89500000     -0.27749601
      3.89550000     -0.27800459
      3.89600000     -0.27851010
      3.89650000     -0.27901253
      3.89700000     -0.27951188
      3.89750000     -0.28000816
      3.89800000     -0.28050134
      3.89850000     -0.28099144
      3.89900000     -0.28147846
      3.89950000     -0.28196237
      3.90000000     -0.28244320
      3.90050000     -0.28292092
      3.90100000     -0.28339555
      3.90150000     -0.28386706
      3.90200000     -0.28433548
      3.90250000     -0.28480078
      3.90300000     -0.28526297
      3.90350000     -0.28572205
      3.90400000     -0.28617801
      3.90450000     -0.28663085
      3.90500000     -0.28708057
      3.90550000     -0.28752716
      3.90600000     -0.28797063
      3.90650000     -0.28841097
      3.90700000     -0.28884817
      3.90750000     -0.28928225
      3.90800000     -0.28971318
      3.90850000     -0.29014098
      3.90900000     -0.29056564
      3.90950000     -0.29098715
      3.91000000     -0.29140552
      3.91050000     -0.29182075
      3.91100000     -0.29223282
      3.91150000     -0.29264175
      3.91200000     -0.29304752
      3.91250000     -0.29345013
      3.91300000     -0.29384959
      3.91350000     -0.29424589
      3.91400000     -0.29463904
      3.91450000     -0.29502902
      3.91500000     -0.29541583
      3.91550000     -0.29579948
      3.91600000     -0.29617997
      3.91650000     -0.29655728
      3.91700000     -0.29693143
      3.91750000     -0.29730240
      3.91800000     -0.29767020
      3.91850000     -0.29803483
      3.91900000     -0.29839627
      3.91950000     -0.29875455
      3.92000000     -0.29910964
      3.92050000     -0.29946155
      3.92100000     -0.29981028
      3.92150000     -0.30015583
      3.92200000     -0.30049819
      3.92250000     -0.30083737
      3.92300000     -0.30117336
      3.92350000     -0.30150617
      3.92400000     -0.30183578
      3.92450000     -0.30216221
      3.92500000     -0.30248544
      3.92550000     -0.30280549
      3.92600000     -0.30312234
      3.92650000     -0.30343599
      3.92700000     -0.30374646
      3.92750000     -0.30405372
      3.92800000     -0.30435780
      3.92850000     -0.30465867
      3.92900000     -0.30495635
      3.92950000     -0.30525083
      3.93000000     -0.30554211
      3.93050000     -0.30583019
      3.93100000     -0.30611507
      3.93150000     -0.30639675
      3.93200000     -0.30667522
      3.93250000     -0.30695050
      3.93300000     -0.30722257
      3.93350000     -0.30749145
      3.93400000     -0.30775711
      3.93450000     -0.30801958
      3.93500000     -0.30827884
      3.93550000     -0.30853490
      3.93600000     -0.30878775
      3.93650000     -0.30903740
      3.93700000     -0.30928385
      3.93750000     -0.30952708
      3.93800000     -0.30976712
      3.93850000     -0.31000395
      3.93900000     -0.31023757
      3.93950000     -0.31046799
      3.94000000     -0.31069521
      3.94050000     -0.31091921
      3.94100000     -0.31114002
      3.94150000     -0.31135762
      3.94200000     -0.31157201
      3.94250000     -0.31178320
      3.94300000     -0.31199119
      3.94350000     -0.31219597
      3.94400000     -0.31239755
      3.94450000     -0.31259592
      3.94500000     -0.31279109
      3.94550000     -0.31298306
      3.94600000     -0.31317182
      3.94650000     -0.31335739
      3.94700000     -0.31353975
      3.94750000     -0.31371891
      3.94800000     -0.31389487
      3.94850000     -0.31406763
      3.94900000     -0.31423719
      3.94950000     -0.31440356
      3.95000000     -0.31456672
      3.95050000     -0.31472669
      3.95100000     -0.31488346
      3.95150000     -0.31503703
      3.95200000     -0.31518741
      3.95250000     -0.31533460
      3.95300000     -0.31547859
      3.95350000     -0.31561939
      3.95400000     -0.31575700
      3.95450000     -0.31589142
      3.95500000     -0.31602264
      3.95550000     -0.31615068
      3.95600000     -0.31627553
      3.95650000     -0.31639720
      3.95700000     -0.31651568
      3.95750000     -0.31663097
      3.95800000     -0.31674308
      3.95850000     -0.31685201
      3.95900000     -0.31695776
      3.95950000     -0.31706033
      3.96000000     -0.31715972
      3.96050000     -0.31725593
      3.96100000     -0.31734897
      3.96150000     -0.31743884
      3.96200000     -0.31752553
      3.96250000     -0.31760904
      3.96300000     -0.31768939
      3.96350000     -0.31776657
      3.96400000     -0.31784059
      3.96450000     -0.31791144
      3.96500000     -0.31797912
      3.96550000     -0.31804364
      3.96600000     -0.31810500
      3.96650000     -0.31816320
      3.96700000     -0.31821825
      3.96750000     -0.31827014
      3.96800000     -0.31831887
      3.96850000     -0.31836446
      3.96900000     -0.31840689
      3.96950000     -0.31844617
      3.97000000     -0.31848231
      3.97050000     -0.31851531
      3.97100000     -0.31854516
      3.97150000     -0.31857186
      3.97200000     -0.31859544
      3.97250000     -0.31861587
      3.97300000     -0.31863317
      3.97350000     -0.31864733
      3.97400000     -0.31865837
      3.97450000     -0.31866628
      3.97500000     -0.31867106
      3.97550000     -0.31867271
      3.97600000     -0.31867125
      3.97650000     -0.31866666
      3.97700000     -0.31865896
      3.97750000     -0.31864814
      3.97800000     -0.31863421
      3.97850000     -0.31861717
      3.97900000     -0.31859702
      3.97950000     -0.31857376
      3.98000000     -0.31854740
      3.98050000     -0.31851794
      3.98100000     -0.31848538
      3.98150000     -0.31844973
      3.98200000     -0.31841098
      3.98250000     -0.31836914
      3.98300000     -0.31832421
      3.98350000     -0.31827620
      3.98400000     -0.31822510
      3.98450000     -0.31817092
      3.98500000     -0.31811366
      3.98550000     -0.31805333
      3.98600000     -0.31798993
      3.98650000     -0.31792346
      3.98700000     -0.31785392
      3.98750000     -0.31778132
      3.98800000     -0.31770565
      3.98850000     -0.31762693
      3.98900000     -0.31754515
      3.98950000     -0.31746032
      3.99000000     -0.31737244
      3.99050000     -0.31728151
      3.99100000     -0.31718754
      3.99150000     -0.31709053
      3.99200000     -0.31699048
      3.99250000     -0.31688739
      3.99300000     -0.31678128
      3.99350000     -0.31667214
      3.99400000     -0.31655997
      3.99450000     -0.31644478
      3.99500000     -0.31632657
      3.99550000     -0.31620534
      3.99600000     -0.31608110
      3.99650000     -0.31595386
      3.99700000     -0.31582361
      3.99750000     -0.31569035
      3.99800000     -0.31555410
      3.99850000     -0.31541485
      3.99900000     -0.31527260
      3.99950000     -0.31512737
      4.00000000     -0.31497916
      4.00050000     -0.31482796
      4.00100000     -0.31467378
      4.00150000     -0.31451663
      4.00200000     -0.31435650
      4.00250000     -0.31419341
      4.00300000     -0.31402735
      4.00350000     -0.31385833
      4.00400000     -0.31368636
      4.00450000     -0.31351143
      4.00500000     -0.31333355
      4.00550000     -0.31315272
      4.00600000     -0.31296896
      4.00650000     -0.31278225
      4.00700000     -0.31259261
      4.00750000     -0.31240003
      4.00800000     -0.31220453
      4.00850000     -0.31200611
      4.00900000     -0.31180476
      4.00950000     -0.31160050
      4.01000000     -0.31139333
      4.01050000     -0.31118325
      4.01100000     -0.31097026
      4.01150000     -0.31075438
      4.01200000     -0.31053559
      4.01250000     -0.31031392
      4.01300000     -0.31008936
      4.01350000     -0.30986191
      4.01400000     -0.30963158
      4.01450000     -0.30939838
      4.01500000     -0.30916230
      4.01550000     -0.30892336
      4.01600000     -0.30868155
      4.01650000     -0.30843689
      4.01700000     -0.30818936
      4.01750000     -0.30793899
      4.01800000     -0.30768577
      4.01850000     -0.30742971
      4.01900000     -0.30717081
      4.01950000     -0.30690907
      4.02000000     -0.30664451
      4.02050000     -0.30637711
      4.02100000     -0.30610690
      4.02150000     -0.30583387
      4.02200000     -0.30555803
      4.02250000     -0.30527938
      4.02300000     -0.30499793
      4.02350000     -0.30471368
      4.02400000     -0.30442663
      4.02450000     -0.30413680
      4.02500000     -0.30384418
      4.02550000     -0.30354878
      4.02600000     -0.30325060
      4.02650000     -0.30294965
      4.02700000     -0.30264593
      4.02750000     -0.30233945
      4.02800000     -0.30203021
      4.02850000     -0.30171822
      4.02900000     -0.30140348
      4.02950000     -0.30108599
      4.03000000     -0.30076577
      4.03050000     -0.30044281
      4.03100000     -0.30011713
      4.03150000     -0.29978871
      4.03200000     -0.29945758
      4.03250000     -0.29912373
      4.03300000     -0.29878717
      4.03350000     -0.29844791
      4.03400000     -0.29810594
      4.03450000     -0.29776128
      4.03500000     -0.29741393
      4.03550000     -0.29706389
      4.03600000     -0.29671117
      4.03650000     -0.29635578
      4.03700000     -0.29599771
      4.03750000     -0.29563698
      4.03800000     -0.29527359
      4.03850000     -0.29490754
      4.03900000     -0.29453883
      4.03950000     -0.29416749
      4.04000000     -0.29379350
      4.04050000     -0.29341687
      4.04100000     -0.29303762
      4.04150000     -0.29265574
      4.04200000     -0.29227124
      4.04250000     -0.29188412
      4.04300000     -0.29149440
      4.04350000     -0.29110207
      4.04400000     -0.29070713
      4.04450000     -0.29030961
      4.04500000     -0.28990949
      4.04550000     -0.28950680
      4.04600000     -0.28910152
      4.04650000     -0.28869367
      4.04700000     -0.28828325
      4.04750000     -0.28787027
      4.04800000     -0.28745473
      4.04850000     -0.28703664
      4.04900000     -0.28661601
      4.04950000     -0.28619283
      4.05000000     -0.28576712
      4.05050000     -0.28533887
      4.05100000     -0.28490811
      4.05150000     -0.28447482
      4.05200000     -0.28403902
      4.05250000     -0.28360071
      4.05300000     -0.28315990
      4.05350000     -0.28271659
      4.05400000     -0.28227079
      4.05450000     -0.28182250
      4.05500000     -0.28137174
      4.05550000     -0.28091849
      4.05600000     -0.28046278
      4.05650000     -0.28000461
      4.05700000     -0.27954398
      4.05750000     -0.27908089
      4.05800000     -0.27861536
      4.05850000     -0.27814739
      4.05900000     -0.27767698
      4.05950000     -0.27720414
      4.06000000     -0.27672888
      4.06050000     -0.27625120
      4.06100000     -0.27577111
      4.06150000     -0.27528861
      4.06200000     -0.27480371
      4.06250000     -0.27431642
      4.06300000     -0.27382674
      4.06350000     -0.27333467
      4.06400000     -0.27284023
      4.06450000     -0.27234342
      4.06500000     -0.27184424
      4.06550000     -0.27134270
      4.06600000     -0.27083880
      4.06650000     -0.27033256
      4.06700000     -0.26982398
      4.06750000     -0.26931306
      4.06800000     -0.26879981
      4.06850000     -0.26828424
      4.06900000     -0.26776635
      4.06950000     -0.26724615
      4.07000000     -0.26672364
      4.07050000     -0.26619883
      4.07100000     -0.26567173
      4.07150000     -0.26514234
      4.07200000     -0.26461067
      4.07250000     -0.26407673
      4.07300000     -0.26354051
      4.07350000     -0.26300203
      4.07400000     -0.26246129
      4.07450000     -0.26191831
      4.07500000     -0.26137307
      4.07550000     -0.26082560
      4.07600000     -0.26027590
      4.07650000     -0.25972397
      4.07700000     -0.25916982
      4.07750000     -0.25861346
      4.07800000     -0.25805488
      4.07850000     -0.25749411
      4.07900000     -0.25693114
      4.07950000     -0.25636599
      4.08000000     -0.25579865
      4.08050000     -0.25522913
      4.08100000     -0.25465745
      4.08150000     -0.25408360
      4.08200000     -0.25350759
      4.08250000     -0.25292944
      4.08300000     -0.25234913
      4.08350000     -0.25176670
      4.08400000     -0.25118212
      4.08450000     -0.25059543
      4.08500000     -0.25000661
      4.08550000     -0.24941568
      4.08600000     -0.24882265
      4.08650000     -0.24822752
      4.08700000     -0.24763029
      4.08750000     -0.24703097
      4.08800000     -0.24642958
      4.08850000     -0.24582611
      4.08900000     -0.24522058
      4.08950000     -0.24461298
      4.09000000     -0.24400333
      4.09050000     -0.24339163
      4.09100000     -0.24277790
      4.09150000     -0.24216212
      4.09200000     -0.24154432
      4.09250000     -0.24092450
      4.09300000     -0.24030266
      4.09350000     -0.23967882
      4.09400000     -0.23905297
      4.09450000     -0.23842513
      4.09500000     -0.23779530
      4.09550000     -0.23716349
      4.09600000     -0.23652970
      4.09650000     -0.23589394
      4.09700000     -0.23525623
      4.09750000     -0.23461656
      4.09800000     -0.23397494
      4.09850000     -0.23333138
      4.09900000     -0.23268588
      4.09950000     -0.23203846
      4.10000000     -0.23138911
      4.10050000     -0.23073785
      4.10100000     -0.23008468
      4.10150000     -0.22942961
      4.10200000     -0.22877265
      4.10250000     -0.22811380
      4.10300000     -0.22745307
      4.10350000     -0.22679046
      4.10400000     -0.22612599
      4.10450000     -0.22545966
      4.10500000     -0.22479147
      4.10550000     -0.22412144
      4.10600000     -0.22344957
      4.10650000     -0.22277587
      4.10700000     -0.22210034
      4.10750000     -0.22142299
      4.10800000     -0.22074382
      4.10850000     -0.22006286
      4.10900000     -0.21938009
      4.10950000     -0.21869554
      4.11000000     -0.21800920
      4.11050000     -0.21732108
      4.11100000     -0.21663119
      4.11150000     -0.21593954
      4.11200000     -0.21524613
      4.11250000     -0.21455097
      4.11300000     -0.21385407
      4.11350000     -0.21315544
      4.11400000     -0.21245507
      4.11450000     -0.21175298
      4.11500000     -0.21104918
      4.11550000     -0.21034367
      4.11600000     -0.20963647
      4.11650000     -0.20892756
      4.11700000     -0.20821697
      4.11750000     -0.20750471
      4.11800000     -0.20679077
      4.11850000     -0.20607516
      4.11900000     -0.20535790
      4.11950000     -0.20463898
      4.12000000     -0.20391842
      4.12050000     -0.20319623
      4.12100000     -0.20247240
      4.12150000     -0.20174696
      4.12200000     -0.20101989
      4.12250000     -0.20029122
      4.12300000     -0.19956095
      4.12350000     -0.19882909
      4.12400000     -0.19809563
      4.12450000     -0.19736060
      4.12500000     -0.19662400
      4.12550000     -0.19588583
      4.12600000     -0.19514610
      4.12650000     -0.19440482
      4.12700000     -0.19366200
      4.12750000     -0.19291764
      4.12800000     -0.19217176
      4.12850000     -0.19142435
      4.12900000     -0.19067542
      4.12950000     -0.18992499
      4.13000000     -0.18917306
      4.13050000     -0.18841964
      4.13100000     -0.18766473
      4.13150000     -0.18690834
      4.13200000     -0.18615048
      4.13250000     -0.18539116
      4.13300000     -0.18463038
      4.13350000     -0.18386815
      4.13400000     -0.18310448
      4.13450000     -0.18233937
      4.13500000     -0.18157284
      4.13550000     -0.18080489
      4.13600000     -0.18003553
      4.13650000     -0.17926476
      4.13700000     -0.17849259
      4.13750000     -0.17771903
      4.13800000     -0.17694409
      4.13850000     -0.17616778
      4.13900000     -0.17539009
      4.13950000     -0.17461104
      4.14000000     -0.17383065
      4.14050000     -0.17304890
      4.14100000     -0.17226581
      4.14150000     -0.17148140
      4.14200000     -0.17069566
      4.14250000     -0.16990860
      4.14300000     -0.16912024
      4.14350000     -0.16833057
      4.14400000     -0.16753961
      4.14450000     -0.16674736
      4.14500000     -0.16595383
      4.14550000     -0.16515903
      4.14600000     -0.16436297
      4.14650000     -0.16356565
      4.14700000     -0.16276707
      4.14750000     -0.16196726
      4.14800000     -0.16116621
      4.14850000     -0.16036394
      4.14900000     -0.15956044
      4.14950000     -0.15875574
      4.15000000     -0.15794983
      4.15050000     -0.15714272
      4.15100000     -0.15633442
      4.15150000     -0.15552494
      4.15200000     -0.15471428
      4.15250000     -0.15390246
      4.15300000     -0.15308948
      4.15350000     -0.15227534
      4.15400000     -0.15146007
      4.15450000     -0.15064365
      4.15500000     -0.14982610
      4.15550000     -0.14900744
      4.15600000     -0.14818766
      4.15650000     -0.14736677
      4.15700000     -0.14654478
      4.15750000     -0.14572170
      4.15800000     -0.14489754
      4.15850000     -0.14407230
      4.15900000     -0.14324599
      4.15950000     -0.14241862
      4.16000000     -0.14159020
      4.16050000     -0.14076073
      4.16100000     -0.13993022
      4.16150000     -0.13909868
      4.16200000     -0.13826612
      4.16250000     -0.13743254
      4.16300000     -0.13659795
      4.16350000     -0.13576236
      4.16400000     -0.13492578
      4.16450000     -0.13408822
      4.16500000     -0.13324968
      4.16550000     -0.13241016
      4.16600000     -0.13156969
      4.16650000     -0.13072826
      4.16700000     -0.12988588
      4.16750000     -0.12904256
      4.16800000     -0.12819831
      4.16850000     -0.12735314
      4.16900000     -0.12650705
      4.16950000     -0.12566005
      4.17000000     -0.12481215
      4.17050000     -0.12396336
      4.17100000     -0.12311368
      4.17150000     -0.12226313
      4.17200000     -0.12141170
      4.17250000     -0.12055941
      4.17300000     -0.11970626
      4.17350000     -0.11885227
      4.17400000     -0.11799744
      4.17450000     -0.11714177
      4.17500000     -0.11628528
      4.17550000     -0.11542798
      4.17600000     -0.11456986
      4.17650000     -0.11371094
      4.17700000     -0.11285123
      4.17750000     -0.11199074
      4.17800000     -0.11112946
      4.17850000     -0.11026742
      4.17900000     -0.10940461
      4.17950000     -0.10854105
      4.18000000     -0.10767674
      4.18050000     -0.10681169
      4.18100000     -0.10594591
      4.18150000     -0.10507940
      4.18200000     -0.10421218
      4.18250000     -0.10334425
      4.18300000     -0.10247562
      4.18350000     -0.10160629
      4.18400000     -0.10073628
      4.18450000     -0.09986559
      4.18500000     -0.09899423
      4.18550000     -0.09812221
      4.18600000     -0.09724954
      4.18650000     -0.09637621
      4.18700000     -0.09550225
      4.18750000     -0.09462766
      4.18800000     -0.09375244
      4.18850000     -0.09287661
      4.18900000     -0.09200017
      4.18950000     -0.09112313
      4.19000000     -0.09024550
      4.19050000     -0.08936728
      4.19100000     -0.08848848
      4.19150000     -0.08760912
      4.19200000     -0.08672919
      4.19250000     -0.08584871
      4.19300000     -0.08496769
      4.19350000     -0.08408612
      4.19400000     -0.08320403
      4.19450000     -0.08232141
      4.19500000     -0.08143828
      4.19550000     -0.08055464
      4.19600000     -0.07967050
      4.19650000     -0.07878587
      4.19700000     -0.07790075
      4.19750000     -0.07701516
      4.19800000     -0.07612910
      4.19850000     -0.07524258
      4.19900000     -0.07435561
      4.19950000     -0.07346819
      4.20000000     -0.07258034
      4.20050000     -0.07169206
      4.20100000     -0.07080335
      4.20150000     -0.06991423
      4.20200000     -0.06902470
      4.20250000     -0.06813478
      4.20300000     -0.06724446
      4.20350000     -0.06635377
      4.20400000     -0.06546269
      4.20450000     -0.06457125
      4.20500000     -0.06367946
      4.20550000     -0.06278730
      4.20600000     -0.06189481
      4.20650000     -0.06100198
      4.20700000     -0.06010882
      4.20750000     -0.05921534
      4.20800000     -0.05832155
      4.20850000     -0.05742745
      4.20900000     -0.05653305
      4.20950000     -0.05563837
      4.21000000     -0.05474340
      4.21050000     -0.05384816
      4.21100000     -0.05295266
      4.21150000     -0.05205689
      4.21200000     -0.05116088
      4.21250000     -0.05026462
      4.21300000     -0.04936813
      4.21350000     -0.04847141
      4.21400000     -0.04757447
      4.21450000     -0.04667732
      4.21500000     -0.04577996
      4.21550000     -0.04488241
      4.21600000     -0.04398467
      4.21650000     -0.04308675
      4.21700000     -0.04218866
      4.21750000     -0.04129040
      4.21800000     -0.04039199
      4.21850000     -0.03949342
      4.21900000     -0.03859472
      4.21950000     -0.03769588
      4.22000000     -0.03679691
      4.22050000     -0.03589783
      4.22100000     -0.03499863
      4.22150000     -0.03409933
      4.22200000     -0.03319994
      4.22250000     -0.03230046
      4.22300000     -0.03140090
      4.22350000     -0.03050127
      4.22400000     -0.02960157
      4.22450000     -0.02870182
      4.22500000     -0.02780202
      4.22550000     -0.02690217
      4.22600000     -0.02600230
      4.22650000     -0.02510240
      4.22700000     -0.02420248
      4.22750000     -0.02330255
      4.22800000     -0.02240263
      4.22850000     -0.02150270
      4.22900000     -0.02060279
      4.22950000     -0.01970290
      4.23000000     -0.01880304
      4.23050000     -0.01790322
      4.23100000     -0.01700344
      4.23150000     -0.01610371
      4.23200000     -0.01520404
      4.23250000     -0.01430444
      4.23300000     -0.01340492
      4.23350000     -0.01250548
      4.23400000     -0.01160613
      4.23450000     -0.01070687
      4.23500000     -0.00980773
      4.23550000     -0.00890870
      4.23600000     -0.00800978
      4.23650000     -0.00711100
      4.23700000     -0.00621236
      4.23750000     -0.00531386
      4.23800000     -0.00441551
      4.23850000     -0.00351732
      4.23900000     -0.00261931
      4.23950000     -0.00172146
      4.24000000     -0.00082380
      4.24050000 +7.36693584E-05
      4.24100000      0.00097094
      4.24150000      0.00186801
      4.24200000      0.00276486
      4.24250000      0.00366149
      4.24300000      0.00455789
      4.24350000      0.00545405
      4.24400000      0.00634997
      4.24450000      0.00724563
      4.24500000      0.00814104
      4.24550000      0.00903618
      4.24600000      0.00993104
      4.24650000      0.01082562
      4.24700000      0.01171991
      4.24750000      0.01261390
      4.24800000      0.01350759
      4.24850000      0.01440096
      4.24900000      0.01529401
      4.24950000      0.01618673
      4.25000000      0.01707912
      4.25050000      0.01797116
      4.25100000      0.01886285
      4.25150000      0.01975418
      4.25200000      0.02064515
      4.25250000      0.02153574
      4.25300000      0.02242594
      4.25350000      0.02331576
      4.25400000      0.02420518
      4.25450000      0.02509420
      4.25500000      0.02598280
      4.25550000      0.02687098
      4.25600000      0.02775874
      4.25650000      0.02864606
      4.25700000      0.02953293
      4.25750000      0.03041936
      4.25800000      0.03130533
      4.25850000      0.03219083
      4.25900000      0.03307586
      4.25950000      0.03396041
      4.26000000      0.03484447
      4.26050000      0.03572804
      4.26100000      0.03661110
      4.26150000      0.03749365
      4.26200000      0.03837568
      4.26250000      0.03925719
      4.26300000      0.04013816
      4.26350000      0.04101859
      4.26400000      0.04189848
      4.26450000      0.04277780
      4.26500000      0.04365657
      4.26550000      0.04453476
      4.26600000      0.04541238
      4.26650000      0.04628940
      4.26700000      0.04716584
      4.26750000      0.04804167
      4.26800000      0.04891690
      4.26850000      0.04979151
      4.26900000      0.05066550
      4.26950000      0.05153885
      4.27000000      0.05241157
      4.27050000      0.05328364
      4.27100000      0.05415506
      4.27150000      0.05502582
      4.27200000      0.05589591
      4.27250000      0.05676532
      4.27300000      0.05763405
      4.27350000      0.05850209
      4.27400000      0.05936944
      4.27450000      0.06023608
      4.27500000      0.06110200
      4.27550000      0.06196721
      4.27600000      0.06283169
      4.27650000      0.06369543
      4.27700000      0.06455843
      4.27750000      0.06542068
      4.27800000      0.06628218
      4.27850000      0.06714291
      4.27900000      0.06800287
      4.27950000      0.06886205
      4.28000000      0.06972044
      4.28050000      0.07057804
      4.28100000      0.07143484
      4.28150000      0.07229084
      4.28200000      0.07314601
      4.28250000      0.07400036
      4.28300000      0.07485389
      4.28350000      0.07570657
      4.28400000      0.07655841
      4.28450000      0.07740940
      4.28500000      0.07825953
      4.28550000      0.07910879
      4.28600000      0.07995718
      4.28650000      0.08080469
      4.28700000      0.08165131
      4.28750000      0.08249703
      4.28800000      0.08334185
      4.28850000      0.08418576
      4.28900000      0.08502875
      4.28950000      0.08587082
      4.29000000      0.08671196
      4.29050000      0.08755216
      4.29100000      0.08839141
      4.29150000      0.08922970
      4.29200000      0.09006704
      4.29250000      0.09090341
      4.29300000      0.09173880
      4.29350000      0.09257322
      4.29400000      0.09340664
      4.29450000      0.09423906
      4.29500000      0.09507049
      4.29550000      0.09590090
      4.29600000      0.09673029
      4.29650000      0.09755866
      4.29700000      0.09838600
      4.29750000      0.09921230
      4.29800000      0.10003755
      4.29850000      0.10086174
      4.29900000      0.10168488
      4.29950000      0.10250695
      4.30000000      0.10332795
      4.30050000      0.10414786
      4.30100000      0.10496668
      4.30150000      0.10578441
      4.30200000      0.10660104
      4.30250000      0.10741656
      4.30300000      0.10823095
      4.30350000      0.10904423
      4.30400000      0.10985637
      4.30450000      0.11066738
      4.30500000      0.11147724
      4.30550000      0.11228595
      4.30600000      0.11309350
      4.30650000      0.11389989
      4.30700000      0.11470510
      4.30750000      0.11550913
      4.30800000      0.11631198
      4.30850000      0.11711363
      4.30900000      0.11791408
      4.30950000      0.11871332
      4.31000000      0.11951135
      4.31050000      0.12030816
      4.31100000      0.12110374
      4.31150000      0.12189809
      4.31200000      0.12269119
      4.31250000      0.12348305
      4.31300000      0.12427364
      4.31350000      0.12506298
      4.31400000      0.12585105
      4.31450000      0.12663784
      4.31500000      0.12742335
      4.31550000      0.12820756
      4.31600000      0.12899049
      4.31650000      0.12977210
      4.31700000      0.13055241
      4.31750000      0.13133140
      4.31800000      0.13210907
      4.31850000      0.13288541
      4.31900000      0.13366041
      4.31950000      0.13443406
      4.32000000      0.13520637
      4.32050000      0.13597732
      4.32100000      0.13674690
      4.32150000      0.13751511
      4.32200000      0.13828195
      4.32250000      0.13904740
      4.32300000      0.13981146
      4.32350000      0.14057412
      4.32400000      0.14133538
      4.32450000      0.14209523
      4.32500000      0.14285366
      4.32550000      0.14361067
      4.32600000      0.14436625
      4.32650000      0.14512038
      4.32700000      0.14587308
      4.32750000      0.14662432
      4.32800000      0.14737411
      4.32850000      0.14812244
      4.32900000      0.14886929
      4.32950000      0.14961467
      4.33000000      0.15035856
      4.33050000      0.15110097
      4.33100000      0.15184188
      4.33150000      0.15258128
      4.33200000      0.15331918
      4.33250000      0.15405556
      4.33300000      0.15479042
      4.33350000      0.15552375
      4.33400000      0.15625555
      4.33450000      0.15698580
      4.33500000      0.15771451
      4.33550000      0.15844166
      4.33600000      0.15916725
      4.33650000      0.15989128
      4.33700000      0.16061373
      4.33750000      0.16133460
      4.33800000      0.16205389
      4.33850000      0.16277158
      4.33900000      0.16348767
      4.33950000      0.16420216
      4.34000000      0.16491504
      4.34050000      0.16562630
      4.34100000      0.16633594
      4.34150000      0.16704394
      4.34200000      0.16775031
      4.34250000      0.16845504
      4.34300000      0.16915812
      4.34350000      0.16985954
      4.34400000      0.17055930
      4.34450000      0.17125739
      4.34500000      0.17195381
      4.34550000      0.17264855
      4.34600000      0.17334160
      4.34650000      0.17403296
      4.34700000      0.17472262
      4.34750000      0.17541058
      4.34800000      0.17609682
      4.34850000      0.17678135
      4.34900000      0.17746416
      4.34950000      0.17814524
      4.35000000      0.17882458
      4.35050000      0.17950218
      4.35100000      0.18017803
      4.35150000      0.18085213
      4.35200000      0.18152447
      4.35250000      0.18219504
      4.35300000      0.18286385
      4.35350000      0.18353087
      4.35400000      0.18419612
      4.35450000      0.18485957
      4.35500000      0.18552123
      4.35550000      0.18618108
      4.35600000      0.18683913
      4.35650000      0.18749537
      4.35700000      0.18814979
      4.35750000      0.18880238
      4.35800000      0.18945314
      4.35850000      0.19010207
      4.35900000      0.19074915
      4.35950000      0.19139438
      4.36000000      0.19203776
      4.36050000      0.19267928
      4.36100000      0.19331894
      4.36150000      0.19395672
      4.36200000      0.19459263
      4.36250000      0.19522665
      4.36300000      0.19585879
      4.36350000      0.19648903
      4.36400000      0.19711737
      4.36450000      0.19774380
      4.36500000      0.19836832
      4.36550000      0.19899093
      4.36600000      0.19961161
      4.36650000      0.20023036
      4.36700000      0.20084718
      4.36750000      0.20146206
      4.36800000      0.20207500
      4.36850000      0.20268598
      4.36900000      0.20329501
      4.36950000      0.20390207
      4.37000000      0.20450717
      4.37050000      0.20511029
      4.37100000      0.20571144
      4.37150000      0.20631060
      4.37200000      0.20690777
      4.37250000      0.20750295
      4.37300000      0.20809612
      4.37350000      0.20868729
      4.37400000      0.20927645
      4.37450000      0.20986359
      4.37500000      0.21044871
      4.37550000      0.21103180
      4.37600000      0.21161286
      4.37650000      0.21219188
      4.37700000      0.21276885
      4.37750000      0.21334378
      4.37800000      0.21391665
      4.37850000      0.21448746
      4.37900000      0.21505621
      4.37950000      0.21562289
      4.38000000      0.21618749
      4.38050000      0.21675001
      4.38100000      0.21731044
      4.38150000      0.21786878
      4.38200000      0.21842503
      4.38250000      0.21897918
      4.38300000      0.21953121
      4.38350000      0.22008114
      4.38400000      0.22062895
      4.38450000      0.22117464
      4.38500000      0.22171820
      4.38550000      0.22225962
      4.38600000      0.22279892
      4.38650000      0.22333606
      4.38700000      0.22387106
      4.38750000      0.22440391
      4.38800000      0.22493460
      4.38850000      0.22546313
      4.38900000      0.22598949
      4.38950000      0.22651368
      4.39000000      0.22703569
      4.39050000      0.22755552
      4.39100000      0.22807316
      4.39150000      0.22858861
      4.39200000      0.22910186
      4.39250000      0.22961291
      4.39300000      0.23012175
      4.39350000      0.23062838
      4.39400000      0.23113280
      4.39450000      0.23163500
      4.39500000      0.23213496
      4.39550000      0.23263270
      4.39600000      0.23312821
      4.39650000      0.23362147
      4.39700000      0.23411249
      4.39750000      0.23460125
      4.39800000      0.23508777
      4.39850000      0.23557202
      4.39900000      0.23605402
      4.39950000      0.23653374
      4.40000000      0.23701119
      4.40050000      0.23748637
      4.40100000      0.23795926
      4.40150000      0.23842986
      4.40200000      0.23889818
      4.40250000      0.23936420
      4.40300000      0.23982792
      4.40350000      0.24028933
      4.40400000      0.24074844
      4.40450000      0.24120523
      4.40500000      0.24165971
      4.40550000      0.24211186
      4.40600000      0.24256169
      4.40650000      0.24300918
      4.40700000      0.24345434
      4.40750000      0.24389716
      4.40800000      0.24433764
      4.40850000      0.24477577
      4.40900000      0.24521154
      4.40950000      0.24564496
      4.41000000      0.24607602
      4.41050000      0.24650471
      4.41100000      0.24693104
      4.41150000      0.24735499
      4.41200000      0.24777656
      4.41250000      0.24819575
      4.41300000      0.24861255
      4.41350000      0.24902696
      4.41400000      0.24943898
      4.41450000      0.24984860
      4.41500000      0.25025582
      4.41550000      0.25066063
      4.41600000      0.25106303
      4.41650000      0.25146301
      4.41700000      0.25186058
      4.41750000      0.25225572
      4.41800000      0.25264844
      4.41850000      0.25303873
      4.41900000      0.25342658
      4.41950000      0.25381200
      4.42000000      0.25419497
      4.42050000      0.25457549
      4.42100000      0.25495357
      4.42150000      0.25532919
      4.42200000      0.25570236
      4.42250000      0.25607306
      4.42300000      0.25644130
      4.42350000      0.25680707
      4.42400000      0.25717037
      4.42450000      0.25753119
      4.42500000      0.25788953
      4.42550000      0.25824539
      4.42600000      0.25859876
      4.42650000      0.25894964
      4.42700000      0.25929803
      4.42750000      0.25964392
      4.42800000      0.25998730
      4.42850000      0.26032818
      4.42900000      0.26066656
      4.42950000      0.26100242
      4.43000000      0.26133576
      4.43050000      0.26166659
      4.43100000      0.26199489
      4.43150000      0.26232067
      4.43200000      0.26264392
      4.43250000      0.26296464
      4.43300000      0.26328282
      4.43350000      0.26359846
      4.43400000      0.26391156
      4.43450000      0.26422211
      4.43500000      0.26453011
      4.43550000      0.26483556
      4.43600000      0.26513846
      4.43650000      0.26543880
      4.43700000      0.26573657
      4.43750000      0.26603178
      4.43800000      0.26632442
      4.43850000      0.26661449
      4.43900000      0.26690199
      4.43950000      0.26718690
      4.44000000      0.26746924
      4.44050000      0.26774899
      4.44100000      0.26802616
      4.44150000      0.26830074
      4.44200000      0.26857272
      4.44250000      0.26884211
      4.44300000      0.26910890
      4.44350000      0.26937308
      4.44400000      0.26963467
      4.44450000      0.26989364
      4.44500000      0.27015001
      4.44550000      0.27040376
      4.44600000      0.27065490
      4.44650000      0.27090342
      4.44700000      0.27114932
      4.44750000      0.27139259
      4.44800000      0.27163324
      4.44850000      0.27187126
      4.44900000      0.27210664
      4.44950000      0.27233940
      4.45000000      0.27256951
      4.45050000      0.27279698
      4.45100000      0.27302181
      4.45150000      0.27324400
      4.45200000      0.27346354
      4.45250000      0.27368043
      4.45300000      0.27389467
      4.45350000      0.27410625
      4.45400000      0.27431517
      4.45450000      0.27452143
      4.45500000      0.27472504
      4.45550000      0.27492597
      4.45600000      0.27512424
      4.45650000      0.27531984
      4.45700000      0.27551277
      4.45750000      0.27570303
      4.45800000      0.27589061
      4.45850000      0.27607551
      4.45900000      0.27625773
      4.45950000      0.27643727
      4.46000000      0.27661412
      4.46050000      0.27678829
      4.46100000      0.27695976
      4.46150000      0.27712855
      4.46200000      0.27729464
      4.46250000      0.27745804
      4.46300000      0.27761874
      4.46350000      0.27777674
      4.46400000      0.27793204
      4.46450000      0.27808463
      4.46500000      0.27823452
      4.46550000      0.27838171
      4.46600000      0.27852618
      4.46650000      0.27866794
      4.46700000      0.27880700
      4.46750000      0.27894333
      4.46800000      0.27907695
      4.46850000      0.27920785
      4.46900000      0.27933604
      4.46950000      0.27946150
      4.47000000      0.27958424
      4.47050000      0.27970425
      4.47100000      0.27982154
      4.47150000      0.27993610
      4.47200000      0.28004793
      4.47250000      0.28015702
      4.47300000      0.28026339
      4.47350000      0.28036702
      4.47400000      0.28046792
      4.47450000      0.28056608
      4.47500000      0.28066150
      4.47550000      0.28075418
      4.47600000      0.28084412
      4.47650000      0.28093131
      4.47700000      0.28101576
      4.47750000      0.28109747
      4.47800000      0.28117643
      4.47850000      0.28125265
      4.47900000      0.28132611
      4.47950000      0.28139682
      4.48000000      0.28146478
      4.48050000      0.28152999
      4.48100000      0.28159245
      4.48150000      0.28165215
      4.48200000      0.28170909
      4.48250000      0.28176328
      4.48300000      0.28181471
      4.48350000      0.28186338
      4.48400000      0.28190929
      4.48450000      0.28195244
      4.48500000      0.28199283
      4.48550000      0.28203046
      4.48600000      0.28206532
      4.48650000      0.28209742
      4.48700000      0.28212675
      4.48750000      0.28215331
      4.48800000      0.28217711
      4.48850000      0.28219814
      4.48900000      0.28221641
      4.48950000      0.28223190
      4.49000000      0.28224463
      4.49050000      0.28225458
      4.49100000      0.28226176
      4.49150000      0.28226618
      4.49200000      0.28226782
      4.49250000      0.28226668
      4.49300000      0.28226278
      4.49350000      0.28225610
      4.49400000      0.28224664
      4.49450000      0.28223442
      4.49500000      0.28221941
      4.49550000      0.28220164
      4.49600000      0.28218108
      4.49650000      0.28215775
      4.49700000      0.28213165
      4.49750000      0.28210277
      4.49800000      0.28207111
      4.49850000      0.28203667
      4.49900000      0.28199946
      4.49950000      0.28195947
      4.50000000      0.28191671
      4.50050000      0.28187116
      4.50100000      0.28182284
      4.50150000      0.28177174
      4.50200000      0.28171786
      4.50250000      0.28166121
      4.50300000      0.28160178
      4.50350000      0.28153957
      4.50400000      0.28147458
      4.50450000      0.28140682
      4.50500000      0.28133628
      4.50550000      0.28126296
      4.50600000      0.28118687
      4.50650000      0.28110800
      4.50700000      0.28102635
      4.50750000      0.28094193
      4.50800000      0.28085473
      4.50850000      0.28076476
      4.50900000      0.28067201
      4.50950000      0.28057649
      4.51000000      0.28047819
      4.51050000      0.28037712
      4.51100000      0.28027327
      4.51150000      0.28016666
      4.51200000      0.28005727
      4.51250000      0.27994511
      4.51300000      0.27983018
      4.51350000      0.27971248
      4.51400000      0.27959201
      4.51450000      0.27946877
      4.51500000      0.27934276
      4.51550000      0.27921398
      4.51600000      0.27908244
      4.51650000      0.27894813
      4.51700000      0.27881106
      4.51750000      0.27867122
      4.51800000      0.27852862
      4.51850000      0.27838326
      4.51900000      0.27823513
      4.51950000      0.27808425
      4.52000000      0.27793060
      4.52050000      0.27777420
      4.52100000      0.27761503
      4.52150000      0.27745312
      4.52200000      0.27728844
      4.52250000      0.27712101
      4.52300000      0.27695083
      4.52350000      0.27677790
      4.52400000      0.27660222
      4.52450000      0.27642378
      4.52500000      0.27624260
      4.52550000      0.27605867
      4.52600000      0.27587200
      4.52650000      0.27568258
      4.52700000      0.27549042
      4.52750000      0.27529552
      4.52800000      0.27509788
      4.52850000      0.27489750
      4.52900000      0.27469438
      4.52950000      0.27448853
      4.53000000      0.27427994
      4.53050000      0.27406862
      4.53100000      0.27385457
      4.53150000      0.27363780
      4.53200000      0.27341829
      4.53250000      0.27319606
      4.53300000      0.27297110
      4.53350000      0.27274343
      4.53400000      0.27251303
      4.53450000      0.27227992
      4.53500000      0.27204408
      4.53550000      0.27180554
      4.53600000      0.27156428
      4.53650000      0.27132031
      4.53700000      0.27107363
      4.53750000      0.27082425
      4.53800000      0.27057216
      4.53850000      0.27031736
      4.53900000      0.27005987
      4.53950000      0.26979968
      4.54000000      0.26953679
      4.54050000      0.26927121
      4.54100000      0.26900293
      4.54150000      0.26873197
      4.54200000      0.26845832
      4.54250000      0.26818198
      4.54300000      0.26790296
      4.54350000      0.26762127
      4.54400000      0.26733689
      4.54450000      0.26704984
      4.54500000      0.26676011
      4.54550000      0.26646771
      4.54600000      0.26617265
      4.54650000      0.26587492
      4.54700000      0.26557453
      4.54750000      0.26527147
      4.54800000      0.26496576
      4.54850000      0.26465739
      4.54900000      0.26434637
      4.54950000      0.26403271
      4.55000000      0.26371639
      4.55050000      0.26339743
      4.55100000      0.26307583
      4.55150000      0.26275159
      4.55200000      0.26242471
      4.55250000      0.26209520
      4.55300000      0.26176307
      4.55350000      0.26142830
      4.55400000      0.26109091
      4.55450000      0.26075090
      4.55500000      0.26040827
      4.55550000      0.26006303
      4.55600000      0.25971518
      4.55650000      0.25936471
      4.55700000      0.25901165
      4.55750000      0.25865598
      4.55800000      0.25829771
      4.55850000      0.25793684
      4.55900000      0.25757338
      4.55950000      0.25720734
      4.56000000      0.25683870
      4.56050000      0.25646749
      4.56100000      0.25609370
      4.56150000      0.25571733
      4.56200000      0.25533839
      4.56250000      0.25495688
      4.56300000      0.25457280
      4.56350000      0.25418616
      4.56400000      0.25379697
      4.56450000      0.25340522
      4.56500000      0.25301092
      4.56550000      0.25261407
      4.56600000      0.25221468
      4.56650000      0.25181276
      4.56700000      0.25140829
      4.56750000      0.25100129
      4.56800000      0.25059177
      4.56850000      0.25017972
      4.56900000      0.24976515
      4.56950000      0.24934806
      4.57000000      0.24892846
      4.57050000      0.24850635
      4.57100000      0.24808174
      4.57150000      0.24765463
      4.57200000      0.24722502
      4.57250000      0.24679292
      4.57300000      0.24635833
      4.57350000      0.24592125
      4.57400000      0.24548170
      4.57450000      0.24503967
      4.57500000      0.24459516
      4.57550000      0.24414819
      4.57600000      0.24369876
      4.57650000      0.24324687
      4.57700000      0.24279253
      4.57750000      0.24233573
      4.57800000      0.24187649
      4.57850000      0.24141481
      4.57900000      0.24095069
      4.57950000      0.24048414
      4.58000000      0.24001516
      4.58050000      0.23954376
      4.58100000      0.23906994
      4.58150000      0.23859371
      4.58200000      0.23811506
      4.58250000      0.23763402
      4.58300000      0.23715057
      4.58350000      0.23666473
      4.58400000      0.23617650
      4.58450000      0.23568588
      4.58500000      0.23519288
      4.58550000      0.23469751
      4.58600000      0.23419976
      4.58650000      0.23369965
      4.58700000      0.23319718
      4.58750000      0.23269235
      4.58800000      0.23218517
      4.58850000      0.23167565
      4.58900000      0.23116378
      4.58950000      0.23064958
      4.59000000      0.23013305
      4.59050000      0.22961419
      4.59100000      0.22909301
      4.59150000      0.22856952
      4.59200000      0.22804371
      4.59250000      0.22751561
      4.59300000      0.22698520
      4.59350000      0.22645250
      4.59400000      0.22591750
      4.59450000      0.22538023
      4.59500000      0.22484068
      4.59550000      0.22429885
      4.59600000      0.22375476
      4.59650000      0.22320841
      4.59700000      0.22265980
      4.59750000      0.22210894
      4.59800000      0.22155583
      4.59850000      0.22100049
      4.59900000      0.22044291
      4.59950000      0.21988310
      4.60000000      0.21932107
      4.60050000      0.21875683
      4.60100000      0.21819037
      4.60150000      0.21762171
      4.60200000      0.21705085
      4.60250000      0.21647779
      4.60300000      0.21590255
      4.60350000      0.21532512
      4.60400000      0.21474552
      4.60450000      0.21416375
      4.60500000      0.21357982
      4.60550000      0.21299372
      4.60600000      0.21240548
      4.60650000      0.21181509
      4.60700000      0.21122256
      4.60750000      0.21062790
      4.60800000      0.21003110
      4.60850000      0.20943219
      4.60900000      0.20883116
      4.60950000      0.20822802
      4.61000000      0.20762278
      4.61050000      0.20701545
      4.61100000      0.20640602
      4.61150000      0.20579451
      4.61200000      0.20518092
      4.61250000      0.20456526
      4.61300000      0.20394753
      4.61350000      0.20332775
      4.61400000      0.20270591
      4.61450000      0.20208203
      4.61500000      0.20145611
      4.61550000      0.20082816
      4.61600000      0.20019818
      4.61650000      0.19956618
      4.61700000      0.19893217
      4.61750000      0.19829615
      4.61800000      0.19765814
      4.61850000      0.19701813
      4.61900000      0.19637614
      4.61950000      0.19573216
      4.62000000      0.19508622
      4.62050000      0.19443830
      4.62100000      0.19378843
      4.62150000      0.19313661
      4.62200000      0.19248284
      4.62250000      0.19182714
      4.62300000      0.19116950
      4.62350000      0.19050994
      4.62400000      0.18984846
      4.62450000      0.18918507
      4.62500000      0.18851977
      4.62550000      0.18785258
      4.62600000      0.18718351
      4.62650000      0.18651255
      4.62700000      0.18583971
      4.62750000      0.18516501
      4.62800000      0.18448844
      4.62850000      0.18381002
      4.62900000      0.18312976
      4.62950000      0.18244766
      4.63000000      0.18176372
      4.63050000      0.18107796
      4.63100000      0.18039038
      4.63150000      0.17970100
      4.63200000      0.17900981
      4.63250000      0.17831683
      4.63300000      0.17762205
      4.63350000      0.17692550
      4.63400000      0.17622718
      4.63450000      0.17552709
      4.63500000      0.17482524
      4.63550000      0.17412164
      4.63600000      0.17341630
      4.63650000      0.17270923
      4.63700000      0.17200043
      4.63750000      0.17128990
      4.63800000      0.17057767
      4.63850000      0.16986373
      4.63900000      0.16914809
      4.63950000      0.16843077
      4.64000000      0.16771176
      4.64050000      0.16699108
      4.64100000      0.16626874
      4.64150000      0.16554473
      4.64200000      0.16481908
      4.64250000      0.16409178
      4.64300000      0.16336285
      4.64350000      0.16263229
      4.64400000      0.16190012
      4.64450000      0.16116633
      4.64500000      0.16043094
      4.64550000      0.15969396
      4.64600000      0.15895539
      4.64650000      0.15821524
      4.64700000      0.15747352
      4.64750000      0.15673023
      4.64800000      0.15598540
      4.64850000      0.15523901
      4.64900000      0.15449109
      4.64950000      0.15374164
      4.65000000      0.15299067
      4.65050000      0.15223818
      4.65100000      0.15148419
      4.65150000      0.15072870
      4.65200000      0.14997172
      4.65250000      0.14921326
      4.65300000      0.14845332
      4.65350000      0.14769193
      4.65400000      0.14692908
      4.65450000      0.14616478
      4.65500000      0.14539904
      4.65550000      0.14463187
      4.65600000      0.14386327
      4.65650000      0.14309327
      4.65700000      0.14232186
      4.65750000      0.14154905
      4.65800000      0.14077485
      4.65850000      0.13999928
      4.65900000      0.13922233
      4.65950000      0.13844402
      4.66000000      0.13766435
      4.66050000      0.13688334
      4.66100000      0.13610100
      4.66150000      0.13531732
      4.66200000      0.13453232
      4.66250000      0.13374602
      4.66300000      0.13295841
      4.66350000      0.13216950
      4.66400000      0.13137931
      4.66450000      0.13058785
      4.66500000      0.12979512
      4.66550000      0.12900112
      4.66600000      0.12820588
      4.66650000      0.12740940
      4.66700000      0.12661168
      4.66750000      0.12581274
      4.66800000      0.12501259
      4.66850000      0.12421123
      4.66900000      0.12340867
      4.66950000      0.12260493
      4.67000000      0.12180000
      4.67050000      0.12099391
      4.67100000      0.12018665
      4.67150000      0.11937824
      4.67200000      0.11856869
      4.67250000      0.11775800
      4.67300000      0.11694619
      4.67350000      0.11613326
      4.67400000      0.11531922
      4.67450000      0.11450408
      4.67500000      0.11368786
      4.67550000      0.11287055
      4.67600000      0.11205218
      4.67650000      0.11123274
      4.67700000      0.11041225
      4.67750000      0.10959071
      4.67800000      0.10876814
      4.67850000      0.10794455
      4.67900000      0.10711993
      4.67950000      0.10629431
      4.68000000      0.10546770
      4.68050000      0.10464009
      4.68100000      0.10381150
      4.68150000      0.10298195
      4.68200000      0.10215143
      4.68250000      0.10131996
      4.68300000      0.10048755
      4.68350000      0.09965421
      4.68400000      0.09881994
      4.68450000      0.09798475
      4.68500000      0.09714866
      4.68550000      0.09631168
      4.68600000      0.09547381
      4.68650000      0.09463506
      4.68700000      0.09379544
      4.68750000      0.09295497
      4.68800000      0.09211364
      4.68850000      0.09127148
      4.68900000      0.09042849
      4.68950000      0.08958467
      4.69000000      0.08874004
      4.69050000      0.08789462
      4.69100000      0.08704839
      4.69150000      0.08620139
      4.69200000      0.08535361
      4.69250000      0.08450507
      4.69300000      0.08365578
      4.69350000      0.08280573
      4.69400000      0.08195496
      4.69450000      0.08110346
      4.69500000      0.08025124
      4.69550000      0.07939831
      4.69600000      0.07854469
      4.69650000      0.07769038
      4.69700000      0.07683539
      4.69750000      0.07597973
      4.69800000      0.07512341
      4.69850000      0.07426645
      4.69900000      0.07340884
      4.69950000      0.07255060
      4.70000000      0.07169175
      4.70050000      0.07083228
      4.70100000      0.06997221
      4.70150000      0.06911155
      4.70200000      0.06825030
      4.70250000      0.06738849
      4.70300000      0.06652611
      4.70350000      0.06566318
      4.70400000      0.06479971
      4.70450000      0.06393570
      4.70500000      0.06307116
      4.70550000      0.06220612
      4.70600000      0.06134057
      4.70650000      0.06047452
      4.70700000      0.05960799
      4.70750000      0.05874098
      4.70800000      0.05787351
      4.70850000      0.05700558
      4.70900000      0.05613721
      4.70950000      0.05526840
      4.71000000      0.05439916
      4.71050000      0.05352951
      4.71100000      0.05265944
      4.71150000      0.05178899
      4.71200000      0.05091814
      4.71250000      0.05004691
      4.71300000      0.04917532
      4.71350000      0.04830337
      4.71400000      0.04743107
      4.71450000      0.04655843
      4.71500000      0.04568546
      4.71550000      0.04481217
      4.71600000      0.04393858
      4.71650000      0.04306468
      4.71700000      0.04219049
      4.71750000      0.04131603
      4.71800000      0.04044129
      4.71850000      0.03956629
      4.71900000      0.03869105
      4.71950000      0.03781556
      4.72000000      0.03693984
      4.72050000      0.03606390
      4.72100000      0.03518775
      4.72150000      0.03431139
      4.72200000      0.03343485
      4.72250000      0.03255812
      4.72300000      0.03168122
      4.72350000      0.03080416
      4.72400000      0.02992694
      4.72450000      0.02904958
      4.72500000      0.02817209
      4.72550000      0.02729448
      4.72600000      0.02641675
      4.72650000      0.02553892
      4.72700000      0.02466100
      4.72750000      0.02378299
      4.72800000      0.02290491
      4.72850000      0.02202677
      4.72900000      0.02114857
      4.72950000      0.02027032
      4.73000000      0.01939204
      4.73050000      0.01851374
      4.73100000      0.01763542
      4.73150000      0.01675710
      4.73200000      0.01587878
      4.73250000      0.01500047
      4.73300000      0.01412219
      4.73350000      0.01324394
      4.73400000      0.01236574
      4.73450000      0.01148759
      4.73500000      0.01060950
      4.73550000      0.00973149
      4.73600000      0.00885356
      4.73650000      0.00797572
      4.73700000      0.00709798
      4.73750000      0.00622036
      4.73800000      0.00534286
      4.73850000      0.00446549
      4.73900000      0.00358826
      4.73950000      0.00271118
      4.74000000      0.00183427
      4.74050000      0.00095752
      4.74100000 +8.09550253E-05
      4.74150000     -0.00079542
      4.74200000     -0.00167159
      4.74250000     -0.00254756
      4.74300000     -0.00342330
      4.74350000     -0.00429882
      4.74400000     -0.00517410
      4.74450000     -0.00604913
      4.74500000     -0.00692390
      4.74550000     -0.00779840
      4.74600000     -0.00867262
      4.74650000     -0.00954656
      4.74700000     -0.01042020
      4.74750000     -0.01129353
      4.74800000     -0.01216655
      4.74850000     -0.01303924
      4.74900000     -0.01391160
      4.74950000     -0.01478361
      4.75000000     -0.01565526
      4.75050000     -0.01652655
      4.75100000     -0.01739747
      4.75150000     -0.01826800
      4.75200000     -0.01913814
      4.75250000     -0.02000788
      4.75300000     -0.02087720
      4.75350000     -0.02174610
      4.75400000     -0.02261457
      4.75450000     -0.02348260
      4.75500000     -0.02435018
      4.75550000     -0.02521730
      4.75600000     -0.02608394
      4.75650000     -0.02695011
      4.75700000     -0.02781579
      4.75750000     -0.02868097
      4.75800000     -0.02954564
      4.75850000     -0.03040980
      4.75900000     -0.03127342
      4.75950000     -0.03213651
      4.76000000     -0.03299906
      4.76050000     -0.03386105
      4.76100000     -0.03472247
      4.76150000     -0.03558332
      4.76200000     -0.03644359
      4.76250000     -0.03730327
      4.76300000     -0.03816234
      4.76350000     -0.03902080
      4.76400000     -0.03987864
      4.76450000     -0.04073584
      4.76500000     -0.04159241
      4.76550000     -0.04244833
      4.76600000     -0.04330359
      4.76650000     -0.04415819
      4.76700000     -0.04501210
      4.76750000     -0.04586533
      4.76800000     -0.04671786
      4.76850000     -0.04756969
      4.76900000     -0.04842081
      4.76950000     -0.04927120
      4.77000000     -0.05012085
      4.77050000     -0.05096977
      4.77100000     -0.05181793
      4.77150000     -0.05266534
      4.77200000     -0.05351197
      4.77250000     -0.05435783
      4.77300000     -0.05520290
      4.77350000     -0.05604717
      4.77400000     -0.05689064
      4.77450000     -0.05773329
      4.77500000     -0.05857512
      4.77550000     -0.05941611
      4.77600000     -0.06025626
      4.77650000     -0.06109556
      4.77700000     -0.06193400
      4.77750000     -0.06277157
      4.77800000     -0.06360826
      4.77850000     -0.06444406
      4.77900000     -0.06527897
      4.77950000     -0.06611297
      4.78000000     -0.06694606
      4.78050000     -0.06777823
      4.78100000     -0.06860946
      4.78150000     -0.06943975
      4.78200000     -0.07026909
      4.78250000     -0.07109748
      4.78300000     -0.07192489
      4.78350000     -0.07275133
      4.78400000     -0.07357679
      4.78450000     -0.07440125
      4.78500000     -0.07522470
      4.78550000     -0.07604715
      4.78600000     -0.07686858
      4.78650000     -0.07768897
      4.78700000     -0.07850833
      4.78750000     -0.07932664
      4.78800000     -0.08014390
      4.78850000     -0.08096010
      4.78900000     -0.08177522
      4.78950000     -0.08258926
      4.79000000     -0.08340221
      4.79050000     -0.08421406
      4.79100000     -0.08502481
      4.79150000     -0.08583444
      4.79200000     -0.08664295
      4.79250000     -0.08745032
      4.79300000     -0.08825656
      4.79350000     -0.08906164
      4.79400000     -0.08986557
      4.79450000     -0.09066833
      4.79500000     -0.09146992
      4.79550000     -0.09227032
      4.79600000     -0.09306954
      4.79650000     -0.09386755
      4.79700000     -0.09466436
      4.79750000     -0.09545994
      4.79800000     -0.09625431
      4.79850000     -0.09704744
      4.79900000     -0.09783933
      4.79950000     -0.09862997
      4.80000000     -0.09941935
      4.80050000     -0.10020747
      4.80100000     -0.10099432
      4.80150000     -0.10177988
      4.80200000     -0.10256415
      4.80250000     -0.10334712
      4.80300000     -0.10412879
      4.80350000     -0.10490914
      4.80400000     -0.10568817
      4.80450000     -0.10646587
      4.80500000     -0.10724223
      4.80550000     -0.10801724
      4.80600000     -0.10879090
      4.80650000     -0.10956320
      4.80700000     -0.11033412
      4.80750000     -0.11110367
      4.80800000     -0.11187183
      4.80850000     -0.11263860
      4.80900000     -0.11340396
      4.80950000     -0.11416792
      4.81000000     -0.11493046
      4.81050000     -0.11569157
      4.81100000     -0.11645125
      4.81150000     -0.11720949
      4.81200000     -0.11796628
      4.81250000     -0.11872161
      4.81300000     -0.11947548
      4.81350000     -0.12022788
      4.81400000     -0.12097880
      4.81450000     -0.12172824
      4.81500000     -0.12247618
      4.81550000     -0.12322261
      4.81600000     -0.12396754
      4.81650000     -0.12471095
      4.81700000     -0.12545284
      4.81750000     -0.12619319
      4.81800000     -0.12693201
      4.81850000     -0.12766928
      4.81900000     -0.12840500
      4.81950000     -0.12913915
      4.82000000     -0.12987174
      4.82050000     -0.13060275
      4.82100000     -0.13133217
      4.82150000     -0.13206001
      4.82200000     -0.13278625
      4.82250000     -0.13351088
      4.82300000     -0.13423390
      4.82350000     -0.13495530
      4.82400000     -0.13567508
      4.82450000     -0.13639322
      4.82500000     -0.13710972
      4.82550000     -0.13782458
      4.82600000     -0.13853778
      4.82650000     -0.13924932
      4.82700000     -0.13995918
      4.82750000     -0.14066738
      4.82800000     -0.14137389
      4.82850000     -0.14207871
      4.82900000     -0.14278184
      4.82950000     -0.14348326
      4.83000000     -0.14418297
      4.83050000     -0.14488096
      4.83100000     -0.14557723
      4.83150000     -0.14627177
      4.83200000     -0.14696458
      4.83250000     -0.14765564
      4.83300000     -0.14834495
      4.83350000     -0.14903250
      4.83400000     -0.14971829
      4.83450000     -0.15040230
      4.83500000     -0.15108454
      4.83550000     -0.15176500
      4.83600000     -0.15244366
      4.83650000     -0.15312053
      4.83700000     -0.15379560
      4.83750000     -0.15446886
      4.83800000     -0.15514030
      4.83850000     -0.15580992
      4.83900000     -0.15647771
      4.83950000     -0.15714366
      4.84000000     -0.15780777
      4.84050000     -0.15847004
      4.84100000     -0.15913045
      4.84150000     -0.15978900
      4.84200000     -0.16044569
      4.84250000     -0.16110050
      4.84300000     -0.16175343
      4.84350000     -0.16240448
      4.84400000     -0.16305363
      4.84450000     -0.16370089
      4.84500000     -0.16434625
      4.84550000     -0.16498970
      4.84600000     -0.16563123
      4.84650000     -0.16627084
      4.84700000     -0.16690853
      4.84750000     -0.16754428
      4.84800000     -0.16817809
      4.84850000     -0.16880996
      4.84900000     -0.16943987
      4.84950000     -0.17006783
      4.85000000     -0.17069383
      4.85050000     -0.17131786
      4.85100000     -0.17193992
      4.85150000     -0.17256000
      4.85200000     -0.17317809
      4.85250000     -0.17379419
      4.85300000     -0.17440829
      4.85350000     -0.17502040
      4.85400000     -0.17563049
      4.85450000     -0.17623858
      4.85500000     -0.17684464
      4.85550000     -0.17744868
      4.85600000     -0.17805069
      4.85650000     -0.17865067
      4.85700000     -0.17924861
      4.85750000     -0.17984450
      4.85800000     -0.18043834
      4.85850000     -0.18103012
      4.85900000     -0.18161984
      4.85950000     -0.18220750
      4.86000000     -0.18279308
      4.86050000     -0.18337659
      4.86100000     -0.18395802
      4.86150000     -0.18453735
      4.86200000     -0.18511460
      4.86250000     -0.18568975
      4.86300000     -0.18626279
      4.86350000     -0.18683373
      4.86400000     -0.18740255
      4.86450000     -0.18796926
      4.86500000     -0.18853384
      4.86550000     -0.18909630
      4.86600000     -0.18965662
      4.86650000     -0.19021481
      4.86700000     -0.19077086
      4.86750000     -0.19132476
      4.86800000     -0.19187650
      4.86850000     -0.19242609
      4.86900000     -0.19297352
      4.86950000     -0.19351879
      4.87000000     -0.19406188
      4.87050000     -0.19460280
      4.87100000     -0.19514154
      4.87150000     -0.19567809
      4.87200000     -0.19621246
      4.87250000     -0.19674464
      4.87300000     -0.19727461
      4.87350000     -0.19780239
      4.87400000     -0.19832795
      4.87450000     -0.19885131
      4.87500000     -0.19937245
      4.87550000     -0.19989137
      4.87600000     -0.20040807
      4.87650000     -0.20092254
      4.87700000     -0.20143478
      4.87750000     -0.20194478
      4.87800000     -0.20245254
      4.87850000     -0.20295806
      4.87900000     -0.20346132
      4.87950000     -0.20396234
      4.88000000     -0.20446109
      4.88050000     -0.20495759
      4.88100000     -0.20545182
      4.88150000     -0.20594378
      4.88200000     -0.20643346
      4.88250000     -0.20692087
      4.88300000     -0.20740600
      4.88350000     -0.20788885
      4.88400000     -0.20836940
      4.88450000     -0.20884766
      4.88500000     -0.20932363
      4.88550000     -0.20979730
      4.88600000     -0.21026866
      4.88650000     -0.21073771
      4.88700000     -0.21120446
      4.88750000     -0.21166889
      4.88800000     -0.21213100
      4.88850000     -0.21259079
      4.88900000     -0.21304825
      4.88950000     -0.21350338
      4.89000000     -0.21395619
      4.89050000     -0.21440665
      4.89100000     -0.21485478
      4.89150000     -0.21530056
      4.89200000     -0.21574400
      4.89250000     -0.21618509
      4.89300000     -0.21662382
      4.89350000     -0.21706020
      4.89400000     -0.21749422
      4.89450000     -0.21792587
      4.89500000     -0.21835516
      4.89550000     -0.21878209
      4.89600000     -0.21920664
      4.89650000     -0.21962881
      4.89700000     -0.22004861
      4.89750000     -0.22046602
      4.89800000     -0.22088105
      4.89850000     -0.22129369
      4.89900000     -0.22170395
      4.89950000     -0.22211180
      4.90000000     -0.22251727
      4.90050000     -0.22292033
      4.90100000     -0.22332099
      4.90150000     -0.22371925
      4.90200000     -0.22411510
      4.90250000     -0.22450854
      4.90300000     -0.22489956
      4.90350000     -0.22528817
      4.90400000     -0.22567436
      4.90450000     -0.22605813
      4.90500000     -0.22643948
      4.90550000     -0.22681840
      4.90600000     -0.22719489
      4.90650000     -0.22756895
      4.90700000     -0.22794058
      4.90750000     -0.22830977
      4.90800000     -0.22867652
      4.90850000     -0.22904083
      4.90900000     -0.22940269
      4.90950000     -0.22976211
      4.91000000     -0.23011908
      4.91050000     -0.23047360
      4.91100000     -0.23082567
      4.91150000     -0.23117528
      4.91200000     -0.23152244
      4.91250000     -0.23186713
      4.91300000     -0.23220937
      4.91350000     -0.23254914
      4.91400000     -0.23288644
      4.91450000     -0.23322127
      4.91500000     -0.23355364
      4.91550000     -0.23388353
      4.91600000     -0.23421095
      4.91650000     -0.23453589
      4.91700000     -0.23485836
      4.91750000     -0.23517834
      4.91800000     -0.23549585
      4.91850000     -0.23581087
      4.91900000     -0.23612340
      4.91950000     -0.23643345
      4.92000000     -0.23674100
      4.92050000     -0.23704607
      4.92100000     -0.23734864
      4.92150000     -0.23764872
      4.92200000     -0.23794631
      4.92250000     -0.23824139
      4.92300000     -0.23853398
      4.92350000     -0.23882407
      4.92400000     -0.23911165
      4.92450000     -0.23939673
      4.92500000     -0.23967931
      4.92550000     -0.23995937
      4.92600000     -0.24023693
      4.92650000     -0.24051199
      4.92700000     -0.24078453
      4.92750000     -0.24105455
      4.92800000     -0.24132207
      4.92850000     -0.24158707
      4.92900000     -0.24184955
      4.92950000     -0.24210952
      4.93000000     -0.24236696
      4.93050000     -0.24262189
      4.93100000     -0.24287430
      4.93150000     -0.24312418
      4.93200000     -0.24337155
      4.93250000     -0.24361638
      4.93300000     -0.24385870
      4.93350000     -0.24409848
      4.93400000     -0.24433574
      4.93450000     -0.24457047
      4.93500000     -0.24480267
      4.93550000     -0.24503235
      4.93600000     -0.24525949
      4.93650000     -0.24548409
      4.93700000     -0.24570617
      4.93750000     -0.24592571
      4.93800000     -0.24614272
      4.93850000     -0.24635720
      4.93900000     -0.24656913
      4.93950000     -0.24677854
      4.94000000     -0.24698540
      4.94050000     -0.24718973
      4.94100000     -0.24739152
      4.94150000     -0.24759077
      4.94200000     -0.24778748
      4.94250000     -0.24798165
      4.94300000     -0.24817328
      4.94350000     -0.24836237
      4.94400000     -0.24854892
      4.94450000     -0.24873292
      4.94500000     -0.24891439
      4.94550000     -0.24909331
      4.94600000     -0.24926969
      4.94650000     -0.24944352
      4.94700000     -0.24961482
      4.94750000     -0.24978357
      4.94800000     -0.24994977
      4.94850000     -0.25011343
      4.94900000     -0.25027455
      4.94950000     -0.25043312
      4.95000000     -0.25058914
      4.95050000     -0.25074263
      4.95100000     -0.25089356
      4.95150000     -0.25104195
      4.95200000     -0.25118780
      4.95250000     -0.25133110
      4.95300000     -0.25147186
      4.95350000     -0.25161007
      4.95400000     -0.25174574
      4.95450000     -0.25187886
      4.95500000     -0.25200944
      4.95550000     -0.25213747
      4.95600000     -0.25226296
      4.95650000     -0.25238591
      4.95700000     -0.25250631
      4.95750000     -0.25262416
      4.95800000     -0.25273948
      4.95850000     -0.25285225
      4.95900000     -0.25296248
      4.95950000     -0.25307016
      4.96000000     -0.25317531
      4.96050000     -0.25327791
      4.96100000     -0.25337797
      4.96150000     -0.25347549
      4.96200000     -0.25357047
      4.96250000     -0.25366291
      4.96300000     -0.25375281
      4.96350000     -0.25384017
      4.96400000     -0.25392500
      4.96450000     -0.25400728
      4.96500000     -0.25408703
      4.96550000     -0.25416425
      4.96600000     -0.25423892
      4.96650000     -0.25431107
      4.96700000     -0.25438068
      4.96750000     -0.25444775
      4.96800000     -0.25451229
      4.96850000     -0.25457431
      4.96900000     -0.25463379
      4.96950000     -0.25469074
      4.97000000     -0.25474516
      4.97050000     -0.25479705
      4.97100000     -0.25484641
      4.97150000     -0.25489325
      4.97200000     -0.25493756
      4.97250000     -0.25497935
      4.97300000     -0.25501862
      4.97350000     -0.25505536
      4.97400000     -0.25508958
      4.97450000     -0.25512128
      4.97500000     -0.25515046
      4.97550000     -0.25517712
      4.97600000     -0.25520127
      4.97650000     -0.25522290
      4.97700000     -0.25524201
      4.97750000     -0.25525862
      4.97800000     -0.25527271
      4.97850000     -0.25528428
      4.97900000     -0.25529335
      4.97950000     -0.25529992
      4.98000000     -0.25530397
      4.98050000     -0.25530552
      4.98100000     -0.25530456
      4.98150000     -0.25530110
      4.98200000     -0.25529515
      4.98250000     -0.25528669
      4.98300000     -0.25527573
      4.98350000     -0.25526227
      4.98400000     -0.25524632
      4.98450000     -0.25522788
      4.98500000     -0.25520694
      4.98550000     -0.25518352
      4.98600000     -0.25515760
      4.98650000     -0.25512920
      4.98700000     -0.25509831
      4.98750000     -0.25506494
      4.98800000     -0.25502908
      4.98850000     -0.25499075
      4.98900000     -0.25494994
      4.98950000     -0.25490664
      4.99000000     -0.25486088
      4.99050000     -0.25481264
      4.99100000     -0.25476193
      4.99150000     -0.25470874
      4.99200000     -0.25465310
      4.99250000     -0.25459498
      4.99300000     -0.25453440
      4.99350000     -0.25447136
      4.99400000     -0.25440586
      4.99450000     -0.25433790
      4.99500000     -0.25426748
      4.99550000     -0.25419462
      4.99600000     -0.25411929
      4.99650000     -0.25404152
      4.99700000     -0.25396130
      4.99750000     -0.25387864
      4.99800000     -0.25379353
      4.99850000     -0.25370598
      4.99900000     -0.25361599
      4.99950000     -0.25352356
      5.00000000     -0.25342870
      5.00050000     -0.25333141
      5.00100000     -0.25323169
      5.00150000     -0.25312953
      5.00200000     -0.25302496
      5.00250000     -0.25291796
      5.00300000     -0.25280854
      5.00350000     -0.25269670
      5.00400000     -0.25258244
      5.00450000     -0.25246577
      5.00500000     -0.25234669
      5.00550000     -0.25222520
      5.00600000     -0.25210130
      5.00650000     -0.25197500
      5.00700000     -0.25184630
      5.00750000     -0.25171520
      5.00800000     -0.25158170
      5.00850000     -0.25144581
      5.00900000     -0.25130752
      5.00950000     -0.25116685
      5.01000000     -0.25102380
      5.01050000     -0.25087836
      5.01100000     -0.25073054
      5.01150000     -0.25058034
      5.01200000     -0.25042776
      5.01250000     -0.25027282
      5.01300000     -0.25011550
      5.01350000     -0.24995582
      5.01400000     -0.24979377
      5.01450000     -0.24962936
      5.01500000     -0.24946260
      5.01550000     -0.24929348
      5.01600000     -0.24912200
      5.01650000     -0.24894818
      5.01700000     -0.24877201
      5.01750000     -0.24859349
      5.01800000     -0.24841263
      5.01850000     -0.24822944
      5.01900000     -0.24804391
      5.01950000     -0.24785605
      5.02000000     -0.24766586
      5.02050000     -0.24747334
      5.02100000     -0.24727850
      5.02150000     -0.24708134
      5.02200000     -0.24688186
      5.02250000     -0.24668007
      5.02300000     -0.24647597
      5.02350000     -0.24626956
      5.02400000     -0.24606085
      5.02450000     -0.24584984
      5.02500000     -0.24563653
      5.02550000     -0.24542092
      5.02600000     -0.24520303
      5.02650000     -0.24498284
      5.02700000     -0.24476037
      5.02750000     -0.24453562
      5.02800000     -0.24430859
      5.02850000     -0.24407929
      5.02900000     -0.24384771
      5.02950000     -0.24361387
      5.03000000     -0.24337776
      5.03050000     -0.24313939
      5.03100000     -0.24289876
      5.03150000     -0.24265588
      5.03200000     -0.24241075
      5.03250000     -0.24216337
      5.03300000     -0.24191374
      5.03350000     -0.24166188
      5.03400000     -0.24140778
      5.03450000     -0.24115144
      5.03500000     -0.24089288
      5.03550000     -0.24063209
      5.03600000     -0.24036907
      5.03650000     -0.24010384
      5.03700000     -0.23983639
      5.03750000     -0.23956673
      5.03800000     -0.23929486
      5.03850000     -0.23902079
      5.03900000     -0.23874452
      5.03950000     -0.23846605
      5.04000000     -0.23818538
      5.04050000     -0.23790253
      5.04100000     -0.23761749
      5.04150000     -0.23733027
      5.04200000     -0.23704087
      5.04250000     -0.23674930
      5.04300000     -0.23645556
      5.04350000     -0.23615965
      5.04400000     -0.23586157
      5.04450000     -0.23556134
      5.04500000     -0.23525895
      5.04550000     -0.23495442
      5.04600000     -0.23464773
      5.04650000     -0.23433890
      5.04700000     -0.23402793
      5.04750000     -0.23371483
      5.04800000     -0.23339960
      5.04850000     -0.23308224
      5.04900000     -0.23276275
      5.04950000     -0.23244115
      5.05000000     -0.23211743
      5.05050000     -0.23179160
      5.05100000     -0.23146366
      5.05150000     -0.23113362
      5.05200000     -0.23080148
      5.05250000     -0.23046725
      5.05300000     -0.23013092
      5.05350000     -0.22979251
      5.05400000     -0.22945202
      5.05450000     -0.22910945
      5.05500000     -0.22876481
      5.05550000     -0.22841809
      5.05600000     -0.22806931
      5.05650000     -0.22771847
      5.05700000     -0.22736557
      5.05750000     -0.22701063
      5.05800000     -0.22665363
      5.05850000     -0.22629459
      5.05900000     -0.22593350
      5.05950000     -0.22557039
      5.06000000     -0.22520524
      5.06050000     -0.22483807
      5.06100000     -0.22446887
      5.06150000     -0.22409766
      5.06200000     -0.22372443
      5.06250000     -0.22334919
      5.06300000     -0.22297195
      5.06350000     -0.22259271
      5.06400000     -0.22221148
      5.06450000     -0.22182825
      5.06500000     -0.22144304
      5.06550000     -0.22105584
      5.06600000     -0.22066667
      5.06650000     -0.22027552
      5.06700000     -0.21988241
      5.06750000     -0.21948733
      5.06800000     -0.21909029
      5.06850000     -0.21869130
      5.06900000     -0.21829036
      5.06950000     -0.21788747
      5.07000000     -0.21748264
      5.07050000     -0.21707588
      5.07100000     -0.21666718
      5.07150000     -0.21625656
      5.07200000     -0.21584401
      5.07250000     -0.21542955
      5.07300000     -0.21501318
      5.07350000     -0.21459489
      5.07400000     -0.21417471
      5.07450000     -0.21375262
      5.07500000     -0.21332864
      5.07550000     -0.21290278
      5.07600000     -0.21247502
      5.07650000     -0.21204539
      5.07700000     -0.21161389
      5.07750000     -0.21118051
      5.07800000     -0.21074527
      5.07850000     -0.21030817
      5.07900000     -0.20986922
      5.07950000     -0.20942841
      5.08000000     -0.20898576
      5.08050000     -0.20854127
      5.08100000     -0.20809494
      5.08150000     -0.20764678
      5.08200000     -0.20719680
      5.08250000     -0.20674500
      5.08300000     -0.20629138
      5.08350000     -0.20583594
      5.08400000     -0.20537871
      5.08450000     -0.20491967
      5.08500000     -0.20445884
      5.08550000     -0.20399621
      5.08600000     -0.20353180
      5.08650000     -0.20306561
      5.08700000     -0.20259765
      5.08750000     -0.20212791
      5.08800000     -0.20165641
      5.08850000     -0.20118315
      5.08900000     -0.20070813
      5.08950000     -0.20023136
      5.09000000     -0.19975285
      5.09050000     -0.19927259
      5.09100000     -0.19879061
      5.09150000     -0.19830689
      5.09200000     -0.19782145
      5.09250000     -0.19733429
      5.09300000     -0.19684541
      5.09350000     -0.19635483
      5.09400000     -0.19586254
      5.09450000     -0.19536856
      5.09500000     -0.19487288
      5.09550000     -0.19437551
      5.09600000     -0.19387646
      5.09650000     -0.19337574
      5.09700000     -0.19287334
      5.09750000     -0.19236927
      5.09800000     -0.19186355
      5.09850000     -0.19135616
      5.09900000     -0.19084713
      5.09950000     -0.19033645
      5.10000000     -0.18982413
      5.10050000     -0.18931018
      5.10100000     -0.18879459
      5.10150000     -0.18827738
      5.10200000     -0.18775856
      5.10250000     -0.18723812
      5.10300000     -0.18671607
      5.10350000     -0.18619242
      5.10400000     -0.18566718
      5.10450000     -0.18514034
      5.10500000     -0.18461191
      5.10550000     -0.18408191
      5.10600000     -0.18355033
      5.10650000     -0.18301718
      5.10700000     -0.18248246
      5.10750000     -0.18194619
      5.10800000     -0.18140836
      5.10850000     -0.18086899
      5.10900000     -0.18032807
      5.10950000     -0.17978562
      5.11000000     -0.17924164
      5.11050000     -0.17869613
      5.11100000     -0.17814910
      5.11150000     -0.17760056
      5.11200000     -0.17705050
      5.11250000     -0.17649895
      5.11300000     -0.17594589
      5.11350000     -0.17539135
      5.11400000     -0.17483532
      5.11450000     -0.17427780
      5.11500000     -0.17371881
      5.11550000     -0.17315836
      5.11600000     -0.17259644
      5.11650000     -0.17203306
      5.11700000     -0.17146822
      5.11750000     -0.17090194
      5.11800000     -0.17033422
      5.11850000     -0.16976507
      5.11900000     -0.16919448
      5.11950000     -0.16862247
      5.12000000     -0.16804905
      5.12050000     -0.16747421
      5.12100000     -0.16689796
      5.12150000     -0.16632031
      5.12200000     -0.16574127
      5.12250000     -0.16516083
      5.12300000     -0.16457902
      5.12350000     -0.16399582
      5.12400000     -0.16341125
      5.12450000     -0.16282532
      5.12500000     -0.16223802
      5.12550000     -0.16164937
      5.12600000     -0.16105938
      5.12650000     -0.16046803
      5.12700000     -0.15987535
      5.12750000     -0.15928134
      5.12800000     -0.15868601
      5.12850000     -0.15808935
      5.12900000     -0.15749138
      5.12950000     -0.15689210
      5.13000000     -0.15629152
      5.13050000     -0.15568964
      5.13100000     -0.15508648
      5.13150000     -0.15448203
      5.13200000     -0.15387630
      5.13250000     -0.15326929
      5.13300000     -0.15266102
      5.13350000     -0.15205149
      5.13400000     -0.15144071
      5.13450000     -0.15082867
      5.13500000     -0.15021539
      5.13550000     -0.14960088
      5.13600000     -0.14898513
      5.13650000     -0.14836816
      5.13700000     -0.14774997
      5.13750000     -0.14713057
      5.13800000     -0.14650996
      5.13850000     -0.14588815
      5.13900000     -0.14526514
      5.13950000     -0.14464095
      5.14000000     -0.14401557
      5.14050000     -0.14338901
      5.14100000     -0.14276129
      5.14150000     -0.14213240
      5.14200000     -0.14150235
      5.14250000     -0.14087114
      5.14300000     -0.14023879
      5.14350000     -0.13960530
      5.14400000     -0.13897068
      5.14450000     -0.13833492
      5.14500000     -0.13769804
      5.14550000     -0.13706005
      5.14600000     -0.13642095
      5.14650000     -0.13578074
      5.14700000     -0.13513944
      5.14750000     -0.13449704
      5.14800000     -0.13385355
      5.14850000     -0.13320899
      5.14900000     -0.13256335
      5.14950000     -0.13191665
      5.15000000     -0.13126888
      5.15050000     -0.13062006
      5.15100000     -0.12997019
      5.15150000     -0.12931928
      5.15200000     -0.12866733
      5.15250000     -0.12801435
      5.15300000     -0.12736035
      5.15350000     -0.12670533
      5.15400000     -0.12604929
      5.15450000     -0.12539225
      5.15500000     -0.12473421
      5.15550000     -0.12407518
      5.15600000     -0.12341516
      5.15650000     -0.12275416
      5.15700000     -0.12209218
      5.15750000     -0.12142924
      5.15800000     -0.12076533
      5.15850000     -0.12010047
      5.15900000     -0.11943465
      5.15950000     -0.11876790
      5.16000000     -0.11810021
      5.16050000     -0.11743158
      5.16100000     -0.11676203
      5.16150000     -0.11609156
      5.16200000     -0.11542018
      5.16250000     -0.11474790
      5.16300000     -0.11407471
      5.16350000     -0.11340063
      5.16400000     -0.11272567
      5.16450000     -0.11204982
      5.16500000     -0.11137310
      5.16550000     -0.11069551
      5.16600000     -0.11001706
      5.16650000     -0.10933775
      5.16700000     -0.10865760
      5.16750000     -0.10797660
      5.16800000     -0.10729476
      5.16850000     -0.10661209
      5.16900000     -0.10592860
      5.16950000     -0.10524429
      5.17000000     -0.10455917
      5.17050000     -0.10387325
      5.17100000     -0.10318653
      5.17150000     -0.10249901
      5.17200000     -0.10181071
      5.17250000     -0.10112163
      5.17300000     -0.10043177
      5.17350000     -0.09974115
      5.17400000     -0.09904977
      5.17450000     -0.09835764
      5.17500000     -0.09766475
      5.17550000     -0.09697113
      5.17600000     -0.09627677
      5.17650000     -0.09558168
      5.17700000     -0.09488587
      5.17750000     -0.09418934
      5.17800000     -0.09349211
      5.17850000     -0.09279417
      5.17900000     -0.09209553
      5.17950000     -0.09139621
      5.18000000     -0.09069620
      5.18050000     -0.08999551
      5.18100000     -0.08929415
      5.18150000     -0.08859213
      5.18200000     -0.08788945
      5.18250000     -0.08718611
      5.18300000     -0.08648214
      5.18350000     -0.08577752
      5.18400000     -0.08507227
      5.18450000     -0.08436640
      5.18500000     -0.08365990
      5.18550000     -0.08295279
      5.18600000     -0.08224508
      5.18650000     -0.08153676
      5.18700000     -0.08082786
      5.18750000     -0.08011836
      5.18800000     -0.07940828
      5.18850000     -0.07869763
      5.18900000     -0.07798641
      5.18950000     -0.07727463
      5.19000000     -0.07656230
      5.19050000     -0.07584941
      5.19100000     -0.07513599
      5.19150000     -0.07442202
      5.19200000     -0.07370753
      5.19250000     -0.07299252
      5.19300000     -0.07227699
      5.19350000     -0.07156095
      5.19400000     -0.07084441
      5.19450000     -0.07012737
      5.19500000     -0.06940984
      5.19550000     -0.06869182
      5.19600000     -0.06797333
      5.19650000     -0.06725437
      5.19700000     -0.06653494
      5.19750000     -0.06581506
      5.19800000     -0.06509472
      5.19850000     -0.06437394
      5.19900000     -0.06365272
      5.19950000     -0.06293107
      5.20000000     -0.06220899
      5.20050000     -0.06148650
      5.20100000     -0.06076359
      5.20150000     -0.06004028
      5.20200000     -0.05931657
      5.20250000     -0.05859246
      5.20300000     -0.05786797
      5.20350000     -0.05714310
      5.20400000     -0.05641785
      5.20450000     -0.05569224
      5.20500000     -0.05496627
      5.20550000     -0.05423994
      5.20600000     -0.05351327
      5.20650000     -0.05278626
      5.20700000     -0.05205891
      5.20750000     -0.05133123
      5.20800000     -0.05060324
      5.20850000     -0.04987492
      5.20900000     -0.04914630
      5.20950000     -0.04841738
      5.21000000     -0.04768817
      5.21050000     -0.04695866
      5.21100000     -0.04622887
      5.21150000     -0.04549881
      5.21200000     -0.04476848
      5.21250000     -0.04403788
      5.21300000     -0.04330703
      5.21350000     -0.04257593
      5.21400000     -0.04184459
      5.21450000     -0.04111301
      5.21500000     -0.04038120
      5.21550000     -0.03964917
      5.21600000     -0.03891692
      5.21650000     -0.03818446
      5.21700000     -0.03745180
      5.21750000     -0.03671894
      5.21800000     -0.03598589
      5.21850000     -0.03525265
      5.21900000     -0.03451924
      5.21950000     -0.03378566
      5.22000000     -0.03305191
      5.22050000     -0.03231800
      5.22100000     -0.03158395
      5.22150000     -0.03084974
      5.22200000     -0.03011540
      5.22250000     -0.02938093
      5.22300000     -0.02864633
      5.22350000     -0.02791161
      5.22400000     -0.02717678
      5.22450000     -0.02644184
      5.22500000     -0.02570681
      5.22550000     -0.02497168
      5.22600000     -0.02423646
      5.22650000     -0.02350117
      5.22700000     -0.02276580
      5.22750000     -0.02203037
      5.22800000     -0.02129487
      5.22850000     -0.02055932
      5.22900000     -0.01982373
      5.22950000     -0.01908809
      5.23000000     -0.01835242
      5.23050000     -0.01761672
      5.23100000     -0.01688100
      5.23150000     -0.01614527
      5.23200000     -0.01540953
      5.23250000     -0.01467379
      5.23300000     -0.01393805
      5.23350000     -0.01320232
      5.23400000     -0.01246661
      5.23450000     -0.01173093
      5.23500000     -0.01099527
      5.23550000     -0.01025966
      5.23600000     -0.00952408
      5.23650000     -0.00878856
      5.23700000     -0.00805310
      5.23750000     -0.00731769
      5.23800000     -0.00658236
      5.23850000     -0.00584711
      5.23900000     -0.00511193
      5.23950000     -0.00437685
      5.24000000     -0.00364186
      5.24050000     -0.00290698
      5.24100000     -0.00217220
      5.24150000     -0.00143754
      5.24200000     -0.00070301
      5.24250000 +3.14049021E-05
      5.24300000      0.00076568
      5.24350000      0.00149981
      5.24400000      0.00223380
      5.24450000      0.00296763
      5.24500000      0.00370130
      5.24550000      0.00443481
      5.24600000      0.00516814
      5.24650000      0.00590129
      5.24700000      0.00663426
      5.24750000      0.00736703
      5.24800000      0.00809960
      5.24850000      0.00883196
      5.24900000      0.00956412
      5.24950000      0.01029605
      5.25000000      0.01102776
      5.25050000      0.01175924
      5.25100000      0.01249048
      5.25150000      0.01322147
      5.25200000      0.01395222
      5.25250000      0.01468270
      5.25300000      0.01541293
      5.25350000      0.01614288
      5.25400000      0.01687256
      5.25450000      0.01760195
      5.25500000      0.01833105
      5.25550000      0.01905986
      5.25600000      0.01978836
      5.25650000      0.02051656
      5.25700000      0.02124444
      5.25750000      0.02197200
      5.25800000      0.02269923
      5.25850000      0.02342613
      5.25900000      0.02415268
      5.25950000      0.02487889
      5.26000000      0.02560475
      5.26050000      0.02633024
      5.26100000      0.02705537
      5.26150000      0.02778013
      5.26200000      0.02850450
      5.26250000      0.02922849
      5.26300000      0.02995209
      5.26350000      0.03067530
      5.26400000      0.03139809
      5.26450000      0.03212048
      5.26500000      0.03284245
      5.26550000      0.03356399
      5.26600000      0.03428511
      5.26650000      0.03500579
      5.26700000      0.03572602
      5.26750000      0.03644581
      5.26800000      0.03716514
      5.26850000      0.03788401
      5.26900000      0.03860242
      5.26950000      0.03932035
      5.27000000      0.04003779
      5.27050000      0.04075475
      5.27100000      0.04147122
      5.27150000      0.04218719
      5.27200000      0.04290265
      5.27250000      0.04361760
      5.27300000      0.04433204
      5.27350000      0.04504594
      5.27400000      0.04575932
      5.27450000      0.04647216
      5.27500000      0.04718446
      5.27550000      0.04789620
      5.27600000      0.04860739
      5.27650000      0.04931802
      5.27700000      0.05002808
      5.27750000      0.05073757
      5.27800000      0.05144647
      5.27850000      0.05215479
      5.27900000      0.05286251
      5.27950000      0.05356963
      5.28000000      0.05427615
      5.28050000      0.05498206
      5.28100000      0.05568734
      5.28150000      0.05639201
      5.28200000      0.05709604
      5.28250000      0.05779944
      5.28300000      0.05850219
      5.28350000      0.05920429
      5.28400000      0.05990574
      5.28450000      0.06060652
      5.28500000      0.06130664
      5.28550000      0.06200609
      5.28600000      0.06270485
      5.28650000      0.06340293
      5.28700000      0.06410031
      5.28750000      0.06479700
      5.28800000      0.06549298
      5.28850000      0.06618825
      5.28900000      0.06688281
      5.28950000      0.06757664
      5.29000000      0.06826974
      5.29050000      0.06896211
      5.29100000      0.06965373
      5.29150000      0.07034461
      5.29200000      0.07103473
      5.29250000      0.07172410
      5.29300000      0.07241269
      5.29350000      0.07310052
      5.29400000      0.07378757
      5.29450000      0.07447383
      5.29500000      0.07515931
      5.29550000      0.07584399
      5.29600000      0.07652786
      5.29650000      0.07721093
      5.29700000      0.07789319
      5.29750000      0.07857462
      5.29800000      0.07925523
      5.29850000      0.07993500
      5.29900000      0.08061394
      5.29950000      0.08129203
      5.30000000      0.08196927
      5.30050000      0.08264566
      5.30100000      0.08332118
      5.30150000      0.08399584
      5.30200000      0.08466962
      5.30250000      0.08534252
      5.30300000      0.08601454
      5.30350000      0.08668566
      5.30400000      0.08735589
      5.30450000      0.08802521
      5.30500000      0.08869362
      5.30550000      0.08936112
      5.30600000      0.09002769
      5.30650000      0.09069334
      5.30700000      0.09135805
      5.30750000      0.09202183
      5.30800000      0.09268465
      5.30850000      0.09334653
      5.30900000      0.09400745
      5.30950000      0.09466741
      5.31000000      0.09532640
      5.31050000      0.09598442
      5.31100000      0.09664145
      5.31150000      0.09729750
      5.31200000      0.09795255
      5.31250000      0.09860661
      5.31300000      0.09925967
      5.31350000      0.09991171
      5.31400000      0.10056274
      5.31450000      0.10121275
      5.31500000      0.10186173
      5.31550000      0.10250968
      5.31600000      0.10315659
      5.31650000      0.10380246
      5.31700000      0.10444728
      5.31750000      0.10509104
      5.31800000      0.10573374
      5.31850000      0.10637538
      5.31900000      0.10701594
      5.31950000      0.10765542
      5.32000000      0.10829382
      5.32050000      0.10893113
      5.32100000      0.10956734
      5.32150000      0.11020245
      5.32200000      0.11083645
      5.32250000      0.11146935
      5.32300000      0.11210112
      5.32350000      0.11273177
      5.32400000      0.11336129
      5.32450000      0.11398968
      5.32500000      0.11461692
      5.32550000      0.11524302
      5.32600000      0.11586797
      5.32650000      0.11649176
      5.32700000      0.11711438
      5.32750000      0.11773584
      5.32800000      0.11835613
      5.32850000      0.11897523
      5.32900000      0.11959315
      5.32950000      0.12020988
      5.33000000      0.12082541
      5.33050000      0.12143974
      5.33100000      0.12205286
      5.33150000      0.12266477
      5.33200000      0.12327546
      5.33250000      0.12388493
      5.33300000      0.12449317
      5.33350000      0.12510017
      5.33400000      0.12570593
      5.33450000      0.12631045
      5.33500000      0.12691371
      5.33550000      0.12751572
      5.33600000      0.12811647
      5.33650000      0.12871595
      5.33700000      0.12931416
      5.33750000      0.12991109
      5.33800000      0.13050673
      5.33850000      0.13110109
      5.33900000      0.13169415
      5.33950000      0.13228592
      5.34000000      0.13287637
      5.34050000      0.13346552
      5.34100000      0.13405335
      5.34150000      0.13463987
      5.34200000      0.13522505
      5.34250000      0.13580890
      5.34300000      0.13639142
      5.34350000      0.13697260
      5.34400000      0.13755242
      5.34450000      0.13813090
      5.34500000      0.13870802
      5.34550000      0.13928377
      5.34600000      0.13985816
      5.34650000      0.14043117
      5.34700000      0.14100280
      5.34750000      0.14157305
      5.34800000      0.14214191
      5.34850000      0.14270938
      5.34900000      0.14327545
      5.34950000      0.14384011
      5.35000000      0.14440337
      5.35050000      0.14496521
      5.35100000      0.14552562
      5.35150000      0.14608462
      5.35200000      0.14664218
      5.35250000      0.14719831
      5.35300000      0.14775300
      5.35350000      0.14830624
      5.35400000      0.14885804
      5.35450000      0.14940838
      5.35500000      0.14995725
      5.35550000      0.15050467
      5.35600000      0.15105061
      5.35650000      0.15159507
      5.35700000      0.15213806
      5.35750000      0.15267956
      5.35800000      0.15321957
      5.35850000      0.15375809
      5.35900000      0.15429510
      5.35950000      0.15483061
      5.36000000      0.15536461
      5.36050000      0.15589710
      5.36100000      0.15642806
      5.36150000      0.15695751
      5.36200000      0.15748542
      5.36250000      0.15801179
      5.36300000      0.15853663
      5.36350000      0.15905993
      5.36400000      0.15958167
      5.36450000      0.16010186
      5.36500000      0.16062050
      5.36550000      0.16113757
      5.36600000      0.16165307
      5.36650000      0.16216700
      5.36700000      0.16267935
      5.36750000      0.16319012
      5.36800000      0.16369930
      5.36850000      0.16420689
      5.36900000      0.16471288
      5.36950000      0.16521728
      5.37000000      0.16572006
      5.37050000      0.16622124
      5.37100000      0.16672080
      5.37150000      0.16721874
      5.37200000      0.16771506
      5.37250000      0.16820975
      5.37300000      0.16870280
      5.37350000      0.16919422
      5.37400000      0.16968399
      5.37450000      0.17017212
      5.37500000      0.17065860
      5.37550000      0.17114342
      5.37600000      0.17162657
      5.37650000      0.17210807
      5.37700000      0.17258789
      5.37750000      0.17306604
      5.37800000      0.17354251
      5.37850000      0.17401729
      5.37900000      0.17449039
      5.37950000      0.17496180
      5.38000000      0.17543151
      5.38050000      0.17589952
      5.38100000      0.17636582
      5.38150000      0.17683041
      5.38200000      0.17729329
      5.38250000      0.17775445
      5.38300000      0.17821389
      5.38350000      0.17867160
      5.38400000      0.17912758
      5.38450000      0.17958183
      5.38500000      0.18003433
      5.38550000      0.18048509
      5.38600000      0.18093410
      5.38650000      0.18138136
      5.38700000      0.18182686
      5.38750000      0.18227060
      5.38800000      0.18271257
      5.38850000      0.18315278
      5.38900000      0.18359121
      5.38950000      0.18402786
      5.39000000      0.18446273
      5.39050000      0.18489582
      5.39100000      0.18532711
      5.39150000      0.18575661
      5.39200000      0.18618431
      5.39250000      0.18661021
      5.39300000      0.18703430
      5.39350000      0.18745658
      5.39400000      0.18787705
      5.39450000      0.18829569
      5.39500000      0.18871252
      5.39550000      0.18912752
      5.39600000      0.18954068
      5.39650000      0.18995201
      5.39700000      0.19036151
      5.39750000      0.19076916
      5.39800000      0.19117496
      5.39850000      0.19157892
      5.39900000      0.19198102
      5.39950000      0.19238126
      5.40000000      0.19277964
      5.40050000      0.19317615
      5.40100000      0.19357079
      5.40150000      0.19396357
      5.40200000      0.19435446
      5.40250000      0.19474347
      5.40300000      0.19513060
      5.40350000      0.19551583
      5.40400000      0.19589918
      5.40450000      0.19628063
      5.40500000      0.19666018
      5.40550000      0.19703783
      5.40600000      0.19741357
      5.40650000      0.19778740
      5.40700000      0.19815931
      5.40750000      0.19852931
      5.40800000      0.19889738
      5.40850000      0.19926353
      5.40900000      0.19962775
      5.40950000      0.19999004
      5.41000000      0.20035039
      5.41050000      0.20070880
      5.41100000      0.20106527
      5.41150000      0.20141979
      5.41200000      0.20177237
      5.41250000      0.20212299
      5.41300000      0.20247165
      5.41350000      0.20281835
      5.41400000      0.20316309
      5.41450000      0.20350586
      5.41500000      0.20384666
      5.41550000      0.20418549
      5.41600000      0.20452234
      5.41650000      0.20485720
      5.41700000      0.20519009
      5.41750000      0.20552099
      5.41800000      0.20584989
      5.41850000      0.20617681
      5.41900000      0.20650172
      5.41950000      0.20682464
      5.42000000      0.20714555
      5.42050000      0.20746445
      5.42100000      0.20778135
      5.42150000      0.20809623
      5.42200000      0.20840909
      5.42250000      0.20871994
      5.42300000      0.20902876
      5.42350000      0.20933556
      5.42400000      0.20964033
      5.42450000      0.20994306
      5.42500000      0.21024377
      5.42550000      0.21054243
      5.42600000      0.21083905
      5.42650000      0.21113363
      5.42700000      0.21142616
      5.42750000      0.21171664
      5.42800000      0.21200507
      5.42850000      0.21229144
      5.42900000      0.21257576
      5.42950000      0.21285801
      5.43000000      0.21313820
      5.43050000      0.21341632
      5.43100000      0.21369237
      5.43150000      0.21396634
      5.43200000      0.21423825
      5.43250000      0.21450807
      5.43300000      0.21477581
      5.43350000      0.21504146
      5.43400000      0.21530503
      5.43450000      0.21556651
      5.43500000      0.21582590
      5.43550000      0.21608319
      5.43600000      0.21633839
      5.43650000      0.21659148
      5.43700000      0.21684247
      5.43750000      0.21709135
      5.43800000      0.21733813
      5.43850000      0.21758279
      5.43900000      0.21782535
      5.43950000      0.21806578
      5.44000000      0.21830410
      5.44050000      0.21854029
      5.44100000      0.21877437
      5.44150000      0.21900631
      5.44200000      0.21923613
      5.44250000      0.21946382
      5.44300000      0.21968937
      5.44350000      0.21991279
      5.44400000      0.22013407
      5.44450000      0.22035321
      5.44500000      0.22057020
      5.44550000      0.22078505
      5.44600000      0.22099776
      5.44650000      0.22120831
      5.44700000      0.22141671
      5.44750000      0.22162296
      5.44800000      0.22182705
      5.44850000      0.22202898
      5.44900000      0.22222875
      5.44950000      0.22242636
      5.45000000      0.22262180
      5.45050000      0.22281508
      5.45100000      0.22300618
      5.45150000      0.22319512
      5.45200000      0.22338188
      5.45250000      0.22356646
      5.45300000      0.22374887
      5.45350000      0.22392910
      5.45400000      0.22410714
      5.45450000      0.22428300
      5.45500000      0.22445668
      5.45550000      0.22462817
      5.45600000      0.22479746
      5.45650000      0.22496457
      5.45700000      0.22512948
      5.45750000      0.22529220
      5.45800000      0.22545272
      5.45850000      0.22561104
      5.45900000      0.22576716
      5.45950000      0.22592108
      5.46000000      0.22607280
      5.46050000      0.22622230
      5.46100000      0.22636960
      5.46150000      0.22651469
      5.46200000      0.22665757
      5.46250000      0.22679824
      5.46300000      0.22693669
      5.46350000      0.22707293
      5.46400000      0.22720694
      5.46450000      0.22733874
      5.46500000      0.22746832
      5.46550000      0.22759567
      5.46600000      0.22772080
      5.46650000      0.22784371
      5.46700000      0.22796439
      5.46750000      0.22808284
      5.46800000      0.22819906
      5.46850000      0.22831305
      5.46900000      0.22842480
      5.46950000      0.22853432
      5.47000000      0.22864161
      5.47050000      0.22874666
      5.47100000      0.22884947
      5.47150000      0.22895004
      5.47200000      0.22904837
      5.47250000      0.22914446
      5.47300000      0.22923831
      5.47350000      0.22932991
      5.47400000      0.22941926
      5.47450000      0.22950637
      5.47500000      0.22959123
      5.47550000      0.22967384
      5.47600000      0.22975421
      5.47650000      0.22983232
      5.47700000      0.22990817
      5.47750000      0.22998178
      5.47800000      0.23005313
      5.47850000      0.23012222
      5.47900000      0.23018906
      5.47950000      0.23025364
      5.48000000      0.23031596
      5.48050000      0.23037602
      5.48100000      0.23043382
      5.48150000      0.23048936
      5.48200000      0.23054264
      5.48250000      0.23059366
      5.48300000      0.23064241
      5.48350000      0.23068890
      5.48400000      0.23073312
      5.48450000      0.23077508
      5.48500000      0.23081477
      5.48550000      0.23085219
      5.48600000      0.23088734
      5.48650000      0.23092023
      5.48700000      0.23095084
      5.48750000      0.23097919
      5.48800000      0.23100526
      5.48850000      0.23102907
      5.48900000      0.23105060
      5.48950000      0.23106986
      5.49000000      0.23108684
      5.49050000      0.23110156
      5.49100000      0.23111400
      5.49150000      0.23112416
      5.49200000      0.23113205
      5.49250000      0.23113767
      5.49300000      0.23114101
      5.49350000      0.23114207
      5.49400000      0.23114086
      5.49450000      0.23113737
      5.49500000      0.23113160
      5.49550000      0.23112356
      5.49600000      0.23111324
      5.49650000      0.23110064
      5.49700000      0.23108577
      5.49750000      0.23106861
      5.49800000      0.23104918
      5.49850000      0.23102747
      5.49900000      0.23100348
      5.49950000      0.23097721
      5.50000000      0.23094867
      5.50050000      0.23091784
      5.50100000      0.23088474
      5.50150000      0.23084936
      5.50200000      0.23081170
      5.50250000      0.23077176
      5.50300000      0.23072954
      5.50350000      0.23068504
      5.50400000      0.23063827
      5.50450000      0.23058922
      5.50500000      0.23053788
      5.50550000      0.23048428
      5.50600000      0.23042839
      5.50650000      0.23037022
      5.50700000      0.23030978
      5.50750000      0.23024706
      5.50800000      0.23018207
      5.50850000      0.23011480
      5.50900000      0.23004525
      5.50950000      0.22997342
      5.51000000      0.22989933
      5.51050000      0.22982295
      5.51100000      0.22974430
      5.51150000      0.22966338
      5.51200000      0.22958018
      5.51250000      0.22949471
      5.51300000      0.22940697
      5.51350000      0.22931696
      5.51400000      0.22922467
      5.51450000      0.22913011
      5.51500000      0.22903329
      5.51550000      0.22893419
      5.51600000      0.22883282
      5.51650000      0.22872919
      5.51700000      0.22862329
      5.51750000      0.22851512
      5.51800000      0.22840468
      5.51850000      0.22829198
      5.51900000      0.22817702
      5.51950000      0.22805979
      5.52000000      0.22794030
      5.52050000      0.22781854
      5.52100000      0.22769453
      5.52150000      0.22756825
      5.52200000      0.22743972
      5.52250000      0.22730892
      5.52300000      0.22717587
      5.52350000      0.22704056
      5.52400000      0.22690300
      5.52450000      0.22676318
      5.52500000      0.22662111
      5.52550000      0.22647679
      5.52600000      0.22633022
      5.52650000      0.22618139
      5.52700000      0.22603032
      5.52750000      0.22587700
      5.52800000      0.22572143
      5.52850000      0.22556362
      5.52900000      0.22540356
      5.52950000      0.22524127
      5.53000000      0.22507673
      5.53050000      0.22490995
      5.53100000      0.22474093
      5.53150000      0.22456967
      5.53200000      0.22439618
      5.53250000      0.22422045
      5.53300000      0.22404249
      5.53350000      0.22386230
      5.53400000      0.22367988
      5.53450000      0.22349523
      5.53500000      0.22330836
      5.53550000      0.22311926
      5.53600000      0.22292793
      5.53650000      0.22273439
      5.53700000      0.22253862
      5.53750000      0.22234063
      5.53800000      0.22214043
      5.53850000      0.22193801
      5.53900000      0.22173337
      5.53950000      0.22152653
      5.54000000      0.22131747
      5.54050000      0.22110621
      5.54100000      0.22089274
      5.54150000      0.22067706
      5.54200000      0.22045919
      5.54250000      0.22023911
      5.54300000      0.22001683
      5.54350000      0.21979235
      5.54400000      0.21956568
      5.54450000      0.21933682
      5.54500000      0.21910577
      5.54550000      0.21887252
      5.54600000      0.21863709
      5.54650000      0.21839948
      5.54700000      0.21815968
      5.54750000      0.21791770
      5.54800000      0.21767354
      5.54850000      0.21742721
      5.54900000      0.21717870
      5.54950000      0.21692802
      5.55000000      0.21667517
      5.55050000      0.21642016
      5.55100000      0.21616297
      5.55150000      0.21590363
      5.55200000      0.21564213
      5.55250000      0.21537846
      5.55300000      0.21511264
      5.55350000      0.21484467
      5.55400000      0.21457455
      5.55450000      0.21430228
      5.55500000      0.21402786
      5.55550000      0.21375130
      5.55600000      0.21347260
      5.55650000      0.21319177
      5.55700000      0.21290879
      5.55750000      0.21262369
      5.55800000      0.21233645
      5.55850000      0.21204708
      5.55900000      0.21175559
      5.55950000      0.21146198
      5.56000000      0.21116625
      5.56050000      0.21086840
      5.56100000      0.21056844
      5.56150000      0.21026637
      5.56200000      0.20996219
      5.56250000      0.20965590
      5.56300000      0.20934751
      5.56350000      0.20903702
      5.56400000      0.20872443
      5.56450000      0.20840975
      5.56500000      0.20809298
      5.56550000      0.20777412
      5.56600000      0.20745318
      5.56650000      0.20713015
      5.56700000      0.20680505
      5.56750000      0.20647787
      5.56800000      0.20614862
      5.56850000      0.20581729
      5.56900000      0.20548391
      5.56950000      0.20514845
      5.57000000      0.20481094
      5.57050000      0.20447137
      5.57100000      0.20412975
      5.57150000      0.20378608
      5.57200000      0.20344036
      5.57250000      0.20309260
      5.57300000      0.20274280
      5.57350000      0.20239096
      5.57400000      0.20203709
      5.57450000      0.20168118
      5.57500000      0.20132325
      5.57550000      0.20096330
      5.57600000      0.20060133
      5.57650000      0.20023734
      5.57700000      0.19987134
      5.57750000      0.19950333
      5.57800000      0.19913332
      5.57850000      0.19876130
      5.57900000      0.19838729
      5.57950000      0.19801128
      5.58000000      0.19763328
      5.58050000      0.19725329
      5.58100000      0.19687132
      5.58150000      0.19648737
      5.58200000      0.19610144
      5.58250000      0.19571354
      5.58300000      0.19532367
      5.58350000      0.19493184
      5.58400000      0.19453805
      5.58450000      0.19414230
      5.58500000      0.19374460
      5.58550000      0.19334494
      5.58600000      0.19294335
      5.58650000      0.19253981
      5.58700000      0.19213434
      5.58750000      0.19172693
      5.58800000      0.19131759
      5.58850000      0.19090633
      5.58900000      0.19049315
      5.58950000      0.19007805
      5.59000000      0.18966104
      5.59050000      0.18924212
      5.59100000      0.18882129
      5.59150000      0.18839857
      5.59200000      0.18797395
      5.59250000      0.18754743
      5.59300000      0.18711904
      5.59350000      0.18668875
      5.59400000      0.18625659
      5.59450000      0.18582256
      5.59500000      0.18538665
      5.59550000      0.18494888
      5.59600000      0.18450925
      5.59650000      0.18406776
      5.59700000      0.18362441
      5.59750000      0.18317922
      5.59800000      0.18273219
      5.59850000      0.18228332
      5.59900000      0.18183261
      5.59950000      0.18138008
      5.60000000      0.18092571
      5.60050000      0.18046953
      5.60100000      0.18001153
      5.60150000      0.17955172
      5.60200000      0.17909011
      5.60250000      0.17862669
      5.60300000      0.17816147
      5.60350000      0.17769446
      5.60400000      0.17722566
      5.60450000      0.17675509
      5.60500000      0.17628273
      5.60550000      0.17580860
      5.60600000      0.17533270
      5.60650000      0.17485503
      5.60700000      0.17437561
      5.60750000      0.17389443
      5.60800000      0.17341151
      5.60850000      0.17292684
      5.60900000      0.17244043
      5.60950000      0.17195228
      5.61000000      0.17146241
      5.61050000      0.17097081
      5.61100000      0.17047750
      5.61150000      0.16998247
      5.61200000      0.16948573
      5.61250000      0.16898729
      5.61300000      0.16848715
      5.61350000      0.16798531
      5.61400000      0.16748179
      5.61450000      0.16697658
      5.61500000      0.16646970
      5.61550000      0.16596114
      5.61600000      0.16545092
      5.61650000      0.16493903
      5.61700000      0.16442549
      5.61750000      0.16391029
      5.61800000      0.16339345
      5.61850000      0.16287497
      5.61900000      0.16235486
      5.61950000      0.16183311
      5.62000000      0.16130974
      5.62050000      0.16078475
      5.62100000      0.16025814
      5.62150000      0.15972993
      5.62200000      0.15920012
      5.62250000      0.15866870
      5.62300000      0.15813570
      5.62350000      0.15760111
      5.62400000      0.15706494
      5.62450000      0.15652719
      5.62500000      0.15598788
      5.62550000      0.15544700
      5.62600000      0.15490456
      5.62650000      0.15436058
      5.62700000      0.15381504
      5.62750000      0.15326796
      5.62800000      0.15271935
      5.62850000      0.15216921
      5.62900000      0.15161755
      5.62950000      0.15106437
      5.63000000      0.15050967
      5.63050000      0.14995347
      5.63100000      0.14939577
      5.63150000      0.14883658
      5.63200000      0.14827590
      5.63250000      0.14771373
      5.63300000      0.14715009
      5.63350000      0.14658497
      5.63400000      0.14601840
      5.63450000      0.14545036
      5.63500000      0.14488087
      5.63550000      0.14430993
      5.63600000      0.14373756
      5.63650000      0.14316374
      5.63700000      0.14258850
      5.63750000      0.14201184
      5.63800000      0.14143376
      5.63850000      0.14085427
      5.63900000      0.14027338
      5.63950000      0.13969108
      5.64000000      0.13910740
      5.64050000      0.13852233
      5.64100000      0.13793588
      5.64150000      0.13734806
      5.64200000      0.13675887
      5.64250000      0.13616832
      5.64300000      0.13557642
      5.64350000      0.13498317
      5.64400000      0.13438857
      5.64450000      0.13379264
      5.64500000      0.13319538
      5.64550000      0.13259680
      5.64600000      0.13199691
      5.64650000      0.13139570
      5.64700000      0.13079319
      5.64750000      0.13018938
      5.64800000      0.12958428
      5.64850000      0.12897790
      5.64900000      0.12837024
      5.64950000      0.12776131
      5.65000000      0.12715111
      5.65050000      0.12653966
      5.65100000      0.12592695
      5.65150000      0.12531300
      5.65200000      0.12469781
      5.65250000      0.12408139
      5.65300000      0.12346375
      5.65350000      0.12284488
      5.65400000      0.12222481
      5.65450000      0.12160353
      5.65500000      0.12098105
      5.65550000      0.12035737
      5.65600000      0.11973252
      5.65650000      0.11910648
      5.65700000      0.11847927
      5.65750000      0.11785090
      5.65800000      0.11722137
      5.65850000      0.11659069
      5.65900000      0.11595886
      5.65950000      0.11532590
      5.66000000      0.11469180
      5.66050000      0.11405658
      5.66100000      0.11342024
      5.66150000      0.11278279
      5.66200000      0.11214424
      5.66250000      0.11150460
      5.66300000      0.11086386
      5.66350000      0.11022204
      5.66400000      0.10957914
      5.66450000      0.10893517
      5.66500000      0.10829015
      5.66550000      0.10764406
      5.66600000      0.10699693
      5.66650000      0.10634876
      5.66700000      0.10569956
      5.66750000      0.10504932
      5.66800000      0.10439807
      5.66850000      0.10374580
      5.66900000      0.10309253
      5.66950000      0.10243826
      5.67000000      0.10178300
      5.67050000      0.10112675
      5.67100000      0.10046953
      5.67150000      0.09981133
      5.67200000      0.09915218
      5.67250000      0.09849206
      5.67300000      0.09783100
      5.67350000      0.09716899
      5.67400000      0.09650606
      5.67450000      0.09584219
      5.67500000      0.09517740
      5.67550000      0.09451170
      5.67600000      0.09384510
      5.67650000      0.09317760
      5.67700000      0.09250920
      5.67750000      0.09183992
      5.67800000      0.09116977
      5.67850000      0.09049875
      5.67900000      0.08982686
      5.67950000      0.08915412
      5.68000000      0.08848053
      5.68050000      0.08780610
      5.68100000      0.08713084
      5.68150000      0.08645476
      5.68200000      0.08577785
      5.68250000      0.08510014
      5.68300000      0.08442162
      5.68350000      0.08374231
      5.68400000      0.08306221
      5.68450000      0.08238132
      5.68500000      0.08169967
      5.68550000      0.08101725
      5.68600000      0.08033407
      5.68650000      0.07965013
      5.68700000      0.07896546
      5.68750000      0.07828005
      5.68800000      0.07759391
      5.68850000      0.07690704
      5.68900000      0.07621947
      5.68950000      0.07553119
      5.69000000      0.07484221
      5.69050000      0.07415253
      5.69100000      0.07346218
      5.69150000      0.07277115
      5.69200000      0.07207945
      5.69250000      0.07138709
      5.69300000      0.07069407
      5.69350000      0.07000041
      5.69400000      0.06930611
      5.69450000      0.06861119
      5.69500000      0.06791563
      5.69550000      0.06721947
      5.69600000      0.06652269
      5.69650000      0.06582531
      5.69700000      0.06512735
      5.69750000      0.06442879
      5.69800000      0.06372966
      5.69850000      0.06302996
      5.69900000      0.06232970
      5.69950000      0.06162888
      5.70000000      0.06092752
      5.70050000      0.06022562
      5.70100000      0.05952318
      5.70150000      0.05882023
      5.70200000      0.05811675
      5.70250000      0.05741277
      5.70300000      0.05670829
      5.70350000      0.05600332
      5.70400000      0.05529786
      5.70450000      0.05459192
      5.70500000      0.05388551
      5.70550000      0.05317864
      5.70600000      0.05247132
      5.70650000      0.05176355
      5.70700000      0.05105534
      5.70750000      0.05034670
      5.70800000      0.04963764
      5.70850000      0.04892816
      5.70900000      0.04821828
      5.70950000      0.04750800
      5.71000000      0.04679732
      5.71050000      0.04608626
      5.71100000      0.04537482
      5.71150000      0.04466301
      5.71200000      0.04395085
      5.71250000      0.04323833
      5.71300000      0.04252546
      5.71350000      0.04181226
      5.71400000      0.04109872
      5.71450000      0.04038487
      5.71500000      0.03967070
      5.71550000      0.03895623
      5.71600000      0.03824145
      5.71650000      0.03752639
      5.71700000      0.03681104
      5.71750000      0.03609542
      5.71800000      0.03537953
      5.71850000      0.03466339
      5.71900000      0.03394699
      5.71950000      0.03323034
      5.72000000      0.03251346
      5.72050000      0.03179636
      5.72100000      0.03107903
      5.72150000      0.03036149
      5.72200000      0.02964375
      5.72250000      0.02892581
      5.72300000      0.02820768
      5.72350000      0.02748937
      5.72400000      0.02677089
      5.72450000      0.02605225
      5.72500000      0.02533344
      5.72550000      0.02461449
      5.72600000      0.02389539
      5.72650000      0.02317616
      5.72700000      0.02245681
      5.72750000      0.02173734
      5.72800000      0.02101776
      5.72850000      0.02029807
      5.72900000      0.01957829
      5.72950000      0.01885843
      5.73000000      0.01813848
      5.73050000      0.01741847
      5.73100000      0.01669839
      5.73150000      0.01597826
      5.73200000      0.01525808
      5.73250000      0.01453786
      5.73300000      0.01381761
      5.73350000      0.01309734
      5.73400000      0.01237705
      5.73450000      0.01165675
      5.73500000      0.01093645
      5.73550000      0.01021616
      5.73600000      0.00949589
      5.73650000      0.00877564
      5.73700000      0.00805542
      5.73750000      0.00733524
      5.73800000      0.00661511
      5.73850000      0.00589503
      5.73900000      0.00517502
      5.73950000      0.00445507
      5.74000000      0.00373521
      5.74050000      0.00301543
      5.74100000      0.00229574
      5.74150000      0.00157616
      5.74200000      0.00085669
      5.74250000      0.00013733
      5.74300000     -0.00058190
      5.74350000     -0.00130100
      5.74400000     -0.00201995
      5.74450000     -0.00273876
      5.74500000     -0.00345741
      5.74550000     -0.00417590
      5.74600000     -0.00489421
      5.74650000     -0.00561235
      5.74700000     -0.00633029
      5.74750000     -0.00704804
      5.74800000     -0.00776559
      5.74850000     -0.00848293
      5.74900000     -0.00920004
      5.74950000     -0.00991693
      5.75000000     -0.01063359
      5.75050000     -0.01135000
      5.75100000     -0.01206617
      5.75150000     -0.01278207
      5.75200000     -0.01349771
      5.75250000     -0.01421308
      5.75300000     -0.01492817
      5.75350000     -0.01564296
      5.75400000     -0.01635746
      5.75450000     -0.01707166
      5.75500000     -0.01778554
      5.75550000     -0.01849911
      5.75600000     -0.01921235
      5.75650000     -0.01992525
      5.75700000     -0.02063781
      5.75750000     -0.02135002
      5.75800000     -0.02206187
      5.75850000     -0.02277336
      5.75900000     -0.02348447
      5.75950000     -0.02419520
      5.76000000     -0.02490554
      5.76050000     -0.02561549
      5.76100000     -0.02632503
      5.76150000     -0.02703417
      5.76200000     -0.02774288
      5.76250000     -0.02845116
      5.76300000     -0.02915901
      5.76350000     -0.02986642
      5.76400000     -0.03057338
      5.76450000     -0.03127988
      5.76500000     -0.03198592
      5.76550000     -0.03269148
      5.76600000     -0.03339657
      5.76650000     -0.03410117
      5.76700000     -0.03480527
      5.76750000     -0.03550887
      5.76800000     -0.03621196
      5.76850000     -0.03691453
      5.76900000     -0.03761658
      5.76950000     -0.03831809
      5.77000000     -0.03901906
      5.77050000     -0.03971949
      5.77100000     -0.04041936
      5.77150000     -0.04111867
      5.77200000     -0.04181741
      5.77250000     -0.04251557
      5.77300000     -0.04321315
      5.77350000     -0.04391013
      5.77400000     -0.04460652
      5.77450000     -0.04530230
      5.77500000     -0.04599746
      5.77550000     -0.04669200
      5.77600000     -0.04738591
      5.77650000     -0.04807919
      5.77700000     -0.04877182
      5.77750000     -0.04946380
      5.77800000     -0.05015512
      5.77850000     -0.05084577
      5.77900000     -0.05153575
      5.77950000     -0.05222506
      5.78000000     -0.05291367
      5.78050000     -0.05360159
      5.78100000     -0.05428880
      5.78150000     -0.05497531
      5.78200000     -0.05566110
      5.78250000     -0.05634616
      5.78300000     -0.05703049
      5.78350000     -0.05771409
      5.78400000     -0.05839693
      5.78450000     -0.05907903
      5.78500000     -0.05976036
      5.78550000     -0.06044093
      5.78600000     -0.06112072
      5.78650000     -0.06179973
      5.78700000     -0.06247796
      5.78750000     -0.06315538
      5.78800000     -0.06383201
      5.78850000     -0.06450782
      5.78900000     -0.06518281
      5.78950000     -0.06585698
      5.79000000     -0.06653032
      5.79050000     -0.06720283
      5.79100000     -0.06787448
      5.79150000     -0.06854528
      5.79200000     -0.06921523
      5.79250000     -0.06988430
      5.79300000     -0.07055251
      5.79350000     -0.07121983
      5.79400000     -0.07188627
      5.79450000     -0.07255181
      5.79500000     -0.07321645
      5.79550000     -0.07388018
      5.79600000     -0.07454300
      5.79650000     -0.07520489
      5.79700000     -0.07586586
      5.79750000     -0.07652589
      5.79800000     -0.07718497
      5.79850000     -0.07784311
      5.79900000     -0.07850029
      5.79950000     -0.07915651
      5.80000000     -0.07981176
      5.80050000     -0.08046603
      5.80100000     -0.08111932
      5.80150000     -0.08177162
      5.80200000     -0.08242292
      5.80250000     -0.08307322
      5.80300000     -0.08372251
      5.80350000     -0.08437078
      5.80400000     -0.08501803
      5.80450000     -0.08566425
      5.80500000     -0.08630943
      5.80550000     -0.08695357
      5.80600000     -0.08759666
      5.80650000     -0.08823869
      5.80700000     -0.08887966
      5.80750000     -0.08951956
      5.80800000     -0.09015838
      5.80850000     -0.09079612
      5.80900000     -0.09143277
      5.80950000     -0.09206832
      5.81000000     -0.09270277
      5.81050000     -0.09333612
      5.81100000     -0.09396834
      5.81150000     -0.09459945
      5.81200000     -0.09522943
      5.81250000     -0.09585827
      5.81300000     -0.09648597
      5.81350000     -0.09711253
      5.81400000     -0.09773793
      5.81450000     -0.09836217
      5.81500000     -0.09898525
      5.81550000     -0.09960715
      5.81600000     -0.10022788
      5.81650000     -0.10084742
      5.81700000     -0.10146576
      5.81750000     -0.10208291
      5.81800000     -0.10269886
      5.81850000     -0.10331360
      5.81900000     -0.10392712
      5.81950000     -0.10453942
      5.82000000     -0.10515049
      5.82050000     -0.10576032
      5.82100000     -0.10636892
      5.82150000     -0.10697627
      5.82200000     -0.10758236
      5.82250000     -0.10818720
      5.82300000     -0.10879077
      5.82350000     -0.10939307
      5.82400000     -0.10999410
      5.82450000     -0.11059384
      5.82500000     -0.11119229
      5.82550000     -0.11178945
      5.82600000     -0.11238531
      5.82650000     -0.11297986
      5.82700000     -0.11357310
      5.82750000     -0.11416502
      5.82800000     -0.11475561
      5.82850000     -0.11534488
      5.82900000     -0.11593281
      5.82950000     -0.11651939
      5.83000000     -0.11710463
      5.83050000     -0.11768852
      5.83100000     -0.11827105
      5.83150000     -0.11885221
      5.83200000     -0.11943201
      5.83250000     -0.12001042
      5.83300000     -0.12058746
      5.83350000     -0.12116311
      5.83400000     -0.12173736
      5.83450000     -0.12231022
      5.83500000     -0.12288167
      5.83550000     -0.12345172
      5.83600000     -0.12402034
      5.83650000     -0.12458755
      5.83700000     -0.12515333
      5.83750000     -0.12571768
      5.83800000     -0.12628059
      5.83850000     -0.12684206
      5.83900000     -0.12740208
      5.83950000     -0.12796065
      5.84000000     -0.12851775
      5.84050000     -0.12907340
      5.84100000     -0.12962757
      5.84150000     -0.13018027
      5.84200000     -0.13073149
      5.84250000     -0.13128122
      5.84300000     -0.13182947
      5.84350000     -0.13237621
      5.84400000     -0.13292146
      5.84450000     -0.13346520
      5.84500000     -0.13400742
      5.84550000     -0.13454813
      5.84600000     -0.13508732
      5.84650000     -0.13562498
      5.84700000     -0.13616111
      5.84750000     -0.13669570
      5.84800000     -0.13722875
      5.84850000     -0.13776025
      5.84900000     -0.13829020
      5.84950000     -0.13881859
      5.85000000     -0.13934542
      5.85050000     -0.13987068
      5.85100000     -0.14039437
      5.85150000     -0.14091648
      5.85200000     -0.14143701
      5.85250000     -0.14195595
      5.85300000     -0.14247330
      5.85350000     -0.14298906
      5.85400000     -0.14350321
      5.85450000     -0.14401576
      5.85500000     -0.14452669
      5.85550000     -0.14503601
      5.85600000     -0.14554371
      5.85650000     -0.14604978
      5.85700000     -0.14655422
      5.85750000     -0.14705703
      5.85800000     -0.14755820
      5.85850000     -0.14805773
      5.85900000     -0.14855560
      5.85950000     -0.14905183
      5.86000000     -0.14954639
      5.86050000     -0.15003930
      5.86100000     -0.15053053
      5.86150000     -0.15102010
      5.86200000     -0.15150799
      5.86250000     -0.15199420
      5.86300000     -0.15247873
      5.86350000     -0.15296156
      5.86400000     -0.15344271
      5.86450000     -0.15392215
      5.86500000     -0.15439990
      5.86550000     -0.15487594
      5.86600000     -0.15535026
      5.86650000     -0.15582287
      5.86700000     -0.15629377
      5.86750000     -0.15676294
      5.86800000     -0.15723038
      5.86850000     -0.15769609
      5.86900000     -0.15816006
      5.86950000     -0.15862230
      5.87000000     -0.15908279
      5.87050000     -0.15954153
      5.87100000     -0.15999852
      5.87150000     -0.16045376
      5.87200000     -0.16090723
      5.87250000     -0.16135894
      5.87300000     -0.16180888
      5.87350000     -0.16225705
      5.87400000     -0.16270344
      5.87450000     -0.16314805
      5.87500000     -0.16359088
      5.87550000     -0.16403192
      5.87600000     -0.16447116
      5.87650000     -0.16490862
      5.87700000     -0.16534427
      5.87750000     -0.16577812
      5.87800000     -0.16621016
      5.87850000     -0.16664039
      5.87900000     -0.16706881
      5.87950000     -0.16749541
      5.88000000     -0.16792019
      5.88050000     -0.16834314
      5.88100000     -0.16876426
      5.88150000     -0.16918355
      5.88200000     -0.16960100
      5.88250000     -0.17001662
      5.88300000     -0.17043039
      5.88350000     -0.17084231
      5.88400000     -0.17125239
      5.88450000     -0.17166061
      5.88500000     -0.17206697
      5.88550000     -0.17247147
      5.88600000     -0.17287411
      5.88650000     -0.17327488
      5.88700000     -0.17367378
      5.88750000     -0.17407081
      5.88800000     -0.17446596
      5.88850000     -0.17485923
      5.88900000     -0.17525061
      5.88950000     -0.17564011
      5.89000000     -0.17602772
      5.89050000     -0.17641343
      5.89100000     -0.17679725
      5.89150000     -0.17717916
      5.89200000     -0.17755918
      5.89250000     -0.17793728
      5.89300000     -0.17831348
      5.89350000     -0.17868777
      5.89400000     -0.17906014
      5.89450000     -0.17943059
      5.89500000     -0.17979913
      5.89550000     -0.18016573
      5.89600000     -0.18053041
      5.89650000     -0.18089317
      5.89700000     -0.18125398
      5.89750000     -0.18161287
      5.89800000     -0.18196981
      5.89850000     -0.18232481
      5.89900000     -0.18267787
      5.89950000     -0.18302898
      5.90000000     -0.18337814
      5.90050000     -0.18372535
      5.90100000     -0.18407060
      5.90150000     -0.18441390
      5.90200000     -0.18475524
      5.90250000     -0.18509461
      5.90300000     -0.18543201
      5.90350000     -0.18576745
      5.90400000     -0.18610092
      5.90450000     -0.18643241
      5.90500000     -0.18676193
      5.90550000     -0.18708947
      5.90600000     -0.18741503
      5.90650000     -0.18773860
      5.90700000     -0.18806019
      5.90750000     -0.18837979
      5.90800000     -0.18869740
      5.90850000     -0.18901302
      5.90900000     -0.18932664
      5.90950000     -0.18963827
      5.91000000     -0.18994789
      5.91050000     -0.19025551
      5.91100000     -0.19056113
      5.91150000     -0.19086474
      5.91200000     -0.19116635
      5.91250000     -0.19146594
      5.91300000     -0.19176352
      5.91350000     -0.19205908
      5.91400000     -0.19235262
      5.91450000     -0.19264415
      5.91500000     -0.19293365
      5.91550000     -0.19322114
      5.91600000     -0.19350659
      5.91650000     -0.19379002
      5.91700000     -0.19407142
      5.91750000     -0.19435078
      5.91800000     -0.19462812
      5.91850000     -0.19490342
      5.91900000     -0.19517668
      5.91950000     -0.19544790
      5.92000000     -0.19571708
      5.92050000     -0.19598422
      5.92100000     -0.19624931
      5.92150000     -0.19651236
      5.92200000     -0.19677336
      5.92250000     -0.19703231
      5.92300000     -0.19728921
      5.92350000     -0.19754405
      5.92400000     -0.19779684
      5.92450000     -0.19804758
      5.92500000     -0.19829626
      5.92550000     -0.19854287
      5.92600000     -0.19878743
      5.92650000     -0.19902992
      5.92700000     -0.19927035
      5.92750000     -0.19950872
      5.92800000     -0.19974501
      5.92850000     -0.19997924
      5.92900000     -0.20021140
      5.92950000     -0.20044149
      5.93000000     -0.20066950
      5.93050000     -0.20089544
      5.93100000     -0.20111931
      5.93150000     -0.20134110
      5.93200000     -0.20156081
      5.93250000     -0.20177844
      5.93300000     -0.20199399
      5.93350000     -0.20220746
      5.93400000     -0.20241885
      5.93450000     -0.20262815
      5.93500000     -0.20283537
      5.93550000     -0.20304050
      5.93600000     -0.20324354
      5.93650000     -0.20344450
      5.93700000     -0.20364336
      5.93750000     -0.20384014
      5.93800000     -0.20403482
      5.93850000     -0.20422741
      5.93900000     -0.20441791
      5.93950000     -0.20460631
      5.94000000     -0.20479262
      5.94050000     -0.20497683
      5.94100000     -0.20515894
      5.94150000     -0.20533896
      5.94200000     -0.20551687
      5.94250000     -0.20569269
      5.94300000     -0.20586641
      5.94350000     -0.20603802
      5.94400000     -0.20620754
      5.94450000     -0.20637495
      5.94500000     -0.20654025
      5.94550000     -0.20670346
      5.94600000     -0.20686455
      5.94650000     -0.20702355
      5.94700000     -0.20718043
      5.94750000     -0.20733521
      5.94800000     -0.20748789
      5.94850000     -0.20763845
      5.94900000     -0.20778691
      5.94950000     -0.20793325
      5.95000000     -0.20807749
      5.95050000     -0.20821962
      5.95100000     -0.20835964
      5.95150000     -0.20849755
      5.95200000     -0.20863335
      5.95250000     -0.20876703
      5.95300000     -0.20889861
      5.95350000     -0.20902807
      5.95400000     -0.20915542
      5.95450000     -0.20928065
      5.95500000     -0.20940378
      5.95550000     -0.20952479
      5.95600000     -0.20964369
      5.95650000     -0.20976047
      5.95700000     -0.20987514
      5.95750000     -0.20998769
      5.95800000     -0.21009814
      5.95850000     -0.21020646
      5.95900000     -0.21031268
      5.95950000     -0.21041678
      5.96000000     -0.21051876
      5.96050000     -0.21061863
      5.96100000     -0.21071639
      5.96150000     -0.21081203
      5.96200000     -0.21090556
      5.96250000     -0.21099697
      5.96300000     -0.21108627
      5.96350000     -0.21117345
      5.96400000     -0.21125852
      5.96450000     -0.21134148
      5.96500000     -0.21142232
      5.96550000     -0.21150105
      5.96600000     -0.21157766
      5.96650000     -0.21165217
      5.96700000     -0.21172456
      5.96750000     -0.21179483
      5.96800000     -0.21186300
      5.96850000     -0.21192905
      5.96900000     -0.21199299
      5.96950000     -0.21205482
      5.97000000     -0.21211454
      5.97050000     -0.21217214
      5.97100000     -0.21222764
      5.97150000     -0.21228103
      5.97200000     -0.21233231
      5.97250000     -0.21238148
      5.97300000     -0.21242854
      5.97350000     -0.21247349
      5.97400000     -0.21251633
      5.97450000     -0.21255707
      5.97500000     -0.21259571
      5.97550000     -0.21263223
      5.97600000     -0.21266665
      5.97650000     -0.21269897
      5.97700000     -0.21272918
      5.97750000     -0.21275730
      5.97800000     -0.21278330
      5.97850000     -0.21280721
      5.97900000     -0.21282902
      5.97950000     -0.21284872
      5.98000000     -0.21286633
      5.98050000     -0.21288183
      5.98100000     -0.21289524
      5.98150000     -0.21290656
      5.98200000     -0.21291577
      5.98250000     -0.21292289
      5.98300000     -0.21292792
      5.98350000     -0.21293086
      5.98400000     -0.21293170
      5.98450000     -0.21293045
      5.98500000     -0.21292710
      5.98550000     -0.21292167
      5.98600000     -0.21291416
      5.98650000     -0.21290455
      5.98700000     -0.21289286
      5.98750000     -0.21287908
      5.98800000     -0.21286321
      5.98850000     -0.21284527
      5.98900000     -0.21282524
      5.98950000     -0.21280313
      5.99000000     -0.21277894
      5.99050000     -0.21275267
      5.99100000     -0.21272433
      5.99150000     -0.21269391
      5.99200000     -0.21266141
      5.99250000     -0.21262684
      5.99300000     -0.21259020
      5.99350000     -0.21255149
      5.99400000     -0.21251071
      5.99450000     -0.21246786
      5.99500000     -0.21242294
      5.99550000     -0.21237595
      5.99600000     -0.21232691
      5.99650000     -0.21227580
      5.99700000     -0.21222262
      5.99750000     -0.21216739
      5.99800000     -0.21211010
      5.99850000     -0.21205075
      5.99900000     -0.21198935
      5.99950000     -0.21192589
      6.00000000     -0.21186038
