            TIME          N21-U1          N21-U2          N21-U3          N11-U1          N11-U2          N11-U3
----------------------------------------------------------------------------------------------------------------
      0.02000000      0.00000000      0.00000000 +2.07758936E-06      0.00000000      0.00000000 +2.45400259E-05
      0.04000000 -1.41495770E-07      0.00000000 +1.19680778E-05 -1.70038386E-07      0.00000000      0.00014148
      0.06000000 -4.54792558E-07      0.00000000 +3.66728239E-05 -4.98926441E-07      0.00000000      0.00043409
      0.08000000 -1.01605477E-06      0.00000000 +8.31161119E-05 -1.12822035E-06 -2.07012159E-07      0.00098563
      0.10000000 -1.86675259E-06      0.00000000      0.00015798 -2.17200394E-06 -5.75528376E-07      0.00187776
      0.12000000 -2.99578771E-06 -1.35137864E-07      0.00026681 -3.78163809E-06 -1.56128215E-06      0.00318031
      0.14000000 -4.32277591E-06 -3.14547503E-07      0.00041451 -6.18403399E-06 -3.62558192E-06      0.00495754
      0.16000000 -5.74343855E-06 -6.46705207E-07      0.00060592 -9.68972183E-06 -7.43269417E-06      0.00727537
      0.18000000 -7.06341909E-06 -1.22625413E-06      0.00084518 -1.47472346E-05 -1.40562026E-05      0.01019379
      0.20000000 -8.00311629E-06 -2.17227498E-06      0.00113565 -2.19481664E-05 -2.48369781E-05      0.01376625
      0.22000000 -8.20709333E-06 -3.62292185E-06      0.00148068 -3.20542881E-05 -4.13233742E-05      0.01804966
      0.24000000 -7.17272485E-06 -5.76047138E-06      0.00188344 -4.60520556E-05 -6.55663057E-05      0.02310136
      0.26000000 -4.26498441E-06 -8.81429752E-06      0.00234610 -6.51137383E-05     -0.00010015      0.02897108
      0.28000000 +1.32562408E-06 -1.30433840E-05      0.00287054 -9.06415665E-05     -0.00014797      0.03570841
      0.30000000 +1.06222128E-05 -1.87446284E-05      0.00345856     -0.00012432     -0.00021238      0.04336624
      0.32000000 +2.48510559E-05 -2.62669109E-05      0.00411108     -0.00016806     -0.00029730      0.05199095
      0.34000000 +4.54877325E-05 -3.59990696E-05      0.00482821     -0.00022405     -0.00040713      0.06162422
      0.36000000 +7.42726857E-05 -4.83529768E-05      0.00561009     -0.00029478     -0.00054654      0.07231236
      0.38000000      0.00011323 -6.37655890E-05      0.00645629     -0.00038310     -0.00072050      0.08409976
      0.40000000      0.00016468 -8.27068009E-05      0.00736533     -0.00049209     -0.00093443      0.09702355
      0.42000000      0.00023126     -0.00010567      0.00833550     -0.00062522     -0.00119404      0.11112354
      0.44000000      0.00031598     -0.00013315      0.00936483     -0.00078634     -0.00150520      0.12644144
      0.46000000      0.00042220     -0.00016567      0.01045013     -0.00097957     -0.00187404      0.14301053
      0.48000000      0.00055360     -0.00020378      0.01158751     -0.00120932     -0.00230729      0.16086142
      0.50000000      0.00071437     -0.00024807      0.01277290     -0.00148045     -0.00281210      0.18002834
      0.52000000      0.00090905     -0.00029913      0.01400120     -0.00179806     -0.00339588      0.20053976
      0.54000000      0.00114253     -0.00035762      0.01526631     -0.00216747     -0.00406682      0.22241831
      0.56000000      0.00142027     -0.00042427      0.01656203     -0.00259444     -0.00483427      0.24569193
      0.58000000      0.00174824     -0.00049989      0.01788176     -0.00308511     -0.00570833      0.27039017
      0.60000000      0.00213289     -0.00058531      0.01921799     -0.00364586     -0.00669984      0.29653815
      0.62000000      0.00258132     -0.00068152      0.02056307     -0.00428350     -0.00782145      0.32416625
      0.64000000      0.00310142     -0.00078965      0.02190949     -0.00500547     -0.00908751      0.35331277
      0.66000000      0.00370178     -0.00091088      0.02324902     -0.00581960     -0.01051326      0.38401417
      0.68000000      0.00439174     -0.00104653      0.02457289     -0.00673413     -0.01211569      0.41630778
      0.70000000      0.00518166     -0.00119813      0.02587246     -0.00775813     -0.01391450      0.45023913
      0.72000000      0.00608282     -0.00136731      0.02713844     -0.00890131     -0.01593069      0.48585341
      0.74000000      0.00710722     -0.00155577      0.02836046     -0.01017367     -0.01818643      0.52319045
      0.76000000      0.00826798     -0.00176542      0.02952781     -0.01158606     -0.02070673      0.56229360
      0.78000000      0.00957932     -0.00199833      0.03062926     -0.01315017     -0.02351875      0.60320705
      0.80000000      0.01105621     -0.00225659      0.03165220     -0.01487786     -0.02665036      0.64596647
      0.82000000      0.01271469     -0.00254243      0.03258322     -0.01678161     -0.03013162      0.69060529
      0.84000000      0.01457217     -0.00285829      0.03340853     -0.01887477     -0.03399558      0.73715933
      0.86000000      0.01664704     -0.00320667      0.03411316     -0.02117099     -0.03827650      0.78565782
      0.88000000      0.01895874     -0.00359015      0.03468108     -0.02368416     -0.04301005      0.83612426
      0.90000000      0.02152836     -0.00401150      0.03509597     -0.02642906     -0.04823532      0.88858507
      0.92000000      0.02437840     -0.00447367      0.03534091     -0.02942107     -0.05399380      0.94306517
      0.94000000      0.02753261     -0.00497962      0.03539794     -0.03267564     -0.06032778      0.99958259
      0.96000000      0.03101644     -0.00553242      0.03524880     -0.03620890     -0.06728223      1.05815586
      0.98000000      0.03485732     -0.00613536      0.03487524     -0.04003789     -0.07490509      1.11880561
      1.00000000      0.03908420     -0.00679161      0.03425828     -0.04417972     -0.08324452      1.18154558
      1.02000000      0.04372516     -0.00750403      0.03337423     -0.04864739     -0.09234346      1.24633677
      1.04000000      0.04880357     -0.00827454      0.03219209     -0.05344474     -0.10223093      1.31305743
      1.06000000      0.05433963     -0.00910402      0.03067792     -0.05857017     -0.11292055      1.38155178
      1.08000000      0.06035354     -0.00999296      0.02879747     -0.06402065     -0.12442091      1.45165853
      1.10000000      0.06686363     -0.01094222      0.02651702     -0.06979020     -0.13674407      1.52322085
      1.12000000      0.07388963     -0.01195249      0.02380542     -0.07587302     -0.14989926      1.59610305
      1.14000000      0.08145338     -0.01302359      0.02063293     -0.08226206     -0.16388535      1.67017538
      1.16000000      0.08957538     -0.01415536      0.01697024     -0.08894495     -0.17869974      1.74530610
      1.18000000      0.09827960     -0.01534800      0.01279013     -0.09590856     -0.19434467      1.82137361
      1.20000000      0.10759154     -0.01660113      0.00806722     -0.10313823     -0.21081480      1.89826448
      1.22000000      0.11753494     -0.01791365      0.00277644     -0.11061545     -0.22809507      1.97586052
      1.24000000      0.12813509     -0.01928462     -0.00310629     -0.11832184     -0.24617562      2.05404383
      1.26000000      0.13941624     -0.02071317     -0.00960343     -0.12623873     -0.26504853      2.13270597
      1.28000000      0.15140266     -0.02219744     -0.01673633     -0.13434687     -0.28469692      2.21173966
      1.30000000      0.16411979     -0.02373524     -0.02452537     -0.14262637     -0.30510465      2.29103655
      1.32000000      0.17759351     -0.02532459     -0.03298913     -0.15105571     -0.32626345      2.37049739
      1.34000000      0.19185378     -0.02696289     -0.04214383     -0.15961398     -0.34816353      2.45002911
      1.36000000      0.20693176     -0.02864679     -0.05200442     -0.16827812     -0.37079234      2.52953832
      1.38000000      0.22285956     -0.03037267     -0.06258413     -0.17702398     -0.39414321      2.60893685
      1.40000000      0.23967343     -0.03213595     -0.07389370     -0.18583032     -0.41821022      2.68814428
      1.42000000      0.25740907     -0.03393078     -0.08594251     -0.19467524     -0.44298186      2.76708242
      1.44000000      0.27610305     -0.03575017     -0.09873846     -0.20353804     -0.46844929      2.84567495
      1.46000000      0.29579502     -0.03758544     -0.11228672     -0.21240142     -0.49460221      2.92385361
      1.48000000      0.31652465     -0.03942568     -0.12659032     -0.22124832     -0.52141995      3.00155628
      1.50000000      0.33833500     -0.04125822     -0.14164986     -0.23006290     -0.54888325      3.07872143
      1.52000000      0.36127195     -0.04306856     -0.15746291     -0.23883006     -0.57697583      3.15529325
      1.54000000      0.38538329     -0.04483928     -0.17402364     -0.24753501     -0.60566916      3.23122278
      1.56000000      0.41072051     -0.04655040     -0.19132290     -0.25616490     -0.63493153      3.30646202
      1.58000000      0.43733481     -0.04818040     -0.20934897     -0.26470731     -0.66474215      3.38096459
      1.60000000      0.46527856     -0.04970481     -0.22808663     -0.27315182     -0.69507491      3.45468618
      1.62000000      0.49460555     -0.05109582     -0.24751698     -0.28148999     -0.72589236      3.52758297
      1.64000000      0.52536826     -0.05232390     -0.26761808     -0.28971304     -0.75716508      3.59961119
      1.66000000      0.55762021     -0.05335736     -0.28836386     -0.29781378     -0.78886611      3.67072406
      1.68000000      0.59141382     -0.05416169     -0.30972397     -0.30578424     -0.82095515      3.74087263
      1.70000000      0.62680016     -0.05470086     -0.33166320     -0.31361523     -0.85339117      3.81000857
      1.72000000      0.66383060     -0.05493791     -0.35414010     -0.32129942     -0.88613665      3.87808259
      1.74000000      0.70255137     -0.05483505     -0.37710771     -0.32882837     -0.91914443      3.94504418
      1.76000000      0.74300407     -0.05435483     -0.40051221     -0.33619408     -0.95236526      4.01084284
      1.78000000      0.78522698     -0.05346163     -0.42429079     -0.34339136     -0.98575500      4.07543157
      1.80000000      0.82924907     -0.05212299     -0.44837125     -0.35041518     -1.01926247      4.13876900
      1.82000000      0.87509007     -0.05031175     -0.47267037     -0.35726195     -1.05283366      4.20081512
      1.84000000      0.92275820     -0.04800970     -0.49709294     -0.36392941     -1.08642504      4.26153346
      1.86000000      0.97224481     -0.04521086     -0.52153058     -0.37041663     -1.11999184      4.32089778
      1.88000000      1.02352231     -0.04192514     -0.54586035     -0.37672574     -1.15348189      4.37888797
      1.90000000      1.07653639     -0.03818465     -0.56994755     -0.38285893     -1.18685171      4.43548610
      1.92000000      1.13120277     -0.03404884     -0.59364674     -0.38881981     -1.22006395      4.49068094
      1.94000000      1.18740487     -0.02960892     -0.61680353     -0.39461518     -1.25307465      4.54446858
      1.96000000      1.24498596     -0.02499256     -0.63926216     -0.40025006     -1.28584194      4.59684694
      1.98000000      1.30375211     -0.02036468     -0.66087159     -0.40572910     -1.31833001      4.64781548
      2.00000000      1.36347645     -0.01592497     -0.68149311     -0.41105736     -1.35050114      4.69737877
      2.02000000      1.42390397     -0.01190249     -0.70100753     -0.41624009     -1.38232820      4.74556068
      2.04000000      1.48476936     -0.00854280     -0.71931876     -0.42128959     -1.41380803      4.79241267
      2.06000000      1.54580705     -0.00608922     -0.73636565     -0.42621901     -1.44494838      4.83799711
      2.08000000      1.60675908     -0.00476608     -0.75212970     -0.43103557     -1.47576021      4.88237577
      2.10000000      1.66739479     -0.00476192     -0.76662874     -0.43574584     -1.50626135      4.92560671
      2.12000000      1.72751853     -0.00621225     -0.77991533     -0.44035218     -1.53647002      4.96774514
      2.14000000      1.78697290     -0.00919454     -0.79207146     -0.44485176     -1.56640425      5.00884195
      2.16000000      1.84564399     -0.01373347     -0.80319477     -0.44924206     -1.59609047      5.04894172
      2.18000000      1.90345152     -0.01980543     -0.81339294     -0.45351826     -1.62555983      5.08808881
      2.20000000      1.96034255     -0.02734664     -0.82277513     -0.45767546     -1.65483994      5.12632696
      2.22000000      2.01628619     -0.03626892     -0.83144434     -0.46171138     -1.68395855      5.16369815
      2.24000000      2.07126120     -0.04647215     -0.83949849     -0.46562303     -1.71294936      5.20024247
      2.26000000      2.12525418     -0.05784833     -0.84702439     -0.46941044     -1.74184755      5.23599636
      2.28000000      2.17825384     -0.07028666     -0.85409710     -0.47307733     -1.77068535      5.27099601
      2.30000000      2.23024597     -0.08367923     -0.86078314     -0.47662925     -1.79949473      5.30527768
      2.32000000      2.28121680     -0.09792299     -0.86713774     -0.48007710     -1.82830746      5.33887211
      2.34000000      2.33114713     -0.11291847     -0.87320902     -0.48343400     -1.85715451      5.37180358
      2.36000000      2.38001271     -0.12856917     -0.87903780     -0.48671520     -1.88606645      5.40409401
      2.38000000      2.42778939     -0.14478556     -0.88465576     -0.48994270     -1.91506939      5.43576358
      2.40000000      2.47444924     -0.16148375     -0.89009242     -0.49313936     -1.94418324      5.46682704
      2.42000000      2.51996375     -0.17858113     -0.89537457     -0.49632896     -1.97342510      5.49729083
      2.44000000      2.56430822     -0.19599819     -0.90052463     -0.49953927     -2.00280875      5.52715508
      2.46000000      2.60745967     -0.21365692     -0.90556474     -0.50279739     -2.03233931      5.55641619
      2.48000000      2.64939979     -0.23147795     -0.91051483     -0.50613013     -2.06201090      5.58506364
      2.50000000      2.69011572     -0.24938152     -0.91539298     -0.50956247     -2.09180934      5.61307740
      2.52000000      2.72959776     -0.26728660     -0.92021833     -0.51311401     -2.12171250      5.64042672
      2.54000000      2.76784098     -0.28510921     -0.92500679     -0.51680004     -2.15168517      5.66707215
      2.56000000      2.80484234     -0.30276750     -0.92977232     -0.52062775     -2.18167811      5.69296970
      2.58000000      2.84060014     -0.32018245     -0.93452811     -0.52459431     -2.21163137      5.71806896
      2.60000000      2.87511574     -0.33727260     -0.93928346     -0.52868748     -2.24147583      5.74231450
      2.62000000      2.90838876     -0.35395920     -0.94404721     -0.53288240     -2.27113590      5.76565124
      2.64000000      2.94041945     -0.37017132     -0.94882456     -0.53714489     -2.30053215      5.78803057
      2.66000000      2.97121017     -0.38584105     -0.95361496     -0.54143443     -2.32958330      5.80941548
      2.68000000      3.00076064     -0.40090134     -0.95841663     -0.54570380     -2.35821304      5.82978031
      2.70000000      3.02907005     -0.41529134     -0.96322265     -0.54990635     -2.38635755      5.84911047
      2.72000000      3.05613548     -0.42895902     -0.96802145     -0.55400042     -2.41396438      5.86740564
      2.74000000      3.08194902     -0.44185606     -0.97279902     -0.55795023     -2.44098855      5.88468285
      2.76000000      3.10650080     -0.45393593     -0.97753636     -0.56173085     -2.46739727      5.90096692
      2.78000000      3.12977594     -0.46515675     -0.98221321     -0.56532643     -2.49317211      5.91628566
      2.80000000      3.15175349     -0.47548245     -0.98680826     -0.56872947     -2.51830024      5.93067305
      2.82000000      3.17241046     -0.48488055     -0.99129661     -0.57194232     -2.54276921      5.94416412
      2.84000000      3.19172002     -0.49331960     -0.99565376     -0.57497104     -2.56656668      5.95679354
      2.86000000      3.20965274     -0.50077011     -0.99985475     -0.57782434     -2.58967854      5.96859270
      2.88000000      3.22617880     -0.50720724     -1.00387313     -0.58051201     -2.61208692      5.97958928
      2.90000000      3.24126680     -0.51261070     -1.00768327     -0.58304131     -2.63376890      5.98981401
      2.92000000      3.25488668     -0.51696317     -1.01125672     -0.58541893     -2.65469698      5.99929874
      2.94000000      3.26700872     -0.52025132     -1.01456443     -0.58764818     -2.67484143      6.00807688
      2.96000000      3.27760301     -0.52246690     -1.01757775     -0.58972931     -2.69417234      6.01618451
      2.98000000      3.28664174     -0.52360661     -1.02026449     -0.59166305     -2.71266070      6.02365831
      3.00000000      3.29409596     -0.52367334     -1.02259282     -0.59344947     -2.73027785      6.03053856
      3.02000000      3.29993757     -0.52267572     -1.02452889     -0.59509028     -2.74699657      6.03686596
      3.04000000      3.30413995     -0.52062805     -1.02603658     -0.59658855     -2.76279557      6.04267635
      3.06000000      3.30667495     -0.51755176     -1.02708188     -0.59794620     -2.77765871      6.04800108
      3.08000000      3.30751684     -0.51347561     -1.02762712     -0.59916826     -2.79157104      6.05286964
      3.10000000      3.30664129     -0.50843667     -1.02763414     -0.60026030     -2.80452245      6.05730675
      3.12000000      3.30402379     -0.50248040     -1.02706785     -0.60122444     -2.81650944      6.06132784
      3.14000000      3.29964285     -0.49566107     -1.02589171     -0.60206368     -2.82753039      6.06494328
      3.16000000      3.29347844     -0.48804298     -1.02407114     -0.60277905     -2.83758757      6.06816149
      3.18000000      3.28551271     -0.47970018     -1.02157385     -0.60336840     -2.84668976      6.07098681
      3.20000000      3.27573146     -0.47071655     -1.01836834     -0.60382966     -2.85484661      6.07342152
      3.22000000      3.26412157     -0.46118590     -1.01442768     -0.60415771     -2.86206872      6.07546597
      3.24000000      3.25067251     -0.45121215     -1.00972852     -0.60434612     -2.86836929      6.07711632
      3.26000000      3.23537811     -0.44090818     -1.00424857     -0.60438970     -2.87375890      6.07837218
      3.28000000      3.21823534     -0.43039443     -0.99796926     -0.60428217     -2.87824649      6.07923470
      3.30000000      3.19924532     -0.41979835     -0.99087585     -0.60401556     -2.88184210      6.07969889
      3.32000000      3.17841385     -0.40925287     -0.98295631     -0.60358121     -2.88455044      6.07976252
      3.34000000      3.15575292     -0.39889298     -0.97420022     -0.60297060     -2.88637022      6.07942744
      3.36000000      3.13128151     -0.38885322     -0.96459874     -0.60217344     -2.88730040      6.07869317
      3.38000000      3.10502474     -0.37926572     -0.95414573     -0.60117748     -2.88733799      6.07755942
      3.40000000      3.07701641     -0.37025554     -0.94283411     -0.59997031     -2.88647436      6.07602678
      3.42000000      3.04729797     -0.36193733     -0.93065746     -0.59853762     -2.88469909      6.07409379
      3.44000000      3.01591814     -0.35441345     -0.91760994     -0.59686416     -2.88200132      6.07175559
      3.46000000      2.98293433     -0.34777045     -0.90368269     -0.59493652     -2.87837025      6.06900287
      3.48000000      2.94840934     -0.34207687     -0.88886779     -0.59274067     -2.87379904      6.06581718
      3.50000000      2.91241102     -0.33738304     -0.87315688     -0.59026387     -2.86828268      6.06217109
      3.52000000      2.87501176     -0.33372138     -0.85653965     -0.58749913     -2.86181588      6.05803082
      3.54000000      2.83628490     -0.33110692     -0.83900753     -0.58444163     -2.85439632      6.05335234
      3.56000000      2.79630448     -0.32954041     -0.82055311     -0.58109005     -2.84602477      6.04808314
      3.58000000      2.75514552     -0.32901118     -0.80116870     -0.57744859     -2.83670263      6.04216790
      3.60000000      2.71288224     -0.32949862     -0.78084797     -0.57352436     -2.82643083      6.03555214
      3.62000000      2.66958875     -0.33097575     -0.75958601     -0.56932792     -2.81521011      6.02818182
      3.64000000      2.62533952     -0.33341183     -0.73738002     -0.56486985     -2.80304230      6.02000353
      3.66000000      2.58020881     -0.33677405     -0.71423019     -0.56015963     -2.78992902      6.01097163
      3.68000000      2.53427452     -0.34102901     -0.69013649     -0.55520727     -2.77587275      6.00104915
      3.70000000      2.48761651     -0.34614266     -0.66510242     -0.55001785     -2.76088110      5.99020426
      3.72000000      2.44031631     -0.35208003     -0.63913586     -0.54459164     -2.74496615      5.97841290
      3.74000000      2.39246012     -0.35880582     -0.61224570     -0.53892608     -2.72814251      5.96565731
      3.76000000      2.34413392     -0.36628388     -0.58444706     -0.53301289     -2.71042844      5.95192524
      3.78000000      2.29542472     -0.37447553     -0.55575920     -0.52684069     -2.69184375      5.93720974
      3.80000000      2.24642025     -0.38333959     -0.52620391     -0.52039849     -2.67240865      5.92150761
      3.82000000      2.19720333     -0.39283207     -0.49580942     -0.51367370     -2.65214454      5.90481773
      3.84000000      2.14785322     -0.40290585     -0.46460757     -0.50665553     -2.63106905      5.88713865
      3.86000000      2.09844397     -0.41351114     -0.43263263     -0.49933870     -2.60919270      5.86847302
      3.88000000      2.04904120     -0.42459615     -0.39992304     -0.49172100     -2.58652468      5.84882091
      3.90000000      1.99970217     -0.43610784     -0.36652061     -0.48380373     -2.56307389      5.82817417
      3.92000000      1.95047499     -0.44799252     -0.33246934     -0.47559325     -2.53884253      5.80652326
      3.94000000      1.90139866     -0.46019694     -0.29781485     -0.46710106     -2.51383112      5.78385270
      3.96000000      1.85250285     -0.47266941     -0.26260489     -0.45834035     -2.48804497      5.76013733
      3.98000000      1.80380896     -0.48536037     -0.22688854     -0.44932556     -2.46148849      5.73534742
      4.00000000      1.75533314     -0.49822319     -0.19071437     -0.44007280     -2.43416357      5.70944908
      4.02000000      1.70708587     -0.51121456     -0.15413115     -0.43059608     -2.40607305      5.68240650
      4.04000000      1.65907519     -0.52429473     -0.11718550     -0.42090929     -2.37721858      5.65418719
      4.06000000      1.61130982     -0.53742757     -0.07991997     -0.41102601     -2.34759967      5.62476347
      4.08000000      1.56379748     -0.55058065     -0.04237482     -0.40095611     -2.31721461      5.59411308
      4.10000000      1.51654931     -0.56372489     -0.00458446     -0.39070937     -2.28605683      5.56222216
      4.12000000      1.46957941     -0.57683425      0.03342268     -0.38029588     -2.25411621      5.52908555
      4.14000000      1.42290280     -0.58988574      0.07162245     -0.36972354     -2.22138677      5.49470138
      4.16000000      1.37653760     -0.60285937      0.10999668     -0.35900137     -2.18786733      5.45906830
      4.18000000      1.33050103     -0.61573804      0.14853117     -0.34813958     -2.15355869      5.42218528
      4.20000000      1.28480863     -0.62850790      0.18721444     -0.33714922     -2.11846851      5.38404482
      4.22000000      1.23947335     -0.64115874      0.22603700     -0.32604328     -2.08261356      5.34462974
      4.24000000      1.19450404     -0.65368396      0.26499008     -0.31483648     -2.04601443      5.30391696
      4.26000000      1.14990736     -0.66608076      0.30406608     -0.30354697     -2.00869558      5.26187611
      4.28000000      1.10568762     -0.67835042      0.34325810     -0.29219626     -1.97068724      5.21847403
      4.30000000      1.06184869     -0.69049815      0.38256007     -0.28080971     -1.93202182      5.17368019
      4.32000000      1.01839783     -0.70253284      0.42196754     -0.26941651     -1.89273316      5.12746648
      4.34000000      0.97534540     -0.71446668      0.46147685     -0.25804678     -1.85285942      5.07981156
      4.36000000      0.93270840     -0.72631450      0.50108643     -0.24673272     -1.81244236      5.03070335
      4.38000000      0.89051268     -0.73809285      0.54079737     -0.23550746     -1.77152715      4.98014027
      4.40000000      0.84879054     -0.74981967      0.58061123     -0.22440125     -1.73016867      4.92812852
      4.42000000      0.80758373     -0.76151339      0.62053067     -0.21344199     -1.68843022      4.87467795
      4.44000000      0.76694006     -0.77319156      0.66055821     -0.20265552     -1.64637391      4.81980460
      4.46000000      0.72691151     -0.78487008      0.70069470     -0.19206396     -1.60406085      4.76352412
      4.48000000      0.68755439     -0.79656248      0.74093921     -0.18168660     -1.56155462      4.70584746
      4.50000000      0.64892559     -0.80827889      0.78128861     -0.17154159     -1.51891395      4.64678695
      4.52000000      0.61108284     -0.82002535      0.82173815     -0.16164769     -1.47618887      4.58635558
      4.54000000      0.57408265     -0.83180409      0.86228094     -0.15202306     -1.43342723      4.52456303
      4.56000000      0.53797906     -0.84361329      0.90290888     -0.14268474     -1.39067495      4.46141948
      4.58000000      0.50282562     -0.85544721      0.94361544     -0.13365259     -1.34797472      4.39694281
      4.60000000      0.46867347     -0.86729729      0.98439598     -0.12494616     -1.30537636      4.33115631
      4.62000000      0.43557055     -0.87915305      1.02524877     -0.11658338     -1.26293856      4.26408776
      4.64000000      0.40356323     -0.89100209      1.06617751     -0.10858378     -1.22071980      4.19577444
      4.66000000      0.37269301     -0.90283140      1.10719086     -0.10096493     -1.17878358      4.12625462
      4.68000000      0.34299522     -0.91462862      1.14830285     -0.09374327     -1.13719903      4.05556358
      4.70000000      0.31450014     -0.92638215      1.18953488     -0.08693828     -1.09602779      3.98374167
      4.72000000      0.28722942     -0.93808259      1.23091400     -0.08057095     -1.05532629      3.91082442
      4.74000000      0.26119499     -0.94972399      1.27247168     -0.07466424     -1.01514889      3.83683500
      4.76000000      0.23640032     -0.96130347      1.31424451     -0.06924711     -0.97553795      3.76179682
      4.78000000      0.21284047     -0.97282181      1.35627332     -0.06435502     -0.93652769      3.68573746
      4.80000000      0.19050188     -0.98428450      1.39860118     -0.06002904     -0.89815834      3.60868244
      4.82000000      0.16936306     -0.99570107      1.44127214     -0.05631579     -0.86047311      3.53066001
      4.84000000      0.14939839     -1.00708364      1.48433124     -0.05326726     -0.82351177      3.45171171
      4.86000000      0.13057897     -1.01844644      1.52782288     -0.05093829     -0.78732075      3.37188904
      4.88000000      0.11287333     -1.02980452      1.57178959     -0.04938361     -0.75195704      3.29124943
      4.90000000      0.09624901     -1.04117144      1.61627211     -0.04865799     -0.71747613      3.20986187
      4.92000000      0.08067297     -1.05255742      1.66130916     -0.04881359     -0.68392808      3.12780531
      4.94000000      0.06611115     -1.06396881      1.70693680     -0.04989781     -0.65136092      3.04516055
      4.96000000      0.05252917     -1.07540688      1.75318917     -0.05195292     -0.61981469      2.96200934
      4.98000000      0.03989282     -1.08686706      1.80009956     -0.05501432     -0.58931650      2.87843946
      5.00000000      0.02816853     -1.09833987      1.84770119     -0.05911012     -0.55988841      2.79454318
      5.02000000      0.01732381     -1.10981187      1.89602778     -0.06426040     -0.53155220      2.71041374
      5.04000000      0.00732698     -1.12126600      1.94511442     -0.07047679     -0.50432299      2.62614977
      5.06000000     -0.00185012     -1.13268275      1.99499788     -0.07776292     -0.47821293      2.54185532
      5.08000000     -0.01023406     -1.14404160      2.04571574     -0.08611499     -0.45323886      2.45763255
      5.10000000     -0.01784985     -1.15532113      2.09730608     -0.09552361     -0.42941414      2.37358364
      5.12000000     -0.02472003     -1.16649926      2.14980688     -0.10597602     -0.40674410      2.28981163
      5.14000000     -0.03086628     -1.17755410      2.20325396     -0.11745695     -0.38523043      2.20640831
      5.16000000     -0.03630783     -1.18846337      2.25767976     -0.12995117     -0.36486322      2.12345085
      5.18000000     -0.04106097     -1.19920323      2.31311269     -0.14344423     -0.34561290      2.04100870
      5.20000000     -0.04513840     -1.20974864      2.36957604     -0.15792095     -0.32743994      1.95914316
      5.22000000     -0.04854666     -1.22007359      2.42708674     -0.17336532     -0.31030353      1.87790842
      5.24000000     -0.05128503     -1.23015032      2.48565509     -0.18975717     -0.29415563      1.79736050
      5.26000000     -0.05334468     -1.23994923      2.54528392     -0.20706902     -0.27894063      1.71756058
      5.28000000     -0.05470630     -1.24944015      2.60596725     -0.22526422     -0.26461154      1.63857301
      5.30000000     -0.05534142     -1.25859291      2.66768994     -0.24429353     -0.25113336      1.56047016
      5.32000000     -0.05521333     -1.26737718      2.73042797     -0.26409426     -0.23847072      1.48333828
      5.34000000     -0.05427823     -1.27576426      2.79414776     -0.28459169     -0.22659438      1.40726805
      5.36000000     -0.05248772     -1.28372887      2.85880580     -0.30570271     -0.21548787      1.33234332
      5.38000000     -0.04978958     -1.29124921      2.92434992     -0.32733969     -0.20513128      1.25864156
      5.40000000     -0.04613137     -1.29830735      2.99072056     -0.34941421     -0.19549423      1.18623162
      5.42000000     -0.04146128     -1.30489088      3.05785153     -0.37184163     -0.18654729      1.11516742
      5.44000000     -0.03572857     -1.31099284      3.12567104     -0.39454386     -0.17826148      1.04548824
      5.46000000     -0.02888519     -1.31661008      3.19410317     -0.41744935     -0.17059273      0.97722433
      5.48000000     -0.02088469     -1.32174265      3.26306847     -0.44049449     -0.16348658      0.91039750
      5.50000000     -0.01168200     -1.32639397      3.33248381     -0.46362412     -0.15689574      0.84501980
      5.52000000     -0.00123129     -1.33056958      3.40226276     -0.48679001     -0.15077020      0.78109759
      5.54000000      0.01051463     -1.33427618      3.47231593     -0.50995171     -0.14504727      0.71863267
      5.56000000      0.02360409     -1.33752322      3.54255088     -0.53307745     -0.13966845      0.65761879
      5.58000000      0.03808676     -1.34032459      3.61287235     -0.55614624     -0.13458206      0.59803806
      5.60000000      0.05401198     -1.34270007      3.68318300     -0.57915080     -0.12972777      0.53985432
      5.62000000      0.07142549     -1.34467877      3.75338479     -0.60210060     -0.12504099      0.48301013
      5.64000000      0.09036651     -1.34630370      3.82338008     -0.62502306     -0.12047103      0.42742924
      5.66000000      0.11086577     -1.34763472      3.89307225     -0.64796219     -0.11598134      0.37301891
      5.68000000      0.13294450     -1.34874966      3.96236587     -0.67097658     -0.11154006      0.31967599
      5.70000000      0.15661399     -1.34974554      4.03116586     -0.69413420     -0.10713343      0.26729146
      5.72000000      0.18187510     -1.35073707      4.09937550     -0.71750615     -0.10277811      0.21575581
      5.74000000      0.20871834     -1.35185163      4.16689510     -0.74115766     -0.09850953      0.16497266
      5.76000000      0.23712132     -1.35322316      4.23362137     -0.76514000     -0.09438006      0.11486550
      5.78000000      0.26704979     -1.35498582      4.29944518     -0.78948912     -0.09046417      0.06537464
      5.80000000      0.29845835     -1.35726637      4.36425100     -0.81422546     -0.08684552      0.01645370
      5.82000000      0.33128719     -1.36017692      4.42791884     -0.83935630     -0.08360323     -0.03193348
      5.84000000      0.36546248     -1.36381028      4.49032585     -0.86488203     -0.08081320     -0.07981611
      5.86000000      0.40089320     -1.36823542      4.55134890     -0.89080120     -0.07855234     -0.12722447
      5.88000000      0.43747083     -1.37349167      4.61086519     -0.91711578     -0.07688900     -0.17419845
      5.90000000      0.47507022     -1.37958232      4.66875187     -0.94383285     -0.07587652     -0.22078783
      5.92000000      0.51354509     -1.38646745      4.72488613     -0.97095749     -0.07556658     -0.26704635
      5.94000000      0.55272886     -1.39405449      4.77914162     -0.99848473     -0.07601274     -0.31302181
      5.96000000      0.59242996     -1.40218592      4.83138614     -1.02639046     -0.07725860     -0.35874753
      5.98000000      0.63242314     -1.41062602      4.88147955     -1.05462044     -0.07933730     -0.40423653
      6.00000000      0.67244183     -1.41904612      4.92927092     -1.08308394     -0.08227668     -0.44947157
      6.02000000      0.71216557     -1.42701491      4.97460287     -1.11164840     -0.08609004     -0.49439814
      6.04000000      0.75121598     -1.43400440      5.01732073     -1.14014215     -0.09076452     -0.53892602
      6.06000000      0.78917176     -1.43941828      5.05728710     -1.16836566     -0.09627038     -0.58293480
      6.08000000      0.82560340     -1.44264493      5.09440681     -1.19610468     -0.10256699     -0.62628479
      6.10000000      0.86013382     -1.44313421      5.12865670     -1.22315336     -0.10959070     -0.66883096
      6.12000000      0.89251226     -1.44048631      5.16011522     -1.24933860     -0.11726110     -0.71043568
      6.14000000      0.92265892     -1.43450244      5.18897537     -1.27454256     -0.12549735     -0.75098951
      6.16000000      0.95066783     -1.42517930      5.21552584     -1.29872676     -0.13421993     -0.79043930
      6.18000000      0.97676238     -1.41266935      5.24011010     -1.32194126     -0.14335488     -0.82879987
      6.20000000      1.00120373     -1.39720617      5.26306063     -1.34431545     -0.15284927     -0.86614888
      6.22000000      1.02420449     -1.37902952      5.28462260     -1.36604060     -0.16268428     -0.90262329
      6.24000000      1.04587622     -1.35835029      5.30491336     -1.38734216     -0.17286810     -0.93840794
      6.26000000      1.06621248     -1.33533968      5.32392143     -1.40844520     -0.18342650     -0.97370970
      6.28000000      1.08512559     -1.31014411      5.34154076     -1.42955029     -0.19440806     -1.00873622
      6.30000000      1.10251893     -1.28292375      5.35763809     -1.45082332     -0.20587402     -1.04368835
      6.32000000      1.11835369     -1.25387385      5.37211272     -1.47239650     -0.21787958     -1.07875615
      6.34000000      1.13270351     -1.22322918      5.38493716     -1.49437808     -0.23047639     -1.11411442
      6.36000000      1.14577280     -1.19124703      5.39617482     -1.51685763     -0.24371525     -1.14992295
      6.38000000      1.15785550     -1.15814942      5.40595291     -1.53990881     -0.25763760     -1.18632470
      6.40000000      1.16927782     -1.12407352      5.41441738     -1.56358869     -0.27227847     -1.22344314
      6.42000000      1.18033375     -1.08903864      5.42168258     -1.58792406     -0.28768181     -1.26138011
      6.44000000      1.19122144     -1.05292115      5.42777798     -1.61290018     -0.30390015     -1.30019537
      6.46000000      1.20203389     -1.01548988      5.43264190     -1.63845217     -0.32097162     -1.33987794
      6.48000000      1.21277909     -0.97647411      5.43615242     -1.66445677     -0.33890409     -1.38032628
      6.50000000      1.22342759     -0.93564377      5.43817313     -1.69074436     -0.35766910     -1.42134060
      6.52000000      1.23399376     -0.89291574      5.43863733     -1.71712594     -0.37718686     -1.46264302
      6.54000000      1.24459438     -0.84842296      5.43762556     -1.74342513     -0.39732573     -1.50390832
      6.56000000      1.25548413     -0.80253233      5.43540067     -1.76951145     -0.41792651     -1.54479157
      6.58000000      1.26704457     -0.75582047      5.43241048     -1.79531669     -0.43882368     -1.58497911
      6.60000000      1.27971476     -0.70900253      5.42922428     -1.82083481     -0.45986763     -1.62423979
      6.62000000      1.29391431     -0.66285378      5.42643045     -1.84611066     -0.48095727     -1.66244782
      6.64000000      1.30997278     -0.61812913      5.42456465     -1.87121904     -0.50206080     -1.69959703
      6.66000000      1.32810425     -0.57548558      5.42405945     -1.89625877     -0.52321032     -1.73580501
      6.68000000      1.34842204     -0.53544498      5.42521958     -1.92135106     -0.54448381     -1.77129703
      6.70000000      1.37093992     -0.49839703      5.42822883     -1.94660989     -0.56598201     -1.80635701
      6.72000000      1.39558308     -0.46461610      5.43315048     -1.97211524     -0.58777566     -1.84124164
      6.74000000      1.42221228     -0.43427059      5.43993393     -1.99790582     -0.60983924     -1.87611235
      6.76000000      1.45062784     -0.40741669      5.44842450     -2.02396265     -0.63204069     -1.91100591
      6.78000000      1.48056054     -0.38398488      5.45836030     -2.05019621     -0.65418232     -1.94583117
      6.80000000      1.51166206     -0.36376701      5.46939468     -2.07646082     -0.67603822     -1.98042619
      6.82000000      1.54350322     -0.34640163      5.48112219     -2.10258375     -0.69740267     -2.01464744
      6.84000000      1.57559264     -0.33138666      5.49309182     -2.12838983     -0.71815637     -2.04842444
      6.86000000      1.60743177     -0.31815811      5.50486303     -2.15371596     -0.73828617     -2.08177757
      6.88000000      1.63860588     -0.30619178      5.51607640     -2.17842304     -0.75784265     -2.11477820
      6.90000000      1.66888331     -0.29510461      5.52651352     -2.20239483     -0.77689327     -2.14746123
      6.92000000      1.69830814     -0.28478697      5.53617905     -2.22552334     -0.79549167     -2.17976903
      6.94000000      1.72725075     -0.27546070      5.54533756     -2.24772642     -0.81364628     -2.21155162
      6.96000000      1.75639435     -0.26761026      5.55449607     -2.26898067     -0.83131872     -2.24262252
      6.98000000      1.78667341     -0.26187000      5.56437127     -2.28934516     -0.84846787     -2.27285783
      7.00000000      1.81912362     -0.25887161      5.57574250     -2.30900386     -0.86509527     -2.30228528
      7.02000000      1.85461858     -0.25914998      5.58921896     -2.32825395     -0.88127317     -2.33112524
      7.04000000      1.89351999     -0.26316040      5.60500077     -2.34741045     -0.89713151     -2.35974009
      7.06000000      1.93537584     -0.27127579      5.62268442     -2.36671101     -0.91279181     -2.38851145
      7.08000000      1.97897058     -0.28370854      5.64133782     -2.38625505     -0.92832040     -2.41772696
      7.10000000      2.02292285     -0.30030107      5.65988335     -2.40600839     -0.94374311     -2.44748967
      7.12000000      2.06663766     -0.32029577      5.67759145     -2.42586945     -0.95906102     -2.47769217
      7.14000000      2.11077026     -0.34245534      5.69433655     -2.44571871     -0.97423477     -2.50809711
      7.16000000      2.15614356     -0.36564144      5.71015447     -2.46542358     -0.98921484     -2.53847011
      7.18000000      2.20201140     -0.38924609      5.72454922     -2.48487662     -1.00401970     -2.56872089
      7.20000000      2.24663309     -0.41288615      5.73679885     -2.50408023     -1.01874326     -2.59895024
      7.22000000      2.28976782     -0.43591272      5.74689317     -2.52311642     -1.03347087     -2.62930939
      7.24000000      2.33232105     -0.45754981      5.75527010     -2.54201336     -1.04817485     -2.65984049
      7.26000000      2.37366354     -0.47725718      5.76184327     -2.56075674     -1.06267209     -2.69051193
      7.28000000      2.41260405     -0.49460728      5.76636358     -2.57939425     -1.07671732     -2.72131277
      7.30000000      2.44980367     -0.50917298      5.76915668     -2.59794047     -1.09018546     -2.75217871
      7.32000000      2.48575926     -0.52068633      5.77051103     -2.61628132     -1.10306228     -2.78293753
      7.34000000      2.51950241     -0.52897588      5.77030538     -2.63440228     -1.11523823     -2.81348657
      7.36000000      2.55139232     -0.53403369      5.76872428     -2.65244200     -1.12669434     -2.84391586
      7.38000000      2.58255804     -0.53611134      5.76615102     -2.67040684     -1.13780695     -2.87433242
      7.40000000      2.61242013     -0.53544966      5.76256179     -2.68828747     -1.14885745     -2.90469061
      7.42000000      2.64097807     -0.53255466      5.75807237     -2.70621290     -1.15966409     -2.93491271
      7.44000000      2.66959776     -0.52833617      5.75323476     -2.72408043     -1.17019215     -2.96493536
      7.46000000      2.69810647     -0.52340475      5.74819097     -2.74165691     -1.18062284     -2.99455712
      7.48000000      2.72615385     -0.51844678      5.74295659     -2.75904131     -1.19076489     -3.02367473
      7.50000000      2.75498758     -0.51442400      5.73819415     -2.77636655     -1.20047817     -3.05244558
      7.52000000      2.78464804     -0.51146176      5.73414798     -2.79358840     -1.21010888     -3.08084774
      7.54000000      2.81426635     -0.50946900      5.73047051     -2.81083612     -1.21976436     -3.10880834
      7.56000000      2.84442683     -0.50873189      5.72740418     -2.82816751     -1.22923307     -3.13644536
      7.58000000      2.87500098     -0.50863604      5.72495443     -2.84523668     -1.23857935     -3.16340401
      7.60000000      2.90481845     -0.50833427      5.72257667     -2.86177841     -1.24764580     -3.18916822
      7.62000000      2.93419313     -0.50777342      5.72031403     -2.87775204     -1.25590715     -3.21384456
      7.64000000      2.96315995     -0.50647282      5.71813565     -2.89296552     -1.26338945     -3.23742416
      7.66000000      2.99069112     -0.50366105      5.71567340     -2.90745149     -1.27024384     -3.25979986
      7.68000000      3.01711771     -0.49938698      5.71303796     -2.92177549     -1.27615752     -3.28158847
      7.70000000      3.04263740     -0.49369112      5.71027577     -2.93633440     -1.28147593     -3.30325073
      7.72000000      3.06648780     -0.48614728      5.70719277     -2.95124277     -1.28688549     -3.32468060
      7.74000000      3.08903245     -0.47689078      5.70387917     -2.96677175     -1.29198230     -3.34601441
      7.76000000      3.11033883     -0.46633214      5.70035868     -2.98276248     -1.29640495     -3.36711268
      7.78000000      3.12983481     -0.45439334      5.69644191     -2.99850895     -1.30054892     -3.38732902
      7.80000000      3.14798953     -0.44127177      5.69210404     -3.01368244     -1.30414932     -3.40655208
      7.82000000      3.16480919     -0.42739262      5.68741325     -3.02817167     -1.30686184     -3.42484832
      7.84000000      3.18004947     -0.41276186      5.68230488     -3.04178879     -1.30927132     -3.44198126
      7.86000000      3.19423984     -0.39766332      5.67681323     -3.05476136     -1.31174090     -3.45829514
      7.88000000      3.20721440     -0.38244215      5.67105050     -3.06736245     -1.31428448     -3.47423347
      7.90000000      3.21895640     -0.36697871      5.66493193     -3.07955290     -1.31713907     -3.48958098
      7.92000000      3.22992018     -0.35153147      5.65859272     -3.09130378     -1.32027202     -3.50444566
      7.94000000      3.23974222     -0.33631587      5.65214121     -3.10251339     -1.32346267     -3.51902417
      7.96000000      3.24849555     -0.32108807      5.64533562     -3.11292139     -1.32665215     -3.53289269
      7.98000000      3.25646385     -0.30602683      5.63839907     -3.12222627     -1.32974366     -3.54605597
      8.00000000      3.26334524     -0.29124084      5.63144155     -3.13038499     -1.33259776     -3.55871014
      8.02000000      3.26945478     -0.27658394      5.62418866     -3.13752509     -1.33542207     -3.57062258
      8.04000000      3.27488250     -0.26241040      5.61698578     -3.14349774     -1.33866604     -3.58199454
      8.06000000      3.27942374     -0.24902019      5.60984307     -3.14830133     -1.34224934     -3.59286607
      8.08000000      3.28367742     -0.23657178      5.60255660     -3.15191329     -1.34582885     -3.60291351
      8.10000000      3.28768477     -0.22557649      5.59558436     -3.15392273     -1.34942367     -3.61229884
      8.12000000      3.29124905     -0.21634754      5.58873893     -3.15437285     -1.35298568     -3.62085792
      8.14000000      3.29479094     -0.20891530      5.58194197     -3.15351365     -1.35633575     -3.62851317
      8.16000000      3.29801222     -0.20328648      5.57556863     -3.15143311     -1.35945878     -3.63577703
      8.18000000      3.30065351     -0.19904691      5.56906760     -3.14856150     -1.36243581     -3.64259568
      8.20000000      3.30296435     -0.19530514      5.56240543     -3.14511229     -1.36545987     -3.64913536
      8.22000000      3.30436095     -0.19138787      5.55568897     -3.14117044     -1.36853705     -3.65577517
      8.24000000      3.30436743     -0.18686777      5.54816045     -3.13701914     -1.37132737     -3.66213397
      8.26000000      3.30308300     -0.18076571      5.54007795     -3.13227412     -1.37365282     -3.66815057
      8.28000000      3.30018341     -0.17260864      5.53149747     -3.12657973     -1.37535838     -3.67369439
      8.30000000      3.29546164     -0.16297525      5.52177671     -3.12019003     -1.37620475     -3.67848549
      8.32000000      3.28938931     -0.15152108      5.51159713     -3.11306928     -1.37651314     -3.68298394
      8.34000000      3.28280893     -0.13829075      5.50126302     -3.10544753     -1.37663351     -3.68703694
      8.36000000      3.27604404     -0.12512177      5.49063776     -3.09778941     -1.37656270     -3.69057357
      8.38000000      3.26909114     -0.11271657      5.48051420     -3.08995003     -1.37671665     -3.69415192
      8.40000000      3.26329942     -0.10119261      5.47106203     -3.08187094     -1.37722800     -3.69710744
      8.42000000      3.25945428     -0.09136873      5.46257175     -3.07334405     -1.37746037     -3.69902092
      8.44000000      3.25631821     -0.08338853      5.45540085     -3.06372484     -1.37723830     -3.70001660
      8.46000000      3.25375651     -0.07758246      5.44883699     -3.05296162     -1.37672112     -3.69944573
      8.48000000      3.25236916     -0.07320254      5.44322519     -3.04130588     -1.37579784     -3.69770457
      8.50000000      3.25184443     -0.06872288      5.43882467     -3.02902031     -1.37472622     -3.69520248
      8.52000000      3.25188326     -0.06496654      5.43483436     -3.01667218     -1.37391126     -3.69161283
      8.54000000      3.25199727     -0.06223915      5.43173493     -3.00454962     -1.37337129     -3.68792732
      8.56000000      3.25235222     -0.05935639      5.42943854     -2.99267801     -1.37304065     -3.68419089
      8.58000000      3.25333533     -0.05685909      5.42738213     -2.98064721     -1.37269520     -3.67941201
      8.60000000      3.25385661     -0.05534560      5.42609038     -2.96756418     -1.37168557     -3.67390586
      8.62000000      3.25370119     -0.05403252      5.42475933     -2.95329822     -1.36943918     -3.66736655
      8.64000000      3.25371500     -0.05250450      5.42307759     -2.93787569     -1.36641839     -3.65957564
      8.66000000      3.25342434     -0.05051038      5.42177475     -2.92123544     -1.36328542     -3.65123575
      8.68000000      3.25247793     -0.04728924      5.41995347     -2.90429838     -1.35967416     -3.64215426
      8.70000000      3.25108698     -0.04230402      5.41774333     -2.88735741     -1.35570649     -3.63275818
      8.72000000      3.24874287     -0.03547586      5.41554932     -2.86998910     -1.35203511     -3.62345019
      8.74000000      3.24505019     -0.02647300      5.41233733     -2.85239717     -1.34807583     -3.61344379
      8.76000000      3.23986596     -0.01488392      5.40873683     -2.83423604     -1.34320679     -3.60297472
      8.78000000      3.23280383     -0.00071386      5.40488765     -2.81520224     -1.33761291     -3.59203837
      8.80000000      3.22374121      0.01609060      5.39989226     -2.79571016     -1.33140237     -3.58023975
      8.82000000      3.21256837      0.03580752      5.39451380     -2.77567914     -1.32483925     -3.56830611
      8.84000000      3.19899756      0.05863041      5.38860894     -2.75541329     -1.31808818     -3.55600347
      8.86000000      3.18304066      0.08465621      5.38171681     -2.73555131     -1.31117849     -3.54328437
      8.88000000      3.16473263      0.11376769      5.37434081     -2.71590851     -1.30465479     -3.53092930
      8.90000000      3.14389281      0.14594395      5.36584188     -2.69619100     -1.29870281     -3.51794686
      8.92000000      3.12042538      0.18133631      5.35616643     -2.67597590     -1.29259880     -3.50395139
      8.94000000      3.09443925      0.21940122      5.34559496     -2.65493439     -1.28570728     -3.48963170
      8.96000000      3.06599593      0.25964936      5.33322247     -2.63310689     -1.27856111     -3.47430435
      8.98000000      3.03518507      0.30189154      5.31937752     -2.61034180     -1.27184356     -3.45802520
      9.00000000      3.00250951      0.34501799      5.30444654     -2.58721524     -1.26482487     -3.44155795
      9.02000000      2.96839284      0.38808177      5.28804047     -2.56422354     -1.25726259     -3.42480073
      9.04000000      2.93329454      0.43039950      5.27091612     -2.54080390     -1.24990095     -3.40791937
      9.06000000      2.89799604      0.47074722      5.25330697     -2.51696977     -1.24228359     -3.39093188
      9.08000000      2.86238278      0.50913048      5.23498689     -2.49287346     -1.23367823     -3.37372235
      9.10000000      2.82631734      0.54592152      5.21636751     -2.46811734     -1.22431912     -3.35642368
      9.12000000      2.79021461      0.58096841      5.19696816     -2.44265469     -1.21457762     -3.33863973
      9.14000000      2.75317005      0.61547396      5.17613753     -2.41656179     -1.20441575     -3.32039970
      9.16000000      2.71456962      0.65016024      5.15381800     -2.38987256     -1.19368961     -3.30187947
      9.18000000      2.67515746      0.68518867      5.12977127     -2.36291214     -1.18254349     -3.28267121
      9.20000000      2.63551999      0.72166477      5.10413184     -2.33602534     -1.17129173     -3.26303825
      9.22000000      2.59666722      0.75935042      5.07736368     -2.30923067     -1.16037694     -3.24297308
      9.24000000      2.55908178      0.79783764      5.04964527     -2.28252399     -1.14954359     -3.22207832
      9.26000000      2.52249952      0.83638955      5.02144938     -2.25586297     -1.13797123     -3.20080565
      9.28000000      2.48618713      0.87386257      4.99256661     -2.22864249     -1.12617804     -3.17882285
      9.30000000      2.44883564      0.90979925      4.96245253     -2.20042495     -1.11465262     -3.15569164
      9.32000000      2.41005747      0.94344159      4.93130964     -2.17140462     -1.10243397     -3.13201641
      9.34000000      2.36985095      0.97625193      4.89862802     -2.14152032     -1.08949955     -3.10752955
      9.36000000      2.32960567      1.00895017      4.86463868     -2.11075913     -1.07664260     -3.08208417
      9.38000000      2.29021959      1.04133427      4.82962665     -2.07961440     -1.06352487     -3.05643286
      9.40000000      2.25145725      1.07257238      4.79392761     -2.04819780     -1.04956782     -3.03062925
      9.42000000      2.21379558      1.10069500      4.75887988     -2.01626653     -1.03504028     -3.00465198
      9.44000000      2.17776134      1.12580838      4.72491757     -1.98409081     -1.02034179     -2.97888887
      9.46000000      2.14401210      1.14772656      4.69230738     -1.95206084     -1.00516542     -2.95360709
      9.48000000      2.11234431      1.16569176      4.66193971     -1.91985401     -0.98923949     -2.92867121
      9.50000000      2.08257743      1.17976562      4.63436885     -1.88712640     -0.97285345     -2.90355970
      9.52000000      2.05487579      1.19084441      4.60894818     -1.85410125     -0.95618062     -2.87823220
      9.54000000      2.02919377      1.19871877      4.58596313     -1.82065798     -0.93942204     -2.85271880
      9.56000000      2.00497739      1.20348249      4.56567761     -1.78648086     -0.92269485     -2.82660006
      9.58000000      1.98214883      1.20608024      4.54732312     -1.75175180     -0.90579654     -2.79979842
      9.60000000      1.96080097      1.20658339      4.53084757     -1.71666036     -0.88866731     -2.77253891
      9.62000000      1.94080050      1.20492550      4.51621082     -1.68124223     -0.87125326     -2.74487439
      9.64000000      1.92197634      1.20210892      4.50274448     -1.64555849     -0.85346576     -2.71650726
      9.66000000      1.90419265      1.19875593      4.49025796     -1.60975014     -0.83517485     -2.68748230
      9.68000000      1.88734357      1.19474874      4.47835933     -1.57395988     -0.81661617     -2.65829392
      9.70000000      1.87088354      1.19087373      4.46625486     -1.53817425     -0.79842710     -2.62889733
      9.72000000      1.85464747      1.18745884      4.45375432     -1.50235940     -0.78016760     -2.59933121
      9.74000000      1.83859905      1.18456125      4.44048531     -1.46640387     -0.76123949     -2.56961839
      9.76000000      1.82292672      1.18229490      4.42656645     -1.43030671     -0.74220682     -2.53955702
      9.78000000      1.80775657      1.18054282      4.41218906     -1.39432916     -0.72309356     -2.50967352
      9.80000000      1.79325700      1.17860266      4.39762266     -1.35873530     -0.70338519     -2.48000060
      9.82000000      1.77927145      1.17632795      4.38351516     -1.32352946     -0.68338172     -2.45020712
      9.84000000      1.76621131      1.17336668      4.37011506     -1.28875016     -0.66346861     -2.42075704
      9.86000000      1.75454654      1.16926323      4.35737202     -1.25464827     -0.64353820     -2.39171151
      9.88000000      1.74377926      1.16443783      4.34554682     -1.22092008     -0.62341220     -2.36282212
      9.90000000      1.73392332      1.15893746      4.33466839     -1.18741394     -0.60305585     -2.33389283
      9.92000000      1.72523223      1.15276182      4.32430224     -1.15436295     -0.58260831     -2.30478846
      9.94000000      1.71692046      1.14667635      4.31398800     -1.12169387     -0.56204485     -2.27594942
      9.96000000      1.70829854      1.14107000      4.30323583     -1.08957136     -0.54143421     -2.24709241
      9.98000000      1.69933655      1.13583623      4.29183400     -1.05817961     -0.52094412     -2.21794129
     10.00000000      1.68925092      1.13187869      4.27935636     -1.02748238     -0.50042038     -2.18905632
     10.02000000      1.67779649      1.12967275      4.26539191     -0.99751214     -0.48009679     -2.16011003
     10.04000000      1.66547138      1.12883684      4.25027223     -0.96817487     -0.46024195     -2.13129204
     10.06000000      1.65209876      1.12952912      4.23406429     -0.93923583     -0.44056167     -2.10298595
     10.08000000      1.63786665      1.13148378      4.21656691     -0.91058758     -0.42089369     -2.07447344
     10.10000000      1.62310948      1.13416698      4.19827974     -0.88198016     -0.40146221     -2.04597397
     10.12000000      1.60811748      1.13745596      4.17938374     -0.85334122     -0.38246158     -2.01757935
     10.14000000      1.59326100      1.14109793      4.15993582     -0.82486612     -0.36367593     -1.98919670
     10.16000000      1.57824158      1.14497879      4.14023197     -0.79652177     -0.34534173     -1.96162836
     10.18000000      1.56336338      1.14864084      4.12008210     -0.76858401     -0.32815754     -1.93469958
     10.20000000      1.54843662      1.15201558      4.09949285     -0.74109977     -0.31180407     -1.90823031
     10.22000000      1.53305725      1.15523439      4.07860870     -0.71384907     -0.29592823     -1.88252122
     10.24000000      1.51772351      1.15800032      4.05709647     -0.68709451     -0.28093563     -1.85722514
     10.26000000      1.50214307      1.16044761      4.03497714     -0.66061864     -0.26678886     -1.83239736
     10.28000000      1.48605907      1.16293759      4.01208722     -0.63418197     -0.25318960     -1.80792219
     10.30000000      1.46992943      1.16533527      3.98818675     -0.60804288     -0.23985441     -1.78323721
     10.32000000      1.45322495      1.16778639      3.96357249     -0.58180525     -0.22693330     -1.75824630
     10.34000000      1.43589055      1.17054166      3.93785524     -0.55559632     -0.21485426     -1.73272538
     10.36000000      1.41820038      1.17365851      3.91069739     -0.52993096     -0.20332231     -1.70703527
     10.38000000      1.39969122      1.17727504      3.88244733     -0.50444550     -0.19244783     -1.68163872
     10.40000000      1.38069958      1.18131043      3.85290651     -0.47938073     -0.18249857     -1.65574498
     10.42000000      1.36122050      1.18578234      3.82194167     -0.45467593     -0.17318244     -1.62947776
     10.44000000      1.34107655      1.19071869      3.78962165     -0.42996575     -0.16473630     -1.60358194
     10.46000000      1.32111354      1.19593940      3.75569043     -0.40552550     -0.15725596     -1.57746401
     10.48000000      1.30109696      1.20157427      3.72048771     -0.38077218     -0.15055044     -1.55092741
     10.50000000      1.28107437      1.20762242      3.68413757     -0.35572838     -0.14466672     -1.52427999
     10.52000000      1.26179869      1.21380830      3.64652686     -0.33090231     -0.13931931     -1.49730055
     10.54000000      1.24253114      1.22047745      3.60814459     -0.30570602     -0.13448576     -1.47001641
     10.56000000      1.22380351      1.22757005      3.56887253     -0.28052244     -0.13025647     -1.44251646
     10.58000000      1.20603840      1.23499603      3.52865400     -0.25562551     -0.12638036     -1.41509390
     10.60000000      1.18851040      1.24300679      3.48797268     -0.23047783     -0.12292338     -1.38785956
     10.62000000      1.17192947      1.25138571      3.44662303     -0.20571489     -0.11989329     -1.36035254
     10.64000000      1.15597956      1.26025699      3.40472338     -0.18127986     -0.11741428     -1.33295934
     10.66000000      1.14035077      1.26976149      3.36245291     -0.15693609     -0.11559442     -1.30586258
     10.68000000      1.12584803      1.27965418      3.31964098     -0.13309347     -0.11395329     -1.27841598
     10.70000000      1.11161461      1.29018400      3.27667129     -0.10908728     -0.11246557     -1.25052806
     10.72000000      1.09792931      1.30123611      3.23345449     -0.08522465     -0.11127831     -1.22212567
     10.74000000      1.08508497      1.31271580      3.18990914     -0.06179752     -0.11010326     -1.19303976
     10.76000000      1.07228594      1.32481177      3.14644553     -0.03801314     -0.10881148     -1.16318550
     10.78000000      1.06031286      1.33724646      3.10282520     -0.01448510     -0.10745930     -1.13233026
     10.80000000      1.04899806      1.35001901      3.05909187      0.00891130     -0.10627279     -1.10065385
     10.82000000      1.03792568      1.36320590      3.01543349      0.03264658     -0.10507735     -1.06809322
     10.84000000      1.02791800      1.37651902      2.97155305      0.05615507     -0.10367313     -1.03445072
     10.86000000      1.01832551      1.39003941      2.92760991      0.07989082     -0.10253100     -1.00027964
     10.88000000      1.00934753      1.40368010      2.88349562      0.10370920     -0.10144410     -0.96549008
     10.90000000      1.00135726      1.41728533      2.83907725      0.12750119     -0.10006423     -0.92972701
     10.92000000      0.99354363      1.43101634      2.79454117      0.15184425     -0.09879081     -0.89325733
     10.94000000      0.98671829      1.44460024      2.74958111      0.17604782     -0.09762386     -0.85599845
     10.96000000      0.98045621      1.45813877      2.70428301      0.20038523     -0.09637588     -0.81788025
     10.98000000      0.97445128      1.47172692      2.65873520      0.22524974     -0.09497940     -0.77858440
     11.00000000      0.96956457      1.48513569      2.61260628      0.25007481     -0.09359957     -0.73794326
     11.02000000      0.96503272      1.49850428      2.56602958      0.27533078     -0.09248254     -0.69649154
     11.04000000      0.96104932      1.51181339      2.51895436      0.30071049     -0.09114445     -0.65389534
     11.06000000      0.95758966      1.52506899      2.47135269      0.32578962     -0.08953193     -0.60997598
     11.08000000      0.95383706      1.53844930      2.42339103      0.35078806     -0.08806949     -0.56537209
     11.10000000      0.95057211      1.55182359      2.37483035      0.37503700     -0.08647659     -0.51986857
     11.12000000      0.94739100      1.56529928      2.32579220      0.39897192     -0.08485486     -0.47318848
     11.14000000      0.94420201      1.57888878      2.27632078      0.42262057     -0.08354087     -0.42547491
     11.16000000      0.94166074      1.59244653      2.22624405      0.44533166     -0.08232744     -0.37688469
     11.18000000      0.93896487      1.60617915      2.17582666      0.46771118     -0.08106793     -0.32764873
     11.20000000      0.93664622      1.62003197      2.12503983      0.48935409     -0.07960115     -0.27753097
     11.22000000      0.93495081      1.63394023      2.07389000      0.51028423     -0.07805254     -0.22655757
     11.24000000      0.93345356      1.64791935      2.02254551      0.53107613     -0.07666074     -0.17521020
     11.26000000      0.93318297      1.66175448      1.97086181      0.55134462     -0.07530690     -0.12317386
     11.28000000      0.93370300      1.67553336      1.91905577      0.57157254     -0.07441938     -0.07019922
     11.30000000      0.93495142      1.68932264      1.86723124      0.59162765     -0.07410081     -0.01661967
     11.32000000      0.93740562      1.70306673      1.81534540      0.61103276     -0.07377632      0.03753258
     11.34000000      0.94012448      1.71686628      1.76367680      0.63034568     -0.07376636      0.09217501
     11.36000000      0.94373997      1.73060159      1.71214974      0.64901808     -0.07445136      0.14740804
     11.38000000      0.94822965      1.74434302      1.66078825      0.66706753     -0.07553604      0.20298926
     11.40000000      0.95311232      1.75827058      1.60972680      0.68507310     -0.07658635      0.25864703
     11.42000000      0.95926469      1.77227372      1.55885537      0.70238649     -0.07785291      0.31471583
     11.44000000      0.96606612      1.78643809      1.50830696      0.71932832     -0.07992011      0.37101834
     11.46000000      0.97341028      1.80085022      1.45810807      0.73582483     -0.08206263      0.42721183
     11.48000000      0.98176972      1.81549021      1.40817802      0.75139681     -0.08391861      0.48313877
     11.50000000      0.99043381      1.83042278      1.35866867      0.76666215     -0.08643530      0.53913223
     11.52000000      1.00012520      1.84555913      1.30947974      0.78111320     -0.08966298      0.59524758
     11.54000000      1.01075816      1.86091574      1.26056540      0.79495172     -0.09291169      0.65110603
     11.56000000      1.02176087      1.87647528      1.21199790      0.80863444     -0.09627301      0.70682928
     11.58000000      1.03408276      1.89201957      1.16363388      0.82138130     -0.10042469      0.76253443
     11.60000000      1.04698514      1.90761092      1.11552445      0.83379409     -0.10527860      0.81822901
     11.62000000      1.06055622      1.92328912      1.06765124      0.84588976     -0.11000735      0.87379765
     11.64000000      1.07534421      1.93892451      1.01993139      0.85725678     -0.11495647      0.92934419
     11.66000000      1.09052661      1.95449721      0.97241058      0.86852487     -0.12095862      0.98494854
     11.68000000      1.10688253      1.96996598      0.92503439      0.87923294     -0.12737944      1.04068439
     11.70000000      1.12411842      1.98538765      0.87781103      0.88950030     -0.13384722      1.09665238
     11.72000000      1.14170169      2.00080447      0.83079732      0.89951000     -0.14115366      1.15278746
     11.74000000      1.16040056      2.01616069      0.78399627      0.90847171     -0.14939222      1.20917299
     11.76000000      1.17954649      2.03159294      0.73743397      0.91710084     -0.15793469      1.26573965
     11.78000000      1.19945267      2.04708437      0.69115527      0.92535810     -0.16677005      1.32261980
     11.80000000      1.22080284      2.06257411      0.64514305      0.93279896     -0.17661573      1.37959398
     11.82000000      1.24281752      2.07823873      0.59942877      0.94024429     -0.18724586      1.43645592
     11.84000000      1.26615274      2.09415454      0.55411119      0.94720098     -0.19772391      1.49359847
     11.86000000      1.29073433      2.11036167      0.50915419      0.95358817     -0.20867587      1.55087813
     11.88000000      1.31584425      2.12693127      0.46453589      0.95966980     -0.22085062      1.60798630
     11.90000000      1.34245423      2.14391137      0.42032515      0.96486147     -0.23350994      1.66509837
     11.92000000      1.37001278      2.16139650      0.37653918      0.96981171     -0.24637419      1.72263959
     11.94000000      1.39865634      2.17935362      0.33320359      0.97443208     -0.26026247      1.78043625
     11.96000000      1.42899982      2.19776813      0.29035584      0.97821838     -0.27538523      1.83824919
     11.98000000      1.46000837      2.21683140      0.24802414      0.98186477     -0.29081764      1.89648095
     12.00000000      1.49227866      2.23654319      0.20629789      0.98483041     -0.30648716      1.95502144
     12.02000000      1.52582992      2.25687460      0.16515600      0.98689833     -0.32339649      2.01379732
     12.04000000      1.55997468      2.27788736      0.12457580      0.98856251     -0.34133607      2.07306766
     12.06000000      1.59554998      2.29950914      0.08464780      0.98904842     -0.35961676      2.13274965
     12.08000000      1.63187831      2.32169846      0.04524756      0.98862193     -0.37877556      2.19286798
     12.10000000      1.66880348      2.34428527      0.00633771      0.98734530     -0.39913444      2.25319133
     12.12000000      1.70709860      2.36697490     -0.03192434      0.98472250     -0.42020699      2.31367020
     12.14000000      1.74592845      2.38962889     -0.06960114      0.98151434     -0.44222071      2.37456973
     12.16000000      1.78553717      2.41194314     -0.10661886      0.97735075     -0.46547783      2.43545746
     12.18000000      1.82591431      2.43370613     -0.14297112      0.97199273     -0.48958919      2.49593827
     12.20000000      1.86596716      2.45486861     -0.17879521      0.96604761     -0.51454125      2.55580851
     12.22000000      1.90639199      2.47518579     -0.21384794      0.95903267     -0.54033627      2.61473602
     12.24000000      1.94695298      2.49452067     -0.24812149      0.95148510     -0.56640198      2.67261122
     12.26000000      1.98722328      2.51285146     -0.28169284      0.94412107     -0.59243638      2.72911511
     12.28000000      2.02810588      2.53009320     -0.31441468      0.93663250     -0.61845063      2.78358955
     12.30000000      2.06875510      2.54623964     -0.34641738      0.92971299     -0.64421668      2.83620145
     12.32000000      2.10925630      2.56133382     -0.37768083      0.92333325     -0.66935959      2.88720172
     12.34000000      2.14994071      2.57540106     -0.40826513      0.91706341     -0.69398408      2.93615968
     12.36000000      2.18970669      2.58843405     -0.43849868      0.91136245     -0.71855135      2.98334700
     12.38000000      2.22919119      2.60050717     -0.46835051      0.90569090     -0.74250834      3.02889366
     12.40000000      2.26829503      2.61183775     -0.49800882      0.90003879     -0.76538575      3.07295505
     12.42000000      2.30621840      2.62230856     -0.52768153      0.89495908     -0.78767457      3.11555965
     12.44000000      2.34365071      2.63162627     -0.55709244      0.88969910     -0.80923615      3.15658281
     12.46000000      2.38026135      2.64008627     -0.58641043      0.88451495     -0.82947969      3.19680477
     12.48000000      2.41574128      2.64776893     -0.61583796      0.87969572     -0.84841123      3.23578109
     12.50000000      2.45072087      2.65441774     -0.64514836      0.87468500     -0.86635171      3.27308641
     12.52000000      2.48437739      2.65985324     -0.67441969      0.87015369     -0.88294156      3.30946808
     12.54000000      2.51678166      2.66384646     -0.70340454      0.86600039     -0.89775491      3.34481272
     12.56000000      2.54852918      2.66678910     -0.73197050      0.86193157     -0.91135840      3.37869718
     12.58000000      2.57881680      2.66910334     -0.76048312      0.85842674     -0.92412394      3.41142781
     12.60000000      2.60826273      2.67045341     -0.78864149      0.85493262     -0.93538814      3.44306904
     12.62000000      2.63684222      2.67088479     -0.81645368      0.85153928     -0.94542149      3.47337069
     12.64000000      2.66428723      2.67115091     -0.84419494      0.84881173     -0.95492948      3.50226588
     12.66000000      2.69176711      2.67147309     -0.87139512      0.84632807     -0.96322722      3.52963327
     12.68000000      2.71899751      2.67206554     -0.89804083      0.84437475     -0.97033791      3.55591070
     12.70000000      2.74563444      2.67297791     -0.92422002      0.84324041     -0.97668916      3.58091285
     12.72000000      2.77244319      2.67415490     -0.94953070      0.84245621     -0.98192491      3.60432193
     12.74000000      2.79886864      2.67604520     -0.97411945      0.84243402     -0.98617680      3.62669172
     12.76000000      2.82496902      2.67865768     -0.99774792      0.84303082     -0.98971890      3.64785222
     12.78000000      2.85091669      2.68154213     -1.02003948      0.84371441     -0.99245418      3.66771963
     12.80000000      2.87589405      2.68475123     -1.04119324      0.84489230     -0.99451946      3.68689714
     12.82000000      2.90026683      2.68800762     -1.06084786      0.84611372     -0.99618547      3.70521601
     12.84000000      2.92406104      2.69106510     -1.07881661      0.84729272     -0.99744680      3.72264867
     12.86000000      2.94649859      2.69391810     -1.09529671      0.84881593     -0.99828632      3.73980534
     12.88000000      2.96770184      2.69591981     -1.10987772      0.84993398     -0.99896325      3.75625761
     12.90000000      2.98733674      2.69705432     -1.12263088      0.85064157     -1.00002904      3.77208368
     12.92000000      3.00501579      2.69755287     -1.13375155      0.85115188     -1.00108085      3.78798254
     12.94000000      3.02139035      2.69696336     -1.14284247      0.85115017     -1.00166659      3.80359159
     12.96000000      3.03591418      2.69527348     -1.15033992      0.85126256     -1.00266905      3.81859324
     12.98000000      3.04864096      2.69268623     -1.15623517      0.85168064     -1.00379087      3.83324908
     13.00000000      3.06021001      2.68895011     -1.16009786      0.85192972     -1.00432662      3.84781690
     13.02000000      3.06997495      2.68453023     -1.16256160      0.85243153     -1.00514494      3.86211427
     13.04000000      3.07818886      2.67963409     -1.16362738      0.85304912     -1.00647993      3.87580693
     13.06000000      3.08523621      2.67391314     -1.16309827      0.85346659     -1.00781220      3.88890362
     13.08000000      3.09052096      2.66747134     -1.16147260      0.85408943     -1.00949062      3.90178959
     13.10000000      3.09490761      2.66079656     -1.15858846      0.85448148     -1.01179664      3.91399469
     13.12000000      3.09823558      2.65376094     -1.15453719      0.85484034     -1.01454085      3.92501395
     13.14000000      3.10018425      2.64619147     -1.14944131      0.85587009     -1.01758609      3.93538048
     13.16000000      3.10196729      2.63834717     -1.14301411      0.85720937     -1.02081749      3.94464334
     13.18000000      3.10336158      2.63065838     -1.13589262      0.85930094     -1.02418309      3.95254803
     13.20000000      3.10415964      2.62320111     -1.12839418      0.86238888     -1.02725153      3.95926423
     13.22000000      3.10527120      2.61594263     -1.12038148      0.86581075     -1.02998418      3.96438235
     13.24000000      3.10659767      2.60938247     -1.11232016      0.87009975     -1.03257368      3.96846080
     13.26000000      3.10831120      2.60367359     -1.10428048      0.87508489     -1.03463237      3.97157471
     13.28000000      3.11099409      2.59889681     -1.09638623      0.88012589     -1.03656192      3.97325869
     13.30000000      3.11376932      2.59493909     -1.08924254      0.88574008     -1.03865931      3.97405549
     13.32000000      3.11748819      2.59188788     -1.08253244      0.89150867     -1.04010320      3.97413209
     13.34000000      3.12215161      2.58950273     -1.07614910      0.89735253     -1.04110994      3.97337615
     13.36000000      3.12643578      2.58727418     -1.07050475      0.90388485     -1.04218871      3.97151348
     13.38000000      3.13089550      2.58475265     -1.06513709      0.91047341     -1.04251560      3.96831981
     13.40000000      3.13499948      2.58153055     -1.05997116      0.91718917     -1.04189427      3.96454692
     13.42000000      3.13732120      2.57680697     -1.05498213      0.92430893     -1.04071986      3.95977723
     13.44000000      3.13837445      2.57030399     -1.04987363      0.93126607     -1.03874228      3.95322740
     13.46000000      3.13792681      2.56222256     -1.04520384      0.93852638     -1.03570686      3.94557403
     13.48000000      3.13587887      2.55212255     -1.04106153      0.94623846     -1.03141032      3.93671381
     13.50000000      3.13383253      2.54088558     -1.03756400      0.95403116     -1.02586682      3.92605745
     13.52000000      3.13141622      2.52944962     -1.03544472      0.96238718     -1.01949226      3.91396597
     13.54000000      3.12939442      2.51826003     -1.03457733      0.97085033     -1.01213614      3.90042671
     13.56000000      3.12863476      2.50822513     -1.03523700      0.97888623     -1.00361659      3.88549329
     13.58000000      3.12818317      2.49969364     -1.03799807      0.98694655     -0.99436302      3.86963612
     13.60000000      3.12865767      2.49232595     -1.04226198      0.99436108     -0.98448572      3.85249772
     13.62000000      3.13009474      2.48598162     -1.04805590      1.00116999     -0.97426552      3.83435581
     13.64000000      3.13142277      2.47939503     -1.05525798      1.00806820     -0.96386109      3.81563393
     13.66000000      3.13275678      2.47113242     -1.06293257      1.01459264     -0.95283420      3.79589001
     13.68000000      3.13339963      2.46130442     -1.07109534      1.02112873     -0.94180796      3.77535012
     13.70000000      3.13173188      2.44866315     -1.07907510      1.02767369     -0.93137998      3.75426055
     13.72000000      3.12858976      2.43333741     -1.08644178      1.03355217     -0.92062869      3.73280844
     13.74000000      3.12397702      2.41643704     -1.09406791      1.03935313     -0.90945097      3.71150865
     13.76000000      3.11762405      2.39746849     -1.10158522      1.04480644     -0.89854502      3.68995015
     13.78000000      3.11083598      2.37784731     -1.10862223      1.04951454     -0.88783174      3.66817339
     13.80000000      3.10288190      2.35892414     -1.11536789      1.05435673     -0.87722460      3.64686532
     13.82000000      3.09357528      2.34033560     -1.12099681      1.05893964     -0.86674452      3.62553278
     13.84000000      3.08290681      2.32220728     -1.12536962      1.06303429     -0.85670549      3.60417121
     13.86000000      3.07044470      2.30472366     -1.12891633      1.06720435     -0.84746021      3.58330167
     13.88000000      3.05645709      2.28610260     -1.13109323      1.07095121     -0.83882392      3.56243416
     13.90000000      3.04058150      2.26560480     -1.13207937      1.07468576     -0.83077659      3.54148338
     13.92000000      3.02280944      2.24376561     -1.13200690      1.07895174     -0.82326635      3.52097698
     13.94000000      3.00329843      2.21983324     -1.13016273      1.08284240     -0.81649958      3.50042446
     13.96000000      2.98144083      2.19412502     -1.12711838      1.08686293     -0.81056461      3.47949944
     13.98000000      2.95788435      2.16730752     -1.12326727      1.09123436     -0.80426458      3.45865716
     14.00000000      2.93376638      2.13933174     -1.11816015      1.09519074     -0.79770537      3.43784405
     14.02000000      2.90808439      2.11054074     -1.11219744      1.09931378     -0.79194954      3.41687307
     14.04000000      2.88138244      2.08178556     -1.10531164      1.10325726     -0.78610128      3.39572395
     14.06000000      2.85419415      2.05315281     -1.09716669      1.10662136     -0.78001922      3.37478532
     14.08000000      2.82560406      2.02451904     -1.08819903      1.10981639     -0.77444837      3.35435848
     14.10000000      2.79660477      1.99610218     -1.07825127      1.11228699     -0.76888090      3.33411379
     14.12000000      2.76733146      1.96793602     -1.06739321      1.11423276     -0.76359459      3.31421727
     14.14000000      2.73750104      1.94003246     -1.05588922      1.11621288     -0.75897169      3.29501780
     14.16000000      2.70826140      1.91256655     -1.04348959      1.11781413     -0.75421105      3.27586698
     14.18000000      2.67888090      1.88561934     -1.03066055      1.11962402     -0.74953933      3.25644766
     14.20000000      2.64963219      1.85924782     -1.01754732      1.12157890     -0.74547490      3.23678457
     14.22000000      2.62153213      1.83382444     -1.00408811      1.12316685     -0.74121820      3.21661379
     14.24000000      2.59318105      1.80941387     -0.99087889      1.12531366     -0.73634766      3.19578000
     14.26000000      2.56506052      1.78593675     -0.97786815      1.12740330     -0.73136325      3.17351271
     14.28000000      2.53751618      1.76342185     -0.96510440      1.12919136     -0.72632578      3.14980977
     14.30000000      2.50984706      1.74204238     -0.95294834      1.13168567     -0.72056796      3.12504792
     14.32000000      2.48279229      1.72167575     -0.94110683      1.13425215     -0.71378481      3.09866806
     14.34000000      2.45594329      1.70219448     -0.92971545      1.13700635     -0.70642744      3.07064167
     14.36000000      2.42885524      1.68356037     -0.91901638      1.14043459     -0.69845281      3.04100181
     14.38000000      2.40234131      1.66573545     -0.90882113      1.14385141     -0.68937366      3.00947562
     14.40000000      2.37575584      1.64875179     -0.89932419      1.14788981     -0.67951823      2.97639062
     14.42000000      2.34915106      1.63253261     -0.89041919      1.15243984     -0.66889864      2.94169402
     14.44000000      2.32314365      1.61713975     -0.88186351      1.15696869     -0.65713635      2.90524869
     14.46000000      2.29680970      1.60264306     -0.87393194      1.16225430     -0.64462153      2.86725956
     14.48000000      2.27078251      1.58904160     -0.86637598      1.16765308     -0.63110296      2.82765334
     14.50000000      2.24525484      1.57639128     -0.85906472      1.17308199     -0.61639021      2.78675008
     14.52000000      2.21934798      1.56467150     -0.85225256      1.17893160     -0.60122054      2.74452132
     14.54000000      2.19400364      1.55381007     -0.84560579      1.18453899     -0.58529802      2.70069715
     14.56000000      2.16883020      1.54376459     -0.83911183      1.19025600     -0.56829386      2.65573965
     14.58000000      2.14348788      1.53448410     -0.83283475      1.19611309     -0.55083466      2.60978976
     14.60000000      2.11870396      1.52583427     -0.82650707      1.20123871     -0.53301656      2.56249979
     14.62000000      2.09345308      1.51770358     -0.82028035      1.20621999     -0.51462174      2.51405518
     14.64000000      2.06810355      1.51001465     -0.81402688      1.21094023     -0.49568015      2.46471064
     14.66000000      2.04327182      1.50261529     -0.80757413      1.21476078     -0.47675452      2.41450872
     14.68000000      2.01786608      1.49536038     -0.80118359      1.21839867     -0.45826046      2.36339946
     14.70000000      1.99252383      1.48816322     -0.79470306      1.22149455     -0.43936134      2.31119377
     14.72000000      1.96745511      1.48096134     -0.78811118      1.22421864     -0.42016237      2.25800428
     14.74000000      1.94220591      1.47370560     -0.78163294      1.22698501     -0.40192677      2.20393352
     14.76000000      1.91757019      1.46645704     -0.77514067      1.22908314     -0.38412760      2.14896596
     14.78000000      1.89279725      1.45926439     -0.76878392      1.23098870     -0.36586531      2.09304772
     14.80000000      1.86772727      1.45207137     -0.76262880      1.23267102     -0.34797138      2.03620755
     14.82000000      1.84331909      1.44481745     -0.75644905      1.23355579     -0.33118717      1.97870734
     14.84000000      1.81885905      1.43755315     -0.75032574      1.23450053     -0.31496392      1.92095805
     14.86000000      1.79468763      1.43027159     -0.74415741      1.23527946     -0.29883794      1.86304639
     14.88000000      1.77119426      1.42285262     -0.73783309      1.23558781     -0.28371893      1.80522503
     14.90000000      1.74768730      1.41515836     -0.73136385      1.23601246     -0.27015960      1.74813448
     14.92000000      1.72511483      1.40723002     -0.72452376      1.23609605     -0.25707097      1.69189886
     14.94000000      1.70293886      1.39904793     -0.71732404      1.23602181     -0.24437698      1.63672233
     14.96000000      1.68072043      1.39050490     -0.70977746      1.23572177     -0.23291021      1.58265584
     14.98000000      1.65914223      1.38159784     -0.70169013      1.23452014     -0.22224053      1.52942036
     15.00000000      1.63738202      1.37233864     -0.69309003      1.23320841     -0.21189739      1.47673954
     15.02000000      1.61596464      1.36272162     -0.68383669      1.23168219     -0.20187820      1.42443559
     15.04000000      1.59517352      1.35267068     -0.67375814      1.22962359     -0.19247395      1.37249354
     15.06000000      1.57408801      1.34221390     -0.66298102      1.22749820     -0.18384870      1.32034047
     15.08000000      1.55299997      1.33138948     -0.65141607      1.22453550     -0.17531171      1.26774203
     15.10000000      1.53171146      1.32027113     -0.63903381      1.22070582     -0.16700246      1.21515576
     15.12000000      1.50972236      1.30887885     -0.62589865      1.21619704     -0.15937978      1.16242962
     15.14000000      1.48783413      1.29720148     -0.61192620      1.21055332     -0.15211458      1.10910423
     15.16000000      1.46559504      1.28526058     -0.59710003      1.20443664     -0.14532235      1.05541272
     15.18000000      1.44343659      1.27316248     -0.58139451      1.19790352     -0.13881886      1.00148605
     15.20000000      1.42190429      1.26102992     -0.56483212      1.19083637     -0.13246361      0.94684311
     15.22000000      1.40025837      1.24888857     -0.54749055      1.18373530     -0.12674907      0.89163784
     15.24000000      1.37921905      1.23682433     -0.52935720      1.17606568     -0.12130200      0.83633345
     15.26000000      1.35844980      1.22489427     -0.51050535      1.16793181     -0.11587645      0.78078376
     15.28000000      1.33766922      1.21310901     -0.49101738      1.15961529     -0.11082660      0.72495928
     15.30000000      1.31769571      1.20145919     -0.47083116      1.15065429     -0.10613350      0.66930086
     15.32000000      1.29814015      1.18999216     -0.44996062      1.14170491     -0.10148362      0.61396427
     15.34000000      1.27928456      1.17864179     -0.42847313      1.13282531     -0.09649780      0.55846681
     15.36000000      1.26160403      1.16727236     -0.40639472      1.12366681     -0.09185693      0.50280452
     15.38000000      1.24424857      1.15579732     -0.38376398      1.11471106     -0.08789486      0.44722531
     15.40000000      1.22772343      1.14416175     -0.36068809      1.10533421     -0.08362677      0.39118030
     15.42000000      1.21164384      1.13225528     -0.33723808      1.09546937     -0.07953034      0.33445465
     15.44000000      1.19548324      1.11996487     -0.31350305      1.08521434     -0.07666509      0.27725319
     15.46000000      1.17990586      1.10726797     -0.28959424      1.07407341     -0.07438648      0.21916385
     15.48000000      1.16447807      1.09420357     -0.26560335      1.06267987     -0.07194240      0.15995899
     15.50000000      1.14953262      1.08064466     -0.24159704      1.05097579     -0.06992623      0.10002098
     15.52000000      1.13564634      1.06645870     -0.21767484      1.03888621     -0.06908800      0.03925010
     15.54000000      1.12225943      1.05174038     -0.19390381      1.02707356     -0.06869004     -0.02244330
     15.56000000      1.10999303      1.03650874     -0.17037770      1.01513505     -0.06796645     -0.08451885
     15.58000000      1.09852820      1.02071743     -0.14712779      1.00309675     -0.06797183     -0.14664044
     15.60000000      1.08745023      1.00431551     -0.12419978      0.99107785     -0.06912706     -0.20855358
     15.62000000      1.07731767      0.98738793     -0.10167073      0.97853677     -0.07024397     -0.27005091
     15.64000000      1.06738810      0.97000444     -0.07951405      0.96596679     -0.07114854     -0.33081049
     15.66000000      1.05795148      0.95207664     -0.05780477      0.95311426     -0.07266924     -0.39053127
     15.68000000      1.04909367      0.93362252     -0.03659630      0.93980314     -0.07469600     -0.44936852
     15.70000000      1.04024336      0.91479787     -0.01590497      0.92655374     -0.07632368     -0.50728765
     15.72000000      1.03183448      0.89557852      0.00418663      0.91278203     -0.07773429     -0.56413130
     15.74000000      1.02346195      0.87594462      0.02364574      0.89866991     -0.07996907     -0.61997675
     15.76000000      1.01478924      0.85594079      0.04242368      0.88428018     -0.08250184     -0.67505443
     15.78000000      1.00634047      0.83554099      0.06039637      0.86918973     -0.08442083     -0.72925598
     15.80000000      0.99740811      0.81468189      0.07756901      0.85393597     -0.08670627     -0.78254179
     15.82000000      0.98846779      0.79325205      0.09377784      0.83840170     -0.08983559     -0.83533319
     15.84000000      0.97988508      0.77135613      0.10891805      0.82282839     -0.09271508     -0.88773240
     15.86000000      0.97126988      0.74903115      0.12297735      0.80782358     -0.09531453     -0.93982658
     15.88000000      0.96321598      0.72611736      0.13576890      0.79283243     -0.09870223     -0.99197470
     15.90000000      0.95505530      0.70266862      0.14730997      0.77805047     -0.10282327     -1.04417304
     15.92000000      0.94663660      0.67876310      0.15755444      0.76339012     -0.10666532     -1.09633756
     15.94000000      0.93826691      0.65434936      0.16637348      0.74834189     -0.11050700     -1.14888571
     15.96000000      0.92924729      0.62941897      0.17386335      0.73335633     -0.11528523     -1.20172487
     15.98000000      0.92009352      0.60396590      0.17996047      0.71813859     -0.12046392     -1.25447405
     16.00000000      0.91084851      0.57807223      0.18465577      0.70278101     -0.12569444     -1.30738426
     16.02000000      0.90109670      0.55173881      0.18801809      0.68755251     -0.13169903     -1.36043927
     16.04000000      0.89125861      0.52493484      0.19002201      0.67183224     -0.13827122     -1.41309106
     16.06000000      0.88074286      0.49776286      0.19078039      0.65589025     -0.14503564     -1.46518904
     16.08000000      0.86952499      0.47020349      0.19028314      0.63952969     -0.15237606     -1.51704362
     16.10000000      0.85800713      0.44224841      0.18848767      0.62243733     -0.16014335     -1.56862234
     16.12000000      0.84555919      0.41400968      0.18552292      0.60512191     -0.16813218     -1.61991806
     16.14000000      0.83275946      0.38540961      0.18128937      0.58710108     -0.17680907     -1.67114071
     16.16000000      0.81955321      0.35647366      0.17582147      0.56849928     -0.18641654     -1.72260503
     16.18000000      0.80574599      0.32729243      0.16925581      0.54967660     -0.19626738     -1.77423739
     16.20000000      0.79213308      0.29779460      0.16154078      0.53022782     -0.20609138     -1.82586288
     16.22000000      0.77808498      0.26794684      0.15287832      0.51047282     -0.21707335     -1.87759957
     16.24000000      0.76379207      0.23775926      0.14336082      0.49025904     -0.22901886     -1.92894598
     16.26000000      0.74953257      0.20741469      0.13305901      0.46939048     -0.24038947     -1.97977014
     16.28000000      0.73473352      0.17699406      0.12219366      0.44828839     -0.25185008     -2.03013528
     16.30000000      0.71994395      0.14642415      0.11078536      0.42645785     -0.26425839     -2.07977309
     16.32000000      0.70511918      0.11589145      0.09898907      0.40428686     -0.27647417     -2.12850822
     16.34000000      0.69015861      0.08556688      0.08691017      0.38223062     -0.28813786     -2.17646651
     16.36000000      0.67584664      0.05544621      0.07446102      0.35979444     -0.30025661     -2.22399294
     16.38000000      0.66156505      0.02576917      0.06187873      0.33756113     -0.31293773     -2.27066167
     16.40000000      0.64745121     -0.00326084      0.04923251      0.31540251     -0.32517022     -2.31625965
     16.42000000      0.63371594     -0.03155677      0.03649160      0.29301181     -0.33712445     -2.36120783
     16.44000000      0.61960757     -0.05898340      0.02384817      0.27070990     -0.34954580     -2.40521312
     16.46000000      0.60563416     -0.08543888      0.01128156      0.24820287     -0.36160135     -2.44759777
     16.48000000      0.59155532     -0.11084391     -0.00117794      0.22570780     -0.37312814     -2.48877553
     16.50000000      0.57722900     -0.13519471     -0.01353659      0.20338284     -0.38467778     -2.52904334
     16.52000000      0.56321679     -0.15842908     -0.02588542      0.18097680     -0.39569908     -2.56770761
     16.54000000      0.54887858     -0.18043411     -0.03815485      0.15890414     -0.40617288     -2.60482701
     16.56000000      0.53438666     -0.20126938     -0.05046524      0.13676562     -0.41647908     -2.64080503
     16.58000000      0.51984788     -0.22096955     -0.06288240      0.11438041     -0.42629269     -2.67558221
     16.60000000      0.50450514     -0.23945238     -0.07536444      0.09222140     -0.43528052     -2.70895083
     16.62000000      0.48895553     -0.25686753     -0.08808121      0.06965380     -0.44406659     -2.74088743
     16.64000000      0.47277972     -0.27318939     -0.10106305      0.04686774     -0.45308124     -2.77164979
     16.66000000      0.45596980     -0.28833139     -0.11429727      0.02427610     -0.46115535     -2.80115931
     16.68000000      0.43909622     -0.30240163     -0.12786945      0.00162003     -0.46853504     -2.82920074
     16.70000000      0.42158725     -0.31551819     -0.14166494     -0.02076062     -0.47671424     -2.85610007
     16.72000000      0.40376335     -0.32765670     -0.15572324     -0.04298915     -0.48464041     -2.88186977
     16.74000000      0.38568190     -0.33881846     -0.16998199     -0.06505356     -0.49156721     -2.90637180
     16.76000000      0.36667080     -0.34909116     -0.18430267     -0.08687695     -0.49869538     -2.92987063
     16.78000000      0.34716710     -0.35849795     -0.19871472     -0.10906809     -0.50580073     -2.95191394
     16.80000000      0.32668494     -0.36695249     -0.21304347     -0.13111148     -0.51211405     -2.97205213
     16.82000000      0.30518539     -0.37447063     -0.22731040     -0.15286861     -0.51814684     -2.99052656
     16.84000000      0.28362412     -0.38115682     -0.24166177     -0.17458432     -0.52411843     -3.00734713
     16.86000000      0.26133577     -0.38689480     -0.25598825     -0.19532666     -0.52954316     -3.02209931
     16.88000000      0.23897881     -0.39180439     -0.27037102     -0.21530593     -0.53473540     -3.03463924
     16.90000000      0.21667441     -0.39591289     -0.28492933     -0.23478504     -0.54001924     -3.04565362
     16.92000000      0.19391400     -0.39917020     -0.29955922     -0.25342663     -0.54455774     -3.05577411
     16.94000000      0.17114848     -0.40168823     -0.31431139     -0.27188286     -0.54843084     -3.06476571
     16.96000000      0.14791834     -0.40355730     -0.32908985     -0.29010303     -0.55277881     -3.07259631
     16.98000000      0.12416714     -0.40473437     -0.34389135     -0.30803894     -0.55688199     -3.07965586
     17.00000000      0.10057733     -0.40522747     -0.35878557     -0.32588042     -0.55986206     -3.08593983
     17.02000000      0.07671764     -0.40513573     -0.37365553     -0.34298158     -0.56287953     -3.09098488
     17.04000000      0.05310826     -0.40456600     -0.38854102     -0.35949711     -0.56600984     -3.09427067
     17.06000000      0.02987675     -0.40349236     -0.40343132     -0.37531973     -0.56818294     -3.09598422
     17.08000000      0.00663817     -0.40190986     -0.41825808     -0.39009256     -0.56976173     -3.09611609
     17.10000000     -0.01583816     -0.39995714     -0.43313165     -0.40447011     -0.57141455     -3.09447873
     17.12000000     -0.03811270     -0.39759743     -0.44801160     -0.41824825     -0.57279687     -3.09156810
     17.14000000     -0.06027392     -0.39487016     -0.46290592     -0.43153882     -0.57363757     -3.08736692
     17.16000000     -0.08183667     -0.39189481     -0.47793079     -0.44474048     -0.57461912     -3.08165121
     17.18000000     -0.10327478     -0.38863299     -0.49308443     -0.45732306     -0.57589468     -3.07491194
     17.20000000     -0.12403347     -0.38509170     -0.50852300     -0.46966193     -0.57688187     -3.06744301
     17.22000000     -0.14426300     -0.38130981     -0.52420692     -0.48181029     -0.57809280     -3.05886274
     17.24000000     -0.16461085     -0.37731692     -0.54007412     -0.49351082     -0.57963207     -3.04918567
     17.26000000     -0.18430175     -0.37321700     -0.55627449     -0.50535096     -0.58060513     -3.03892853
     17.28000000     -0.20385909     -0.36908015     -0.57271727     -0.51696028     -0.58152305     -3.02792230
     17.30000000     -0.22337590     -0.36501871     -0.58935679     -0.52841376     -0.58274544     -3.01596237
     17.32000000     -0.24254342     -0.36108285     -0.60628436     -0.54038627     -0.58343047     -3.00376918
     17.34000000     -0.26218700     -0.35730849     -0.62340695     -0.55247838     -0.58391253     -2.99156711
     17.36000000     -0.28185929     -0.35387763     -0.64074968     -0.56511102     -0.58503597     -2.97874086
     17.38000000     -0.30161604     -0.35079522     -0.65833933     -0.57821261     -0.58629732     -2.96554001
     17.40000000     -0.32176992     -0.34804327     -0.67619038     -0.59141892     -0.58713376     -2.95265323
     17.42000000     -0.34158026     -0.34578806     -0.69437421     -0.60516512     -0.58832384     -2.93934373
     17.44000000     -0.36166115     -0.34396881     -0.71277730     -0.61901175     -0.58996018     -2.92496012
     17.46000000     -0.38217016     -0.34248470     -0.73143529     -0.63328201     -0.59079759     -2.90992711
     17.48000000     -0.40277364     -0.34135387     -0.75041712     -0.64840104     -0.59103247     -2.89421877
     17.50000000     -0.42409213     -0.34055314     -0.76958847     -0.66375053     -0.59158625     -2.87730994
     17.52000000     -0.44549412     -0.34006818     -0.78900415     -0.67963072     -0.59174803     -2.85926304
     17.54000000     -0.46697730     -0.33983737     -0.80868007     -0.69590361     -0.59091206     -2.84066410
     17.56000000     -0.48883375     -0.33995051     -0.82853235     -0.71219192     -0.58970422     -2.82133413
     17.58000000     -0.51045456     -0.34057721     -0.84857161     -0.72901937     -0.58836922     -2.80095236
     17.60000000     -0.53251770     -0.34165247     -0.86870423     -0.74602608     -0.58639454     -2.77991115
     17.62000000     -0.55477042     -0.34325023     -0.88895187     -0.76337874     -0.58383232     -2.75864361
     17.64000000     -0.57698188     -0.34548276     -0.90929947     -0.78124994     -0.58134734     -2.73685340
     17.66000000     -0.59972378     -0.34832583     -0.92964164     -0.79912837     -0.57863175     -2.71464693
     17.68000000     -0.62244892     -0.35186755     -0.95004343     -0.81749738     -0.57550085     -2.69246311
     17.70000000     -0.64530661     -0.35617081     -0.97045807     -0.83613713     -0.57267435     -2.67021948
     17.72000000     -0.66857640     -0.36120234     -0.99085086     -0.85470197     -0.57004547     -2.64835338
     17.74000000     -0.69148354     -0.36700703     -1.01132271     -0.87361981     -0.56750158     -2.62703426
     17.76000000     -0.71460660     -0.37354631     -1.03186101     -0.89231287     -0.56520929     -2.60622974
     17.78000000     -0.73766594     -0.38091684     -1.05256977     -0.91087912     -0.56317610     -2.58606758
     17.80000000     -0.76024157     -0.38920341     -1.07352284     -0.92950320     -0.56146089     -2.56620197
     17.82000000     -0.78300842     -0.39832516     -1.09474418     -0.94754799     -0.55970177     -2.54716922
     17.84000000     -0.80527089     -0.40835280     -1.11631421     -0.96552892     -0.55812158     -2.52850234
     17.86000000     -0.82737130     -0.41922904     -1.13823411     -0.98325366     -0.55636383     -2.50997206
     17.88000000     -0.84946054     -0.43090927     -1.16058385     -1.00040638     -0.55396195     -2.49225727
     17.90000000     -0.87069057     -0.44350567     -1.18339539     -1.01745236     -0.55167663     -2.47447615
     17.92000000     -0.89190332     -0.45688729     -1.20669817     -1.03383555     -0.54902485     -2.45716680
     17.94000000     -0.91275293     -0.47107474     -1.23053644     -1.04987335     -0.54560935     -2.44016520
     17.96000000     -0.93285960     -0.48616240     -1.25496984     -1.06578070     -0.54181876     -2.42345900
     17.98000000     -0.95297926     -0.50215028     -1.28000282     -1.08098768     -0.53808444     -2.40726843
     18.00000000     -0.97259993     -0.51908032     -1.30566422     -1.09628936     -0.53446025     -2.39105858
     18.02000000     -0.99210252     -0.53682840     -1.33202844     -1.11145395     -0.53029598     -2.37573969
     18.04000000     -1.01165699     -0.55542082     -1.35900368     -1.12627091     -0.52648466     -2.36038044
     18.06000000     -1.03065805     -0.57484607     -1.38661511     -1.14116923     -0.52322289     -2.34498552
     18.08000000     -1.04983375     -0.59498389     -1.41487619     -1.15570132     -0.51956929     -2.33040245
     18.10000000     -1.06882915     -0.61591706     -1.44375143     -1.17031316     -0.51587882     -2.31620506
     18.12000000     -1.08756163     -0.63770475     -1.47321697     -1.18500452     -0.51271010     -2.30239925
     18.14000000     -1.10661327     -0.66027412     -1.50318897     -1.19946193     -0.50979316     -2.28866556
     18.16000000     -1.12524869     -0.68357683     -1.53371675     -1.21419514     -0.50634562     -2.27582260
     18.18000000     -1.14383774     -0.70764823     -1.56471165     -1.22869135     -0.50309556     -2.26375411
     18.20000000     -1.16221822     -0.73256536     -1.59605195     -1.24277361     -0.50059956     -2.25199225
     18.22000000     -1.17986473     -0.75827427     -1.62774708     -1.25691142     -0.49792140     -2.24128676
     18.24000000     -1.19737908     -0.78476527     -1.65970256     -1.27063449     -0.49497332     -2.23133964
     18.26000000     -1.21438351     -0.81208749     -1.69186599     -1.28422619     -0.49229477     -2.22196679
     18.28000000     -1.23085709     -0.84024224     -1.72415952     -1.29769440     -0.48995149     -2.21270145
     18.30000000     -1.24725741     -0.86916797     -1.75657110     -1.31076759     -0.48713520     -2.20389537
     18.32000000     -1.26292944     -0.89890376     -1.78906169     -1.32409706     -0.48398805     -2.19525155
     18.34000000     -1.27849002     -0.92949424     -1.82153015     -1.33717273     -0.48129094     -2.18601304
     18.36000000     -1.29370782     -0.96085513     -1.85398213     -1.35013131     -0.47860706     -2.17683379
     18.38000000     -1.30830851     -0.99290159     -1.88637745     -1.36346838     -0.47562918     -2.16756508
     18.40000000     -1.32303805     -1.02564206     -1.91869302     -1.37658140     -0.47259856     -2.15809185
     18.42000000     -1.33713562     -1.05905883     -1.95087267     -1.38989368     -0.46994811     -2.14801985
     18.44000000     -1.35061546     -1.09304279     -1.98296177     -1.40313531     -0.46735990     -2.13813747
     18.46000000     -1.36389587     -1.12755308     -2.01496027     -1.41602712     -0.46450829     -2.12887411
     18.48000000     -1.37617055     -1.16260916     -2.04677900     -1.42913814     -0.46183095     -2.11936240
     18.50000000     -1.38799066     -1.19825651     -2.07842801     -1.44180074     -0.45919268     -2.11006292
     18.52000000     -1.39889770     -1.23443923     -2.10988602     -1.45416806     -0.45651470     -2.10117350
     18.54000000     -1.40861222     -1.27109642     -2.14113032     -1.46638544     -0.45373988     -2.09271355
     18.56000000     -1.41779696     -1.30816990     -2.17212110     -1.47779090     -0.45083790     -2.08457543
     18.58000000     -1.42550202     -1.34558263     -2.20275853     -1.48886086     -0.44803390     -2.07683911
     18.60000000     -1.43220939     -1.38331339     -2.23297441     -1.49932275     -0.44513786     -2.06972878
     18.62000000     -1.43815169     -1.42142416     -2.26268379     -1.50908193     -0.44229054     -2.06300060
     18.64000000     -1.44291924     -1.45992196     -2.29178574     -1.51882792     -0.43965760     -2.05637015
     18.66000000     -1.44726162     -1.49887033     -2.32023714     -1.52805742     -0.43699966     -2.04971642
     18.68000000     -1.45096113     -1.53827637     -2.34792641     -1.53711982     -0.43457814     -2.04290767
     18.70000000     -1.45379294     -1.57811022     -2.37477830     -1.54626243     -0.43228411     -2.03595735
     18.72000000     -1.45669361     -1.61847194     -2.40073176     -1.55504936     -0.42988399     -2.02885666
     18.74000000     -1.45890777     -1.65929402     -2.42564668     -1.56413041     -0.42785414     -2.02105325
     18.76000000     -1.46093030     -1.70059969     -2.44949551     -1.57316295     -0.42583360     -2.01281837
     18.78000000     -1.46290934     -1.74234609     -2.47227785     -1.58212347     -0.42344266     -2.00429019
     18.80000000     -1.46425142     -1.78449456     -2.49397140     -1.59152548     -0.42107668     -1.99535784
     18.82000000     -1.46578282     -1.82714493     -2.51464337     -1.60068864     -0.41892453     -1.98594512
     18.84000000     -1.46683384     -1.87016695     -2.53428813     -1.61005542     -0.41670862     -1.97592744
     18.86000000     -1.46745001     -1.91349763     -2.55299970     -1.61976704     -0.41406262     -1.96569073
     18.88000000     -1.46822835     -1.95724557     -2.57088748     -1.62919990     -0.41190733     -1.95513690
     18.90000000     -1.46822945     -2.00124373     -2.58799466     -1.63887769     -0.41072001     -1.94459328
     18.92000000     -1.46789923     -2.04545253     -2.60450756     -1.64850622     -0.40939533     -1.93456933
     18.94000000     -1.46748145     -2.08990098     -2.62051266     -1.65810398     -0.40813726     -1.92452244
     18.96000000     -1.46641121     -2.13447030     -2.63610345     -1.66811635     -0.40786902     -1.91454846
     18.98000000     -1.46550009     -2.17918571     -2.65145456     -1.67793475     -0.40818190     -1.90533822
     19.00000000     -1.46424678     -2.22378282     -2.66659797     -1.68818008     -0.40825937     -1.89683706
     19.02000000     -1.46267437     -2.26826055     -2.68158387     -1.69874240     -0.40834630     -1.88891113
     19.04000000     -1.46115835     -2.31274492     -2.69645316     -1.70896652     -0.40935102     -1.88117135
     19.06000000     -1.45878940     -2.35691363     -2.71120186     -1.71935527     -0.41072708     -1.87414185
     19.08000000     -1.45605689     -2.40073096     -2.72592270     -1.72936837     -0.41193792     -1.86829591
     19.10000000     -1.45293648     -2.44419745     -2.74058602     -1.73895057     -0.41393392     -1.86279650
     19.12000000     -1.44893130     -2.48713875     -2.75517698     -1.74840924     -0.41670411     -1.85754989
     19.14000000     -1.44479948     -2.52965237     -2.76980471     -1.75723358     -0.41955015     -1.85298419
     19.16000000     -1.43993947     -2.57157737     -2.78443353     -1.76578636     -0.42261876     -1.84914958
     19.18000000     -1.43445347     -2.61292985     -2.79905124     -1.77395174     -0.42629499     -1.84533053
     19.20000000     -1.42886567     -2.65374604     -2.81370905     -1.78148673     -0.43009288     -1.84129587
     19.22000000     -1.42262546     -2.69371603     -2.82843766     -1.78910914     -0.43316902     -1.83772458
     19.24000000     -1.41633898     -2.73299108     -2.84327453     -1.79618984     -0.43613149     -1.83434836
     19.26000000     -1.40976970     -2.77148192     -2.85818432     -1.80275532     -0.43975054     -1.83094007
     19.28000000     -1.40280245     -2.80900201     -2.87320486     -1.80922780     -0.44326317     -1.82799841
     19.30000000     -1.39612494     -2.84568996     -2.88841515     -1.81506572     -0.44639346     -1.82566345
     19.32000000     -1.38918347     -2.88149632     -2.90376872     -1.82069316     -0.45036745     -1.82377878
     19.34000000     -1.38236960     -2.91655669     -2.91932255     -1.82592357     -0.45544629     -1.82239587
     19.36000000     -1.37616530     -2.95092136     -2.93512839     -1.83072719     -0.46065325     -1.82195313
     19.38000000     -1.36981865     -2.98431587     -2.95102897     -1.83557466     -0.46612351     -1.82226640
     19.40000000     -1.36395196     -3.01696549     -2.96700452     -1.83973849     -0.47262464     -1.82305577
     19.42000000     -1.35831351     -3.04875461     -2.98299638     -1.84343119     -0.47997718     -1.82470407
     19.44000000     -1.35269485     -3.07953938     -2.99895744     -1.84694963     -0.48749986     -1.82726191
     19.46000000     -1.34774187     -3.10958756     -3.01487181     -1.84971431     -0.49538088     -1.82992843
     19.48000000     -1.34270262     -3.13868019     -3.03061235     -1.85231041     -0.50395371     -1.83239415
     19.50000000     -1.33815758     -3.16693004     -3.04629701     -1.85461779     -0.51244136     -1.83515915
     19.52000000     -1.33419853     -3.19438066     -3.06194781     -1.85647762     -0.52079835     -1.83828071
     19.54000000     -1.33006664     -3.22090513     -3.07744124     -1.85827463     -0.52967320     -1.84146107
     19.56000000     -1.32644250     -3.24678191     -3.09286032     -1.85944175     -0.53838145     -1.84481382
     19.58000000     -1.32290852     -3.27188097     -3.10816901     -1.86038349     -0.54642809     -1.84856207
     19.60000000     -1.31923549     -3.29617629     -3.12333624     -1.86111410     -0.55422506     -1.85278980
     19.62000000     -1.31598009     -3.31990379     -3.13841982     -1.86107195     -0.56191993     -1.85751491
     19.64000000     -1.31241461     -3.34282076     -3.15330092     -1.86085626     -0.56910515     -1.86279356
     19.66000000     -1.30873402     -3.36499178     -3.16800489     -1.86006217     -0.57536132     -1.86895377
     19.68000000     -1.30503635     -3.38655833     -3.18247685     -1.85848007     -0.58143618     -1.87541273
     19.70000000     -1.30071754     -3.40730120     -3.19662178     -1.85646844     -0.58736949     -1.88252187
     19.72000000     -1.29642797     -3.42741923     -3.21052551     -1.85355330     -0.59251720     -1.89072698
     19.74000000     -1.29182313     -3.44685592     -3.22408023     -1.85018231     -0.59736650     -1.89942408
     19.76000000     -1.28701185     -3.46566124     -3.23727753     -1.84636824     -0.60214150     -1.90867190
     19.78000000     -1.28241923     -3.48395753     -3.25016090     -1.84194145     -0.60636075     -1.91861176
     19.80000000     -1.27742725     -3.50145390     -3.26269816     -1.83750299     -0.60978064     -1.92954888
     19.82000000     -1.27264281     -3.51841511     -3.27500225     -1.83272374     -0.61308415     -1.94121600
     19.84000000     -1.26801319     -3.53487149     -3.28712955     -1.82775362     -0.61647270     -1.95347763
     19.86000000     -1.26322719     -3.55067414     -3.29910662     -1.82314151     -0.61899462     -1.96655068
     19.88000000     -1.25871178     -3.56600174     -3.31098184     -1.81846257     -0.62076592     -1.97995464
     19.90000000     -1.25410377     -3.58077806     -3.32271739     -1.81398850     -0.62271187     -1.99345592
     19.92000000     -1.24942544     -3.59492819     -3.33434960     -1.80957884     -0.62441529     -2.00762463
     19.94000000     -1.24486006     -3.60850817     -3.34588356     -1.80506040     -0.62573937     -2.02248526
     19.96000000     -1.24006500     -3.62145533     -3.35725987     -1.80091520     -0.62743218     -2.03770076
     19.98000000     -1.23565513     -3.63398612     -3.36857478     -1.79674071     -0.62931479     -2.05333234
     20.00000000     -1.23125539     -3.64599395     -3.37976284     -1.79303763     -0.63077492     -2.06937427
     20.02000000     -1.22677316     -3.65746028     -3.39082203     -1.78993270     -0.63186413     -2.08585213
     20.04000000     -1.22281258     -3.66868829     -3.40179460     -1.78695712     -0.63328904     -2.10221461
     20.06000000     -1.21868518     -3.67942319     -3.41260173     -1.78473375     -0.63441755     -2.11886462
     20.08000000     -1.21471937     -3.68977592     -3.42328174     -1.78309888     -0.63489361     -2.13595858
     20.10000000     -1.21103233     -3.69993243     -3.43376338     -1.78172206     -0.63578806     -2.15264199
     20.12000000     -1.20708593     -3.70970669     -3.44400177     -1.78107280     -0.63677433     -2.16929796
     20.14000000     -1.20342094     -3.71927584     -3.45409865     -1.78081811     -0.63720429     -2.18596368
     20.16000000     -1.19962153     -3.72868159     -3.46402879     -1.78097575     -0.63770046     -2.20269623
     20.18000000     -1.19555416     -3.73804118     -3.47381944     -1.78145227     -0.63892497     -2.21939594
     20.20000000     -1.19163750     -3.74754897     -3.48358080     -1.78186312     -0.64025561     -2.23615905
     20.22000000     -1.18713946     -3.75702177     -3.49327147     -1.78284822     -0.64124439     -2.25365720
     20.24000000     -1.18258037     -3.76680246     -3.50294362     -1.78387337     -0.64274382     -2.27111531
     20.26000000     -1.17795154     -3.77704528     -3.51261953     -1.78475764     -0.64479615     -2.28841146
     20.28000000     -1.17252978     -3.78755302     -3.52226099     -1.78602357     -0.64668382     -2.30638166
     20.30000000     -1.16694762     -3.79864633     -3.53193519     -1.78685851     -0.64880743     -2.32471273
     20.32000000     -1.16091960     -3.81034561     -3.54156678     -1.78722404     -0.65194010     -2.34333798
     20.34000000     -1.15423508     -3.82254610     -3.55115136     -1.78743577     -0.65558064     -2.36251181
     20.36000000     -1.14773297     -3.83549397     -3.56085158     -1.78739876     -0.65881330     -2.38224214
     20.38000000     -1.14060358     -3.84913026     -3.57055850     -1.78733368     -0.66253956     -2.40233463
     20.40000000     -1.13306069     -3.86364272     -3.58032993     -1.78662672     -0.66731141     -2.42277885
     20.42000000     -1.12529820     -3.87903208     -3.59027583     -1.78539024     -0.67190140     -2.44437208
     20.44000000     -1.11669563     -3.89512322     -3.60024755     -1.78421215     -0.67637190     -2.46675156
     20.46000000     -1.10804530     -3.91223791     -3.61027465     -1.78240888     -0.68122483     -2.48895284
     20.48000000     -1.09885049     -3.93025375     -3.62030563     -1.78029693     -0.68615267     -2.51116826
     20.50000000     -1.08896218     -3.94909611     -3.63029626     -1.77806287     -0.69078297     -2.53369978
     20.52000000     -1.07883808     -3.96897376     -3.64026308     -1.77523410     -0.69510980     -2.55614021
     20.54000000     -1.06815055     -3.98985326     -3.65004957     -1.77242508     -0.69972437     -2.57777798
     20.56000000     -1.05729902     -4.01185678     -3.65967568     -1.76955827     -0.70427193     -2.59843172
     20.58000000     -1.04647654     -4.03505071     -3.66916644     -1.76650558     -0.70859303     -2.61853163
     20.60000000     -1.03507858     -4.05931245     -3.67838596     -1.76335763     -0.71336968     -2.63832190
     20.62000000     -1.02371986     -4.08482313     -3.68741887     -1.75951882     -0.71823303     -2.65812465
     20.64000000     -1.01195195     -4.11147633     -3.69616868     -1.75525808     -0.72329092     -2.67797014
     20.66000000     -0.99949762     -4.13922165     -3.70457645     -1.75041917     -0.72861667     -2.69791990
     20.68000000     -0.98689899     -4.16822027     -3.71275570     -1.74489376     -0.73346059     -2.71825971
     20.70000000     -0.97355522     -4.19839958     -3.72065170     -1.73923309     -0.73821639     -2.73896840
     20.72000000     -0.95991519     -4.22996256     -3.72833283     -1.73262109     -0.74339724     -2.76011458
     20.74000000     -0.94577392     -4.26278976     -3.73572242     -1.72558167     -0.74839265     -2.78128400
     20.76000000     -0.93099034     -4.29669102     -3.74280222     -1.71874743     -0.75230848     -2.80267093
     20.78000000     -0.91594929     -4.33184488     -3.74965037     -1.71125186     -0.75598943     -2.82400624
     20.80000000     -0.90018777     -4.36815496     -3.75619341     -1.70348506     -0.76000307     -2.84511962
     20.82000000     -0.88404672     -4.40561013     -3.76253070     -1.69576910     -0.76324614     -2.86642932
     20.84000000     -0.86769441     -4.44423151     -3.76866760     -1.68804767     -0.76585930     -2.88718509
     20.86000000     -0.85044733     -4.48378373     -3.77456448     -1.68019090     -0.76852812     -2.90772898
     20.88000000     -0.83274776     -4.52433980     -3.78032473     -1.67170720     -0.77123268     -2.92798109
     20.90000000     -0.81437810     -4.56575323     -3.78592275     -1.66317686     -0.77338315     -2.94785151
     20.92000000     -0.79525420     -4.60794986     -3.79138945     -1.65470372     -0.77526063     -2.96708930
     20.94000000     -0.77573001     -4.65100322     -3.79677981     -1.64571595     -0.77730866     -2.98528969
     20.96000000     -0.75524977     -4.69455155     -3.80207748     -1.63677230     -0.77901485     -3.00326716
     20.98000000     -0.73407796     -4.73855923     -3.80727730     -1.62767750     -0.78068015     -3.02015912
     21.00000000     -0.71240854     -4.78295806     -3.81243129     -1.61843068     -0.78209370     -3.03586150
     21.02000000     -0.68982762     -4.82749240     -3.81746222     -1.60964751     -0.78314892     -3.05049703
     21.04000000     -0.66686334     -4.87230110     -3.82247526     -1.60060501     -0.78447300     -3.06395614
     21.06000000     -0.64330901     -4.91719586     -3.82745019     -1.59165965     -0.78579862     -3.07670935
     21.08000000     -0.61907615     -4.96206615     -3.83230348     -1.58357127     -0.78654048     -3.08813561
     21.10000000     -0.59485162     -5.00712784     -3.83716266     -1.57573601     -0.78672468     -3.09829603
     21.12000000     -0.56968365     -5.05208857     -3.84180363     -1.56832175     -0.78715689     -3.10738113
     21.14000000     -0.54405624     -5.09692920     -3.84634293     -1.56137084     -0.78690116     -3.11556149
     21.16000000     -0.51801820     -5.14152438     -3.85077073     -1.55493227     -0.78518768     -3.12313207
     21.18000000     -0.49094614     -5.18565676     -3.85494811     -1.54910719     -0.78328462     -3.12974508
     21.20000000     -0.46344252     -5.22947253     -3.85906299     -1.54308875     -0.78087714     -3.13583950
     21.22000000     -0.43500227     -5.27271558     -3.86307577     -1.53735754     -0.77784606     -3.14162702
     21.24000000     -0.40571064     -5.31542610     -3.86706322     -1.53199540     -0.77466956     -3.14699803
     21.26000000     -0.37615407     -5.35777445     -3.87125658     -1.52645159     -0.77098689     -3.15231268
     21.28000000     -0.34559563     -5.39943556     -3.87550124     -1.52141116     -0.76724182     -3.15710538
     21.30000000     -0.31439875     -5.44062713     -3.87986670     -1.51629353     -0.76361869     -3.16109311
     21.32000000     -0.28277995     -5.48142679     -3.88448582     -1.51093252     -0.76005637     -3.16455458
     21.34000000     -0.24994424     -5.52159762     -3.88920469     -1.50625869     -0.75619312     -3.16782699
     21.36000000     -0.21702578     -5.56181176     -3.89425570     -1.50173560     -0.75210923     -3.16999288
     21.38000000     -0.18377929     -5.60211219     -3.89960567     -1.49758025     -0.74891906     -3.17033052
     21.40000000     -0.14965719     -5.64223723     -3.90530039     -1.49415476     -0.74561961     -3.17005082
     21.42000000     -0.11540508     -5.68247109     -3.91162937     -1.49097323     -0.74133500     -3.16934126
     21.44000000     -0.08014817     -5.72248254     -3.91845568     -1.48828135     -0.73734367     -3.16763880
     21.46000000     -0.04433429     -5.76246391     -3.92601393     -1.48590006     -0.73358192     -3.16481026
     21.48000000     -0.00828547     -5.80244976     -3.93450956     -1.48376221     -0.72914857     -3.16123813
     21.50000000      0.02885258     -5.84192281     -3.94391386     -1.48229956     -0.72472191     -3.15732009
     21.52000000      0.06608090     -5.88124102     -3.95463294     -1.48078968     -0.72072351     -3.15261070
     21.54000000      0.10368890     -5.92016843     -3.96666770     -1.47951818     -0.71661057     -3.14712032
     21.56000000      0.14215361     -5.95855067     -3.97996000     -1.47889799     -0.71266462     -3.14078098
     21.58000000      0.18045438     -5.99689247     -3.99491408     -1.47788966     -0.70916491     -3.13345967
     21.60000000      0.21919525     -6.03456659     -4.01174183     -1.47718897     -0.70578418     -3.12576497
     21.62000000      0.25853258     -6.07152819     -4.03051825     -1.47673889     -0.70200670     -3.11746992
     21.64000000      0.29779881     -6.10817761     -4.05153530     -1.47580515     -0.69811742     -3.10830588
     21.66000000      0.33786269     -6.14394049     -4.07476179     -1.47496607     -0.69478305     -3.09856882
     21.68000000      0.37817275     -6.17904484     -4.10058369     -1.47401777     -0.69089594     -3.08861158
     21.70000000      0.41847822     -6.21326741     -4.12928169     -1.47313048     -0.68625716     -3.07849149
     21.72000000      0.45971242     -6.24615287     -4.16025640     -1.47242660     -0.68213385     -3.06764760
     21.74000000      0.50097706     -6.27835949     -4.19353418     -1.47128607     -0.67810317     -3.05609616
     21.76000000      0.54291127     -6.30933709     -4.22867292     -1.47055688     -0.67345241     -3.04390246
     21.78000000      0.58547839     -6.33901814     -4.26540347     -1.47064254     -0.66814134     -3.03114810
     21.80000000      0.62776503     -6.36810264     -4.30333248     -1.47071783     -0.66303302     -3.01709271
     21.82000000      0.67066124     -6.39593789     -4.34169665     -1.47158017     -0.65816063     -3.00162810
     21.84000000      0.71379308     -6.42267148     -4.38036568     -1.47316696     -0.65214259     -2.98580673
     21.86000000      0.75689192     -6.44859380     -4.41892461     -1.47496169     -0.64600844     -2.96888319
     21.88000000      0.80037795     -6.47333410     -4.45709967     -1.47747328     -0.64043483     -2.95108953
     21.90000000      0.84357453     -6.49742202     -4.49494646     -1.48020866     -0.63452186     -2.93264136
     21.92000000      0.88670380     -6.52072835     -4.53213818     -1.48342076     -0.62850339     -2.91334712
     21.94000000      0.92987527     -6.54311553     -4.56857028     -1.48722132     -0.62273893     -2.89319299
     21.96000000      0.97245156     -6.56500880     -4.60450470     -1.49095764     -0.61675810     -2.87190407
     21.98000000      1.01516916     -6.58583524     -4.63966082     -1.49515482     -0.61035207     -2.85049033
     22.00000000      1.05759953     -6.60587452     -4.67407744     -1.49935797     -0.60436135     -2.82786748
     22.02000000      1.09925157     -6.62525569     -4.70806574     -1.50364861     -0.59798106     -2.80387613
     22.04000000      1.14097969     -6.64308488     -4.74138254     -1.50896829     -0.59040330     -2.77951261
     22.06000000      1.18182392     -6.66018234     -4.77450397     -1.51433558     -0.58301424     -2.75349146
     22.08000000      1.22175383     -6.67646299     -4.80750980     -1.52003248     -0.57579233     -2.72596420
     22.10000000      1.26136772     -6.69134593     -4.84006542     -1.52701477     -0.56754460     -2.69731168
     22.12000000      1.29963599     -6.70571653     -4.87286691     -1.53451115     -0.55864290     -2.66712586
     22.14000000      1.33720079     -6.71908969     -4.90549030     -1.54256486     -0.55037305     -2.63527014
     22.16000000      1.37407121     -6.73147834     -4.93807434     -1.55128591     -0.54183083     -2.60204110
     22.18000000      1.40997405     -6.74315296     -4.97054810     -1.56025597     -0.53205737     -2.56796897
     22.20000000      1.44539023     -6.75376904     -5.00264095     -1.56987187     -0.52277578     -2.53247286
     22.22000000      1.47971983     -6.76375856     -5.03466704     -1.57967180     -0.51384181     -2.49554506
     22.24000000      1.51311386     -6.77294714     -5.06627655     -1.59001183     -0.50430028     -2.45764904
     22.26000000      1.54585993     -6.78110459     -5.09729045     -1.60114715     -0.49482293     -2.41864443
     22.28000000      1.57736049     -6.78877530     -5.12798651     -1.61218833     -0.48565410     -2.37804148
     22.30000000      1.60805851     -6.79550646     -5.15792487     -1.62385316     -0.47670536     -2.33614176
     22.32000000      1.63798912     -6.80127351     -5.18694082     -1.63587822     -0.46771225     -2.29339148
     22.34000000      1.66672545     -6.80648822     -5.21527217     -1.64788592     -0.45886162     -2.24965390
     22.36000000      1.69479999     -6.81071644     -5.24230060     -1.66051097     -0.45040182     -2.20489745
     22.38000000      1.72163566     -6.81456386     -5.26843961     -1.67322501     -0.44212852     -2.15878707
     22.40000000      1.74733311     -6.81797603     -5.29350578     -1.68608490     -0.43431195     -2.11189805
     22.42000000      1.77213601     -6.82075559     -5.31725748     -1.69929510     -0.42685762     -2.06438732
     22.44000000      1.79560733     -6.82336332     -5.33999720     -1.71229561     -0.41936643     -2.01596199
     22.46000000      1.81833166     -6.82526274     -5.36125509     -1.72533931     -0.41238243     -1.96710083
     22.48000000      1.84003303     -6.82679532     -5.38129622     -1.73804418     -0.40594399     -1.91797766
     22.50000000      1.86056910     -6.82801358     -5.40021359     -1.75031197     -0.39947845     -1.86876202
     22.52000000      1.88043339     -6.82833147     -5.41753655     -1.76280985     -0.39308724     -1.81983840
     22.54000000      1.89891596     -6.82854095     -5.43390976     -1.77456683     -0.38737892     -1.77085744
     22.56000000      1.91636529     -6.82821630     -5.44898236     -1.78575160     -0.38266854     -1.72183877
     22.58000000      1.93297534     -6.82708216     -5.46272674     -1.79689234     -0.37798708     -1.67337105
     22.60000000      1.94829958     -6.82559418     -5.47553411     -1.80734674     -0.37347934     -1.62497300
     22.62000000      1.96275654     -6.82344813     -5.48711047     -1.81744981     -0.37030013     -1.57653331
     22.64000000      1.97617286     -6.82086795     -5.49773913     -1.82704761     -0.36759301     -1.52803318
     22.66000000      1.98860662     -6.81779402     -5.50743929     -1.83636979     -0.36459467     -1.47959017
     22.68000000      2.00049923     -6.81392053     -5.51590150     -1.84568237     -0.36199873     -1.43130421
     22.70000000      2.01127740     -6.81003307     -5.52365097     -1.85413922     -0.36011235     -1.38263930
     22.72000000      2.02131754     -6.80564661     -5.53043478     -1.86243233     -0.35842432     -1.33436263
     22.74000000      2.03074002     -6.80063787     -5.53609150     -1.87088362     -0.35680147     -1.28631930
     22.76000000      2.03894742     -6.79585813     -5.54126777     -1.87874334     -0.35578405     -1.23808314
     22.78000000      2.04664948     -6.79062571     -5.54535418     -1.88632464     -0.35569113     -1.19053751
     22.80000000      2.05351610     -6.78537900     -5.54870243     -1.89368266     -0.35595335     -1.14313493
     22.82000000      2.05953642     -6.78009720     -5.55132287     -1.90096690     -0.35624800     -1.09590105
     22.84000000      2.06507805     -6.77449637     -5.55292290     -1.90846086     -0.35756651     -1.04905931
     22.86000000      2.06954715     -6.76931040     -5.55407795     -1.91571577     -0.35965697     -1.00193841
     22.88000000      2.07340634     -6.76398090     -5.55438603     -1.92358989     -0.36203274     -0.95495713
     22.90000000      2.07670513     -6.75855720     -5.55385832     -1.93209875     -0.36509057     -0.90778482
     22.92000000      2.07907040     -6.75344666     -5.55291457     -1.94065123     -0.36869365     -0.86017591
     22.94000000      2.08112629     -6.74787214     -5.55100242     -1.95038098     -0.37300070     -0.81247774
     22.96000000      2.08242997     -6.74229141     -5.54856939     -1.96100709     -0.37743953     -0.76425559
     22.98000000      2.08306594     -6.73663696     -5.54562651     -1.97239804     -0.38222108     -0.71581723
     23.00000000      2.08348411     -6.73046028     -5.54180056     -1.98495566     -0.38772028     -0.66718680
     23.02000000      2.08311951     -6.72435091     -5.53771140     -1.99828819     -0.39287177     -0.61796129
     23.04000000      2.08259205     -6.71761158     -5.53283370     -2.01296816     -0.39835600     -0.56846934
     23.06000000      2.08171488     -6.71052292     -5.52746405     -2.02866494     -0.40444250     -0.51850676
     23.08000000      2.08016361     -6.70348707     -5.52206269     -2.04500964     -0.41076266     -0.46815497
     23.10000000      2.07876827     -6.69561108     -5.51594158     -2.06272164     -0.41775997     -0.41787619
     23.12000000      2.07680175     -6.68768613     -5.50987990     -2.08133680     -0.42483720     -0.36723885
     23.14000000      2.07456471     -6.67938704     -5.50363949     -2.10095253     -0.43253047     -0.31631804
     23.16000000      2.07242420     -6.67034503     -5.49700595     -2.12166648     -0.44062280     -0.26578775
     23.18000000      2.06984817     -6.66118654     -5.49060066     -2.14292025     -0.44817353     -0.21548303
     23.20000000      2.06755329     -6.65126291     -5.48376271     -2.16524196     -0.45625453     -0.16532557
     23.22000000      2.06526051     -6.64103013     -5.47691468     -2.18787411     -0.46460855     -0.11536519
     23.24000000      2.06302561     -6.63051064     -5.47011296     -2.21041966     -0.47293261     -0.06573901
     23.26000000      2.06139160     -6.61921022     -5.46296331     -2.23348724     -0.48151870     -0.01694386
     23.28000000      2.05975402     -6.60806788     -5.45621140     -2.25587934     -0.49075882      0.03164128
     23.30000000      2.05850201     -6.59684627     -5.44962076     -2.27770624     -0.50115525      0.07977578
     23.32000000      2.05797082     -6.58520996     -5.44303021     -2.29952339     -0.51124552      0.12670875
     23.34000000      2.05769875     -6.57384826     -5.43696372     -2.32046979     -0.52123649      0.17286359
     23.36000000      2.05816043     -6.56230766     -5.43102493     -2.34067141     -0.53171298      0.21788294
     23.38000000      2.05921631     -6.55068167     -5.42534484     -2.36034472     -0.54151715      0.26183185
     23.40000000      2.06081392     -6.53903523     -5.42001826     -2.37932169     -0.55055968      0.30471648
     23.42000000      2.06324127     -6.52710097     -5.41488354     -2.39746044     -0.55933693      0.34596324
     23.44000000      2.06590274     -6.51559665     -5.41050267     -2.41412058     -0.56841413      0.38623592
     23.46000000      2.06912864     -6.50406192     -5.40656831     -2.42973582     -0.57719318      0.42517353
     23.48000000      2.07307048     -6.49231451     -5.40298991     -2.44455263     -0.58514602      0.46226606
     23.50000000      2.07730178     -6.48105100     -5.40033774     -2.45740392     -0.59314868      0.49795505
     23.52000000      2.08208145     -6.46998307     -5.39845800     -2.46895863     -0.60103485      0.53152598
     23.54000000      2.08735561     -6.45913155     -5.39741820     -2.47961206     -0.60790104      0.56298138
     23.56000000      2.09310862     -6.44859909     -5.39727684     -2.48872606     -0.61373807      0.59242958
     23.58000000      2.09971147     -6.43798293     -5.39765303     -2.49672512     -0.61847444      0.61953449
     23.60000000      2.10689507     -6.42762997     -5.39876879     -2.50359390     -0.62177956      0.64498354
     23.62000000      2.11478169     -6.41736221     -5.40045914     -2.50961577     -0.62348841      0.66854990
     23.64000000      2.12351129     -6.40705436     -5.40258998     -2.51470214     -0.62403151      0.69010065
     23.66000000      2.13257282     -6.39730092     -5.40556721     -2.51834275     -0.62428899      0.71051242
     23.68000000      2.14235529     -6.38753014     -5.40890590     -2.52133000     -0.62399308      0.72959609
     23.70000000      2.15286692     -6.37782592     -5.41264249     -2.52343828     -0.62298444      0.74738793
     23.72000000      2.16397181     -6.36845682     -5.41695786     -2.52410864     -0.62159656      0.76419832
     23.74000000      2.17608082     -6.35885914     -5.42140089     -2.52419592     -0.61937300      0.77972747
     23.76000000      2.18897591     -6.34924214     -5.42616810     -2.52367158     -0.61594181      0.79434242
     23.78000000      2.20279187     -6.33941207     -5.43116034     -2.52229253     -0.61114914      0.80777574
     23.80000000      2.21767793     -6.32913756     -5.43621001     -2.52037178     -0.60514763      0.81975976
     23.82000000      2.23324673     -6.31884172     -5.44168681     -2.51772683     -0.59830438      0.83092147
     23.84000000      2.24961856     -6.30832468     -5.44744364     -2.51450983     -0.59087059      0.84079826
     23.86000000      2.26678026     -6.29754742     -5.45343857     -2.51045622     -0.58313883      0.84925846
     23.88000000      2.28443288     -6.28673787     -5.45981365     -2.50547822     -0.57528343      0.85681135
     23.90000000      2.30278838     -6.27547428     -5.46615995     -2.50013998     -0.56757981      0.86327099
     23.92000000      2.32161021     -6.26398802     -5.47273199     -2.49397256     -0.56010582      0.86868662
     23.94000000      2.34066894     -6.25232905     -5.47964697     -2.48746852     -0.55267461      0.87303569
     23.96000000      2.36010169     -6.24006915     -5.48662416     -2.48141891     -0.54533901      0.87628655
     23.98000000      2.37937068     -6.22777803     -5.49414028     -2.47538603     -0.53850407      0.87890566
     24.00000000      2.39871282     -6.21489934     -5.50169508     -2.46984082     -0.53184289      0.88080719
     24.02000000      2.41817464     -6.20119363     -5.50904039     -2.46506029     -0.52461174      0.88178339
     24.04000000      2.43741320     -6.18701061     -5.51636359     -2.46041358     -0.51736740      0.88237981
     24.06000000      2.45660432     -6.17198439     -5.52324786     -2.45615379     -0.51059305      0.88263290
     24.08000000      2.47555097     -6.15618647     -5.52974725     -2.45211419     -0.50354187      0.88234938
     24.10000000      2.49422222     -6.13954512     -5.53574853     -2.44793116     -0.49608958      0.88141139
     24.12000000      2.51264588     -6.12198709     -5.54105061     -2.44363321     -0.48895267      0.87978673
     24.14000000      2.53056342     -6.10378639     -5.54582572     -2.43882466     -0.48203744      0.87786049
     24.16000000      2.54805915     -6.08466629     -5.54984256     -2.43385035     -0.47453310      0.87502153
     24.18000000      2.56506697     -6.06458365     -5.55309923     -2.42855873     -0.46669430      0.87100446
     24.20000000      2.58108789     -6.04412938     -5.55605995     -2.42259843     -0.45937268      0.86638041
     24.22000000      2.59623020     -6.02291055     -5.55839282     -2.41686202     -0.45197274      0.86095768
     24.24000000      2.61032218     -6.00103006     -5.56024420     -2.41121239     -0.44397494      0.85440103
     24.26000000      2.62307051     -5.97891546     -5.56193707     -2.40509174     -0.43632434      0.84681982
     24.28000000      2.63456537     -5.95625106     -5.56313700     -2.39900087     -0.42929129      0.83847334
     24.30000000      2.64455187     -5.93324801     -5.56403551     -2.39291550     -0.42207933      0.82943030
     24.32000000      2.65311441     -5.90971381     -5.56443706     -2.38658532     -0.41477410      0.81945600
     24.34000000      2.66018651     -5.88575512     -5.56436152     -2.37978046     -0.40825082      0.80866029
     24.36000000      2.66544051     -5.86174065     -5.56410629     -2.37255809     -0.40238237      0.79761742
     24.38000000      2.66904656     -5.83717741     -5.56324995     -2.36580395     -0.39630180      0.78621242
     24.40000000      2.67078425     -5.81244509     -5.56201799     -2.35929483     -0.39036679      0.77470743
     24.42000000      2.67048663     -5.78781305     -5.56052639     -2.35263371     -0.38474031      0.76336766
     24.44000000      2.66834876     -5.76296412     -5.55836206     -2.34645129     -0.37877826      0.75196239
     24.46000000      2.66412410     -5.73817767     -5.55563360     -2.34048856     -0.37244772      0.74112747
     24.48000000      2.65773776     -5.71353101     -5.55239538     -2.33466982     -0.36588491      0.73032135
     24.50000000      2.64913190     -5.68898011     -5.54859560     -2.32897411     -0.35966366      0.71926125
     24.52000000      2.63793888     -5.66491813     -5.54456490     -2.32322224     -0.35387313      0.70859214
     24.54000000      2.62435817     -5.64102406     -5.54001719     -2.31766273     -0.34820529      0.69780387
     24.56000000      2.60831009     -5.61731810     -5.53500390     -2.31154740     -0.34301666      0.68681156
     24.58000000      2.58961116     -5.59404440     -5.52980696     -2.30470884     -0.33807346      0.67547834
     24.60000000      2.56845437     -5.57071465     -5.52402544     -2.29775974     -0.33351981      0.66395299
     24.62000000      2.54446984     -5.54781261     -5.51814185     -2.29048299     -0.32938265      0.65286932
     24.64000000      2.51785558     -5.52494504     -5.51194619     -2.28305012     -0.32498902      0.64159625
     24.66000000      2.48870146     -5.50201676     -5.50532711     -2.27546700     -0.32082677      0.63034835
     24.68000000      2.45671706     -5.47945210     -5.49866580     -2.26736929     -0.31702287      0.61981601
     24.70000000      2.42222125     -5.45662358     -5.49151874     -2.25945935     -0.31327291      0.60941546
     24.72000000      2.38494484     -5.43381444     -5.48426833     -2.25161579     -0.30942644      0.59914251
     24.74000000      2.34485932     -5.41098042     -5.47696490     -2.24377050     -0.30576012      0.58907432
     24.76000000      2.30229611     -5.38780302     -5.46929943     -2.23629304     -0.30282672      0.57916012
     24.78000000      2.25711422     -5.36439321     -5.46148694     -2.22876999     -0.29951397      0.56968962
     24.80000000      2.20983284     -5.34022548     -5.45305659     -2.22153837     -0.29564231      0.56035615
     24.82000000      2.16050807     -5.31534598     -5.44402014     -2.21422571     -0.29228889      0.55146161
     24.84000000      2.10896164     -5.29002241     -5.43462452     -2.20685933     -0.28905850      0.54356585
     24.86000000      2.05580365     -5.26347723     -5.42418493     -2.20044988     -0.28541499      0.53639612
     24.88000000      2.00069741     -5.23622870     -5.41315893     -2.19404196     -0.28175585      0.52978379
     24.90000000      1.94381463     -5.20830694     -5.40147591     -2.18734392     -0.27911361      0.52352420
     24.92000000      1.88558044     -5.17917971     -5.38861365     -2.18090837     -0.27708880      0.51764289
     24.94000000      1.82564449     -5.14931903     -5.37507487     -2.17438019     -0.27444213      0.51189057
     24.96000000      1.76452651     -5.11835685     -5.36049857     -2.16778073     -0.27227154      0.50565800
     24.98000000      1.70212029     -5.08655762     -5.34507984     -2.16085014     -0.27109843      0.49944281
     25.00000000      1.63843356     -5.05391772     -5.32891981     -2.15385119     -0.26965316      0.49334287
     25.02000000      1.57418415     -5.01970200     -5.31146667     -2.14726361     -0.26785154      0.48678980
     25.04000000      1.50890525     -4.98459415     -5.29336126     -2.14011987     -0.26650726      0.48010177
     25.06000000      1.44308359     -4.94825770     -5.27434154     -2.13273468     -0.26617282      0.47346679
     25.08000000      1.37701615     -4.91035677     -5.25424867     -2.12567119     -0.26592698      0.46665334
     25.10000000      1.31045499     -4.87119835     -5.23353816     -2.11820712     -0.26552143      0.45949130
     25.12000000      1.24398869     -4.83037371     -5.21186326     -2.11067645     -0.26625546      0.45173584
     25.14000000      1.17739714     -4.78804499     -5.18955688     -2.10295774     -0.26734143      0.44358948
     25.16000000      1.11080425     -4.74405691     -5.16671570     -2.09520567     -0.26776655      0.43472240
     25.18000000      1.04469394     -4.69809513     -5.14316308     -2.08776833     -0.26788472      0.42479145
     25.20000000      0.97858035     -4.65066790     -5.11941451     -2.07994874     -0.26821863      0.41452778
     25.22000000      0.91301515     -4.60145652     -5.09523724     -2.07228348     -0.26860451      0.40367874
     25.24000000      0.84819508     -4.55027036     -5.07063263     -2.06490563     -0.26817307      0.39198193
     25.26000000      0.78364103     -4.49777016     -5.04612236     -2.05733949     -0.26803882      0.38002324
     25.28000000      0.72000609     -4.44368193     -5.02138325     -2.05008378     -0.26901951      0.36771104
     25.30000000      0.65689830     -4.38842144     -4.99675792     -2.04296627     -0.26970948      0.35488420
     25.32000000      0.59461320     -4.33198595     -4.97213066     -2.03591559     -0.26998678      0.34134693
     25.34000000      0.53352470     -4.27432751     -4.94724509     -2.02898742     -0.27053124      0.32697138
     25.36000000      0.47318935     -4.21594426     -4.92246267     -2.02154762     -0.27100637      0.31191987
     25.38000000      0.41432131     -4.15645324     -4.89739468     -2.01407593     -0.27061473      0.29568683
     25.40000000      0.35684861     -4.09602887     -4.87215395     -2.00628536     -0.26956878      0.27817535
     25.42000000      0.30051569     -4.03504364     -4.84692963     -1.99756071     -0.26912722      0.25997688
     25.44000000      0.24603649     -3.97309302     -4.82134368     -1.98862114     -0.26854600      0.24057882
     25.46000000      0.19295409     -3.91050196     -4.79568031     -1.97902954     -0.26719971      0.21996169
     25.48000000      0.14136064     -3.84748639     -4.76992063     -1.96886081     -0.26628718      0.19860098
     25.50000000      0.09147504     -3.78407578     -4.74396632     -1.95841178     -0.26574252      0.17624966
     25.52000000      0.04286686     -3.72062700     -4.71808365     -1.94725344     -0.26501158      0.15313249
     25.54000000     -0.00400059     -3.65690975     -4.69198480     -1.93593371     -0.26370494      0.12886659
     25.56000000     -0.04936087     -3.59311870     -4.66573206     -1.92425291     -0.26253596      0.10375465
     25.58000000     -0.09375647     -3.52957826     -4.63954739     -1.91207357     -0.26192681      0.07815802
     25.60000000     -0.13666998     -3.46597805     -4.61317776     -1.90013127     -0.26090430      0.05139941
     25.62000000     -0.17866367     -3.40261012     -4.58683227     -1.88791695     -0.26017876      0.02400782
     25.64000000     -0.21966825     -3.33947113     -4.56046259     -1.87535790     -0.26018247     -0.00403498
     25.66000000     -0.25928925     -3.27623632     -4.53387178     -1.86295755     -0.26017653     -0.03293056
     25.68000000     -0.29815819     -3.21313884     -4.50737118     -1.85014005     -0.25976220     -0.06275074
     25.70000000     -0.33575026     -3.14994477     -4.48078059     -1.83725910     -0.25932052     -0.09370642
     25.72000000     -0.37232715     -3.08673522     -4.45417076     -1.82420431     -0.25921362     -0.12550396
     25.74000000     -0.40806426     -3.02351198     -4.42766029     -1.81067952     -0.25864358     -0.15842308
     25.76000000     -0.44244613     -2.96004899     -4.40101728     -1.79734943     -0.25756650     -0.19261423
     25.78000000     -0.47597177     -2.89659745     -4.37444073     -1.78338815     -0.25684752     -0.22777181
     25.80000000     -0.50847838     -2.83313254     -4.34785924     -1.76909125     -0.25646099     -0.26373643
     25.82000000     -0.53959499     -2.76948816     -4.32116512     -1.75507980     -0.25566946     -0.30052817
     25.84000000     -0.57006729     -2.70601704     -4.29469416     -1.74053698     -0.25511186     -0.33813538
     25.86000000     -0.59922321     -2.64259652     -4.26822687     -1.72580267     -0.25556216     -0.37656416
     25.88000000     -0.62726201     -2.57922967     -4.24179602     -1.71101788     -0.25594675     -0.41565392
     25.90000000     -0.65445636     -2.51605821     -4.21553614     -1.69588773     -0.25596446     -0.45558567
     25.92000000     -0.68015167     -2.45298031     -4.18925894     -1.68063473     -0.25665056     -0.49659395
     25.94000000     -0.70514966     -2.39020041     -4.16318522     -1.66480923     -0.25791639     -0.53846935
     25.96000000     -0.72905822     -2.32754454     -4.13714053     -1.64879663     -0.25909843     -0.58120559
     25.98000000     -0.75160130     -2.26492188     -4.11096212     -1.63276444     -0.26017640     -0.62495292
     26.00000000     -0.77338867     -2.20256979     -4.08477845     -1.61583739     -0.26185097     -0.66942051
     26.02000000     -0.79369232     -2.14030556     -4.05830435     -1.59882223     -0.26387627     -0.71456023
     26.04000000     -0.81299256     -2.07814344     -4.03160134     -1.58188256     -0.26524536     -0.76026085
     26.06000000     -0.83171111     -2.01627618     -4.00474158     -1.56475312     -0.26701119     -0.80602124
     26.08000000     -0.84922617     -1.95457232     -3.97750651     -1.54803208     -0.26968368     -0.85203325
     26.10000000     -0.86648723     -1.89313646     -3.95006862     -1.53152689     -0.27220978     -0.89793423
     26.12000000     -0.88315571     -1.83195107     -3.92231248     -1.51564841     -0.27448250     -0.94373394
     26.14000000     -0.89897222     -1.77111458     -3.89413450     -1.50040343     -0.27741719     -0.98948769
     26.16000000     -0.91476737     -1.71085443     -3.86568421     -1.48540418     -0.28114933     -1.03445798
     26.18000000     -0.92982536     -1.65101419     -3.83676603     -1.47152832     -0.28441748     -1.07897430
     26.20000000     -0.94427709     -1.59173241     -3.80735661     -1.45825985     -0.28729347     -1.12300245
     26.22000000     -0.95818604     -1.53320602     -3.77739743     -1.44530750     -0.29065538     -1.16593559
     26.24000000     -0.97097891     -1.47528854     -3.74675348     -1.43332795     -0.29356887     -1.20807518
     26.26000000     -0.98348019     -1.41803219     -3.71558267     -1.42181490     -0.29544698     -1.24939173
     26.28000000     -0.99532285     -1.36140351     -3.68381176     -1.41094834     -0.29709353     -1.28977824
     26.30000000     -1.00657297     -1.30536761     -3.65144083     -1.40066770     -0.29893392     -1.32917521
     26.32000000     -1.01782117     -1.24991887     -3.61855558     -1.39067841     -0.30017494     -1.36751082
     26.34000000     -1.02828968     -1.19490919     -3.58500374     -1.38149662     -0.30037022     -1.40534448
     26.36000000     -1.03846051     -1.14047659     -3.55079024     -1.37255172     -0.30084732     -1.44215209
     26.38000000     -1.04847886     -1.08658579     -3.51590782     -1.36397615     -0.30134342     -1.47772367
     26.40000000     -1.05789410     -1.03310253     -3.48030610     -1.35618746     -0.30079374     -1.51291674
     26.42000000     -1.06705528     -0.98016853     -3.44398928     -1.34828888     -0.30019453     -1.54762703
     26.44000000     -1.07546928     -0.92778829     -3.40685962     -1.34059247     -0.29986457     -1.58162490
     26.46000000     -1.08319349     -0.87591265     -3.36896209     -1.33304020     -0.29931864     -1.61521059
     26.48000000     -1.09064352     -0.82455625     -3.33040900     -1.32519299     -0.29867952     -1.64898290
     26.50000000     -1.09716179     -0.77368880     -3.29113713     -1.31739160     -0.29847239     -1.68290927
     26.52000000     -1.10320617     -0.72337431     -3.25115715     -1.30916260     -0.29912748     -1.71650268
     26.54000000     -1.10861509     -0.67355482     -3.21054283     -1.30060688     -0.29986247     -1.75049558
     26.56000000     -1.11301169     -0.62422247     -3.16927230     -1.29195426     -0.30074759     -1.78490496
     26.58000000     -1.11693982     -0.57552563     -3.12736804     -1.28260516     -0.30263547     -1.81911648
     26.60000000     -1.11978993     -0.52741081     -3.08480672     -1.27310499     -0.30485001     -1.85337996
     26.62000000     -1.12192355     -0.47986121     -3.04162869     -1.26348953     -0.30710428     -1.88756391
     26.64000000     -1.12374696     -0.43293469     -2.99791475     -1.25352160     -0.30974731     -1.92161477
     26.66000000     -1.12452034     -0.38661525     -2.95365210     -1.24378962     -0.31276107     -1.95560375
     26.68000000     -1.12488689     -0.34091029     -2.90890395     -1.23378190     -0.31622850     -1.98922247
     26.70000000     -1.12462119     -0.29579677     -2.86376850     -1.22377206     -0.32013363     -2.02265154
     26.72000000     -1.12355936     -0.25129104     -2.81829325     -1.21415371     -0.32470621     -2.05582585
     26.74000000     -1.12243905     -0.20741428     -2.77257918     -1.20442090     -0.32993931     -2.08851688
     26.76000000     -1.12046208     -0.16416956     -2.72661961     -1.19509988     -0.33577357     -2.12077342
     26.78000000     -1.11787740     -0.12156031     -2.68037617     -1.18588743     -0.34251859     -2.15220053
     26.80000000     -1.11492825     -0.07949960     -2.63390753     -1.17653376     -0.34955959     -2.18328208
     26.82000000     -1.11090873     -0.03797475     -2.58717428     -1.16767140     -0.35670125     -2.21407257
     26.84000000     -1.10669404      0.00296716     -2.54013565     -1.15879336     -0.36442161     -2.24383912
     26.86000000     -1.10198922      0.04329964     -2.49281163     -1.15029442     -0.37226841     -2.27280890
     26.88000000     -1.09649446      0.08304865     -2.44522120     -1.14230251     -0.37978890     -2.30133109
     26.90000000     -1.09090066      0.12222529     -2.39736122     -1.13422160     -0.38687439     -2.32925127
     26.92000000     -1.08427872      0.16074144     -2.34923330     -1.12658281     -0.39400610     -2.35614105
     26.94000000     -1.07705384      0.19858817     -2.30086692     -1.11903980     -0.40123227     -2.38206615
     26.96000000     -1.06936807      0.23584203     -2.25235408     -1.11156044     -0.40743689     -2.40714492
     26.98000000     -1.06068113      0.27242841     -2.20370764     -1.10457895     -0.41335550     -2.43064419
     27.00000000     -1.05164090      0.30837846     -2.15493561     -1.09754585     -0.41985737     -2.45209556
     27.02000000     -1.04189564      0.34378732     -2.10616166     -1.09087201     -0.42567453     -2.47202377
     27.04000000     -1.03139167      0.37862480     -2.05744428     -1.08452461     -0.43082304     -2.49046638
     27.06000000     -1.02041336      0.41284035     -2.00877555     -1.07801131     -0.43609343     -2.50700197
     27.08000000     -1.00820664      0.44637746     -1.96023283     -1.07168563     -0.44125874     -2.52161789
     27.10000000     -0.99516519      0.47933736     -1.91184406     -1.06506478     -0.44604930     -2.53499693
     27.12000000     -0.98126221      0.51177792     -1.86366744     -1.05825528     -0.45017327     -2.54755435
     27.14000000     -0.96619125      0.54371555     -1.81571525     -1.05151007     -0.45410740     -2.55865288
     27.16000000     -0.95052541      0.57530148     -1.76796918     -1.04445124     -0.45817381     -2.56847600
     27.18000000     -0.93386831      0.60671137     -1.72055235     -1.03749668     -0.46151551     -2.57756910
     27.20000000     -0.91642015      0.63813315     -1.67340000     -1.03044204     -0.46430927     -2.58573250
     27.22000000     -0.89825048      0.66971838     -1.62645557     -1.02298985     -0.46687628     -2.59286580
     27.24000000     -0.87883304      0.70154324     -1.57980792     -1.01546754     -0.46889302     -2.59949663
     27.26000000     -0.85875512      0.73373202     -1.53337780     -1.00742408     -0.47069298     -2.60599322
     27.28000000     -0.83772588      0.76632582     -1.48715754     -0.99899465     -0.47193066     -2.61213958
     27.30000000     -0.81559739      0.79939237     -1.44114084     -0.99030905     -0.47250174     -2.61815466
     27.32000000     -0.79299400      0.83308636     -1.39523597     -0.98099650     -0.47312127     -2.62435314
     27.34000000     -0.76937578      0.86743865     -1.34951590     -0.97156261     -0.47354189     -2.63046449
     27.36000000     -0.74526055      0.90263826     -1.30387027     -0.96178183     -0.47354681     -2.63603267
     27.38000000     -0.72097983      0.93879300     -1.25828420     -0.95162443     -0.47327662     -2.64104653
     27.40000000     -0.69601607      0.97582871     -1.21283302     -0.94170849     -0.47305640     -2.64521147
     27.42000000     -0.67111132      1.01392557     -1.16731265     -0.93145843     -0.47287116     -2.64763180
     27.44000000     -0.64592456      1.05308268     -1.12182232     -0.92107009     -0.47218256     -2.64851594
     27.46000000     -0.62020113      1.09320119     -1.07643495     -0.91079639     -0.47148110     -2.64820520
     27.48000000     -0.59455452      1.13434743     -1.03103081     -0.90009735     -0.47064868     -2.64635534
     27.50000000     -0.56832825      1.17636348     -0.98574898     -0.88946129     -0.46970013     -2.64297718
     27.52000000     -0.54168646      1.21919873     -0.94058359     -0.87868217     -0.46925228     -2.63837017
     27.54000000     -0.51488511      1.26295254     -0.89559725     -0.86745681     -0.46799798     -2.63342488
     27.56000000     -0.48724392      1.30734381     -0.85092393     -0.85612866     -0.46635520     -2.62758070
     27.58000000     -0.45927760      1.35229694     -0.80648972     -0.84440465     -0.46549187     -2.62034776
     27.60000000     -0.43092886      1.39781072     -0.76245775     -0.83249372     -0.46391397     -2.61265053
     27.62000000     -0.40224442      1.44385940     -0.71883985     -0.82041878     -0.46129987     -2.60410111
     27.64000000     -0.37352787      1.49035729     -0.67561906     -0.80792459     -0.45843595     -2.59447824
     27.66000000     -0.34426588      1.53705501     -0.63295826     -0.79544347     -0.45550206     -2.58378493
     27.68000000     -0.31495561      1.58405323     -0.59084223     -0.78267821     -0.45190225     -2.57249109
     27.70000000     -0.28569341      1.63137816     -0.54933869     -0.76966425     -0.44709612     -2.56094211
     27.72000000     -0.25630865      1.67886509     -0.50853200     -0.75686831     -0.44220172     -2.54867886
     27.74000000     -0.22731502      1.72664645     -0.46839651     -0.74395984     -0.43674310     -2.53629781
     27.76000000     -0.19851337      1.77468817     -0.42901647     -0.73112176     -0.42997703     -2.52373941
     27.78000000     -0.16978121      1.82275004     -0.39038737     -0.71836321     -0.42317170     -2.51032360
     27.80000000     -0.14127140      1.87085404     -0.35248094     -0.70520907     -0.41574277     -2.49604202
     27.82000000     -0.11238469      1.91879434     -0.31543676     -0.69165713     -0.40748743     -2.48066605
     27.84000000     -0.08325305      1.96647805     -0.27923537     -0.67737745     -0.39981534     -2.46400655
     27.86000000     -0.05366848      2.01383313     -0.24394751     -0.66235572     -0.39229087     -2.44585222
     27.88000000     -0.02377390      2.06093556     -0.20958758     -0.64667807     -0.38413495     -2.42620998
     27.90000000      0.00602998      2.10780849     -0.17611470     -0.63027386     -0.37589017     -2.40543366
     27.92000000      0.03617816      2.15422516     -0.14364651     -0.61359448     -0.36814983     -2.38318848
     27.94000000      0.06639910      2.20027054     -0.11215443     -0.59634054     -0.36009186     -2.35971182
     27.96000000      0.09658127      2.24596940     -0.08163884     -0.57825374     -0.35117718     -2.33558881
     27.98000000      0.12745509      2.29089710     -0.05226651     -0.55972479     -0.34277427     -2.31058254
     28.00000000      0.15863953      2.33512472     -0.02388396     -0.54043600     -0.33482566     -2.28459300
     28.02000000      0.19003435      2.37874140      0.00351364     -0.52042041     -0.32610713     -2.25771738
     28.04000000      0.22173866      2.42165296      0.02990115     -0.50013059     -0.31728093     -2.23005364
     28.06000000      0.25340122      2.46395863      0.05539738     -0.47942532     -0.30894397     -2.20168047
     28.08000000      0.28524561      2.50563259      0.08002222     -0.45848940     -0.30047800     -2.17252331
     28.10000000      0.31708377      2.54676039      0.10388121     -0.43728869     -0.29142378     -2.14291750
     28.12000000      0.34874074      2.58733690      0.12704381     -0.41588091     -0.28219950     -2.11326937
     28.14000000      0.38051078      2.62719943      0.14950768     -0.39454057     -0.27345068     -2.08293960
     28.16000000      0.41214060      2.66648241      0.17139803     -0.37286662     -0.26433054     -2.05196415
     28.18000000      0.44362077      2.70512692      0.19265012     -0.35095295     -0.25463626     -2.02127482
     28.20000000      0.47533261      2.74281880      0.21321923     -0.32908113     -0.24558967     -1.99046239
     28.22000000      0.50682917      2.77976995      0.23329423     -0.30691009     -0.23669473     -1.95908044
     28.24000000      0.53824884      2.81593099      0.25278094     -0.28472085     -0.22780966     -1.92767286
     28.26000000      0.56951959      2.85129829      0.27168868     -0.26283309     -0.21973875     -1.89658572
     28.28000000      0.60032047      2.88606961      0.29013457     -0.24101123     -0.21184336     -1.86541017
     28.30000000      0.63076648      2.92016549      0.30813410     -0.21946369     -0.20440496     -1.83391693
     28.32000000      0.66091470      2.95352168      0.32561268     -0.19817273     -0.19800203     -1.80296458
     28.34000000      0.69076207      2.98620567      0.34261747     -0.17692763     -0.19203155     -1.77252174
     28.36000000      0.72043520      3.01816576      0.35920660     -0.15569018     -0.18648661     -1.74186633
     28.38000000      0.74986340      3.04941229      0.37538093     -0.13442525     -0.18149516     -1.71174281
     28.40000000      0.77923416      3.07980640      0.39109941     -0.11331755     -0.17759857     -1.68236932
     28.42000000      0.80846598      3.10941136      0.40645098     -0.09222425     -0.17446991     -1.65321360
     28.44000000      0.83740010      3.13839435      0.42146722     -0.07094876     -0.17117252     -1.62469308
     28.46000000      0.86626004      3.16650949      0.43613731     -0.04976806     -0.16921176     -1.59678138
     28.48000000      0.89503052      3.19370888      0.45051274     -0.02870943     -0.16871627     -1.56952894
     28.50000000      0.92355919      3.22012734      0.46473980     -0.00752819     -0.16819361     -1.54291123
     28.52000000      0.95204843      3.24560465      0.47887981      0.01374506     -0.16829128     -1.51653416
     28.54000000      0.98061920      3.27003740      0.49294425      0.03500706     -0.16952342     -1.49109467
     28.56000000      1.00916010      3.29351257      0.50708405      0.05633896     -0.17149317     -1.46605267
     28.58000000      1.03751206      3.31617577      0.52141020      0.07771567     -0.17342566     -1.44102869
     28.60000000      1.06554799      3.33805811      0.53593019      0.09896000     -0.17532813     -1.41677590
     28.62000000      1.09338241      3.35893580      0.55067208      0.11986451     -0.17846871     -1.39267142
     28.64000000      1.12103975      3.37885450      0.56567403      0.14053851     -0.18181686     -1.36848428
     28.66000000      1.14838263      3.39796853      0.58099048      0.16140093     -0.18438386     -1.34447479
     28.68000000      1.17575121      3.41600115      0.59661708      0.18231662     -0.18735181     -1.32039769
     28.70000000      1.20328204      3.43289501      0.61258041      0.20341038     -0.19034752     -1.29610136
     28.72000000      1.23060799      3.44881972      0.62906276      0.22504476     -0.19261717     -1.27147175
     28.74000000      1.25809532      3.46360078      0.64605557      0.24698683     -0.19410966     -1.24627041
     28.76000000      1.28551350      3.47735216      0.66370858      0.26936502     -0.19513048     -1.22064335
     28.78000000      1.31271571      3.49015796      0.68215185      0.29218065     -0.19599199     -1.19435455
     28.80000000      1.33979796      3.50208687      0.70144474      0.31536309     -0.19560253     -1.16741146
     28.82000000      1.36641386      3.51324178      0.72171801      0.33916104     -0.19429819     -1.14023099
     28.84000000      1.39289251      3.52338883      0.74299041      0.36319709     -0.19293422     -1.11191940
     28.86000000      1.41897718      3.53270398      0.76527803      0.38767319     -0.19063120     -1.08298166
     28.88000000      1.44443998      3.54126409      0.78857713      0.41264959     -0.18757841     -1.05397259
     28.90000000      1.46970464      3.54884230      0.81278867      0.43763129     -0.18435170     -1.02420613
     28.92000000      1.49422647      3.55572077      0.83791344      0.46310263     -0.18087617     -0.99413987
     28.94000000      1.51831552      3.56181142      0.86382455      0.48884570     -0.17702001     -0.96371016
     28.96000000      1.54213070      3.56712259      0.89039414      0.51475197     -0.17266374     -0.93295507
     28.98000000      1.56518020      3.57185764      0.91764077      0.54100886     -0.16877172     -0.90222672
     29.00000000      1.58809084      3.57572727      0.94535465      0.56688620     -0.16514275     -0.87152992
     29.02000000      1.61022868      3.57905294      0.97359106      0.59278356     -0.16079780     -0.84109189
     29.04000000      1.63158493      3.58169420      1.00228053      0.61867730     -0.15690554     -0.81089553
     29.06000000      1.65298257      3.58323829      1.03114705      0.64400981     -0.15342807     -0.78126772
     29.08000000      1.67354200      3.58411683      1.06035940      0.66969851     -0.14957499     -0.75206052
     29.10000000      1.69352123      3.58417877      1.08985044      0.69527693     -0.14580530     -0.72280406
     29.12000000      1.71319438      3.58335053      1.11946648      0.72028387     -0.14198197     -0.69423057
     29.14000000      1.73176561      3.58203567      1.14940246      0.74538870     -0.13811142     -0.66613197
     29.16000000      1.75013797      3.57994132      1.17950459      0.77011421     -0.13408287     -0.63788913
     29.18000000      1.76815198      3.57721752      1.20975793      0.79464911     -0.13008998     -0.61040502
     29.20000000      1.78571223      3.57400484      1.24027830      0.81918634     -0.12648303     -0.58330355
     29.22000000      1.80365937      3.57008337      1.27092497      0.84343901     -0.12276183     -0.55650144
     29.24000000      1.82152824      3.56571655      1.30185527      0.86808954     -0.11937034     -0.53056978
     29.26000000      1.84010773      3.56062193      1.33308833      0.89312979     -0.11645515     -0.50436643
     29.28000000      1.85950643      3.55486267      1.36464921      0.91845671     -0.11370001     -0.47840723
     29.30000000      1.87900935      3.54876545      1.39675701      0.94414960     -0.11138164     -0.45304827
     29.32000000      1.89910070      3.54214188      1.42946892      0.96947226     -0.10917669     -0.42743692
     29.34000000      1.91921724      3.53525899      1.46294952      0.99465087     -0.10716537     -0.40231316
     29.36000000      1.93954606      3.52804372      1.49725504      1.01979117     -0.10537886     -0.37744176
     29.38000000      1.96072588      3.52026315      1.53235999      1.04479295     -0.10360625     -0.35220337
     29.40000000      1.98199545      3.51221118      1.56847340      1.07014710     -0.10244199     -0.32701222
     29.42000000      2.00400066      3.50367204      1.60550181      1.09527827     -0.10167083     -0.30183105
     29.44000000      2.02650817      3.49479099      1.64353159      1.12039572     -0.10088069     -0.27681621
     29.46000000      2.04924099      3.48567288      1.68263128      1.14575104     -0.10072932     -0.25191412
     29.48000000      2.07286888      3.47606891      1.72262691      1.17046173     -0.10133583     -0.22695830
     29.50000000      2.09637755      3.46655601      1.76368629      1.19509304     -0.10204767     -0.20250099
     29.52000000      2.11982226      3.45714190      1.80578152      1.21946523     -0.10280058     -0.17831477
     29.54000000      2.14385698      3.44750180      1.84877118      1.24316139     -0.10424753     -0.15424384
     29.56000000      2.16777565      3.43793249      1.89276649      1.26694557     -0.10655991     -0.13059956
     29.58000000      2.19222853      3.42824060      1.93759347      1.29006883     -0.10919960     -0.10763183
     29.60000000      2.21672404      3.41873028      1.98331868      1.31269928     -0.11191433     -0.08541467
     29.62000000      2.24093735      3.40952116      2.02996412      1.33504210     -0.11543029     -0.06398835
     29.64000000      2.26604949      3.40020013      2.07715371      1.35638507     -0.11966518     -0.04376952
     29.66000000      2.29123932      3.39124655      2.12503149      1.37796941     -0.12394722     -0.02442804
     29.68000000      2.31683641      3.38255123      2.17345619      1.39928893     -0.12887033     -0.00593928
     29.70000000      2.34320293      3.37405809      2.22229382      1.41990600     -0.13412381      0.01177209
     29.72000000      2.36941368      3.36627937      2.27164345      1.44063481     -0.13952448      0.02829145
     29.74000000      2.39637316      3.35896782      2.32124477      1.46065865     -0.14491287      0.04386147
     29.76000000      2.42391358      3.35234681      2.37113014      1.48061103     -0.15009063      0.05911654
     29.78000000      2.45164862      3.34659434      2.42117766      1.50045894     -0.15590731      0.07310478
     29.80000000      2.48085599      3.34138103      2.47101929      1.51988118     -0.16166768      0.08629112
     29.82000000      2.51079383      3.33712742      2.52071912      1.53996931     -0.16772392      0.09863359
     29.84000000      2.54203499      3.33362664      2.57003097      1.56024538     -0.17462168      0.11015332
     29.86000000      2.57486847      3.33090529      2.61879479      1.58053447     -0.18160603      0.12084695
     29.88000000      2.60795269      3.32955427      2.66720357      1.60132355     -0.18879120      0.12989577
     29.90000000      2.64233188      3.32917971      2.71498679      1.62188417     -0.19578919      0.13806104
     29.92000000      2.67750185      3.32996024      2.76216582      1.64256906     -0.20303265      0.14534454
     29.94000000      2.71319452      3.33192757      2.80869983      1.66362209     -0.21079607      0.15149877
     29.96000000      2.75040153      3.33465383      2.85434116      1.68446284     -0.21835898      0.15698600
     29.98000000      2.78785916      3.33858468      2.89941036      1.70581081     -0.22645278      0.16199824
     30.00000000      2.82622794      3.34342702      2.94374994      1.72709006     -0.23493803      0.16667063
