            TIME          N11-T1          N11-T2          N11-T3
----------------------------------------------------------------
      0.00100000      0.00000000      0.00000000      0.00000000
      0.00200000      0.00000000      0.00000000      0.00000000
      0.00300000      0.00000000      0.00000000      0.00000000
      0.00400000      0.00000000      0.00000000 -1.37796359E-07
      0.00500000      0.00000000      0.00000000 -2.41679113E-07
      0.00600000      0.00000000      0.00000000 -3.82529159E-07
      0.00700000      0.00000000      0.00000000 -5.63987476E-07
      0.00800000      0.00000000      0.00000000 -7.89663155E-07
      0.00900000      0.00000000      0.00000000 -1.06383324E-06
      0.01000000      0.00000000      0.00000000 -1.39087281E-06
      0.01100000      0.00000000      0.00000000 -1.72006874E-06
      0.01200000      0.00000000      0.00000000 -1.98337701E-06
      0.01300000      0.00000000      0.00000000 -2.18782246E-06
      0.01400000      0.00000000      0.00000000 -2.35441657E-06
      0.01500000      0.00000000      0.00000000 -2.48965440E-06
      0.01600000      0.00000000      0.00000000 -2.60168492E-06
      0.01700000      0.00000000      0.00000000 -2.69520224E-06
      0.01800000      0.00000000      0.00000000 -2.77456578E-06
      0.01900000      0.00000000      0.00000000 -2.83537790E-06
      0.02000000      0.00000000      0.00000000 -2.87596619E-06
      0.02100000      0.00000000      0.00000000 -2.92761699E-06
      0.02200000      0.00000000      0.00000000 -3.05287425E-06
      0.02300000      0.00000000      0.00000000 -3.28387980E-06
      0.02400000      0.00000000      0.00000000 -3.58122017E-06
      0.02500000      0.00000000      0.00000000 -3.89622573E-06
      0.02600000      0.00000000      0.00000000 -4.22463074E-06
      0.02700000      0.00000000      0.00000000 -4.55553216E-06
      0.02800000      0.00000000      0.00000000 -4.85516063E-06
      0.02900000      0.00000000      0.00000000 -5.12327347E-06
      0.03000000      0.00000000      0.00000000 -5.37997128E-06
      0.03100000      0.00000000      0.00000000 -5.62266298E-06
      0.03200000      0.00000000      0.00000000 -5.83403871E-06
      0.03300000      0.00000000      0.00000000 -5.96281609E-06
      0.03400000      0.00000000      0.00000000 -5.96461256E-06
      0.03500000      0.00000000      0.00000000 -5.87357056E-06
      0.03600000      0.00000000      0.00000000 -5.73964914E-06
      0.03700000      0.00000000      0.00000000 -5.57352728E-06
      0.03800000      0.00000000      0.00000000 -5.39359623E-06
      0.03900000      0.00000000      0.00000000 -5.23638404E-06
      0.04000000      0.00000000      0.00000000 -5.11580909E-06
      0.04100000      0.00000000      0.00000000 -5.00666594E-06
      0.04200000      0.00000000      0.00000000 -4.88317725E-06
      0.04300000      0.00000000      0.00000000 -4.76976986E-06
      0.04400000      0.00000000      0.00000000 -4.70563192E-06
      0.04500000      0.00000000      0.00000000 -4.71784612E-06
      0.04600000      0.00000000      0.00000000 -4.80198183E-06
      0.04700000      0.00000000      0.00000000 -4.90419666E-06
      0.04800000      0.00000000      0.00000000 -4.99777605E-06
      0.04900000      0.00000000      0.00000000 -5.07713175E-06
      0.05000000      0.00000000      0.00000000 -5.09302680E-06
      0.05100000      0.00000000      0.00000000 -5.01724611E-06
      0.05200000      0.00000000      0.00000000 -4.88791165E-06
      0.05300000      0.00000000      0.00000000 -4.73898319E-06
      0.05400000      0.00000000      0.00000000 -4.56172015E-06
      0.05500000      0.00000000      0.00000000 -4.32526024E-06
      0.05600000      0.00000000      0.00000000 -4.00600668E-06
      0.05700000      0.00000000      0.00000000 -3.61111449E-06
      0.05800000      0.00000000      0.00000000 -3.17740880E-06
      0.05900000      0.00000000      0.00000000 -2.73469553E-06
      0.06000000      0.00000000      0.00000000 -2.30229107E-06
      0.06100000      0.00000000      0.00000000 -1.92142262E-06
      0.06200000      0.00000000      0.00000000 -1.62820114E-06
      0.06300000      0.00000000      0.00000000 -1.40312979E-06
      0.06400000      0.00000000      0.00000000 -1.18565726E-06
      0.06500000      0.00000000      0.00000000 -9.70213519E-07
      0.06600000      0.00000000      0.00000000 -7.95672640E-07
      0.06700000      0.00000000      0.00000000 -6.64665305E-07
      0.06800000      0.00000000      0.00000000 -5.74843891E-07
      0.06900000      0.00000000      0.00000000 -5.11940454E-07
      0.07000000      0.00000000      0.00000000 -4.41164344E-07
      0.07100000      0.00000000      0.00000000 -3.46187953E-07
      0.07200000      0.00000000      0.00000000 -1.90654546E-07
      0.07300000      0.00000000      0.00000000      0.00000000
      0.07400000      0.00000000      0.00000000 +4.18445857E-07
      0.07500000      0.00000000      0.00000000 +7.88326684E-07
      0.07600000      0.00000000      0.00000000 +1.15431349E-06
      0.07700000      0.00000000      0.00000000 +1.53735048E-06
      0.07800000      0.00000000      0.00000000 +1.94927411E-06
      0.07900000      0.00000000      0.00000000 +2.37164872E-06
      0.08000000      0.00000000      0.00000000 +2.79530064E-06
      0.08100000      0.00000000      0.00000000 +3.21317660E-06
      0.08200000      0.00000000      0.00000000 +3.59370970E-06
      0.08300000      0.00000000      0.00000000 +3.89887835E-06
      0.08400000      0.00000000      0.00000000 +4.09578537E-06
      0.08500000      0.00000000      0.00000000 +4.18248010E-06
      0.08600000      0.00000000      0.00000000 +4.22307264E-06
      0.08700000      0.00000000      0.00000000 +4.26743015E-06
      0.08800000      0.00000000      0.00000000 +4.29665796E-06
      0.08900000      0.00000000      0.00000000 +4.30311165E-06
      0.09000000      0.00000000      0.00000000 +4.31086213E-06
      0.09100000      0.00000000      0.00000000 +4.31981533E-06
      0.09200000      0.00000000      0.00000000 +4.32204236E-06
      0.09300000      0.00000000      0.00000000 +4.33935856E-06
      0.09400000      0.00000000      0.00000000 +4.40756934E-06
      0.09500000      0.00000000      0.00000000 +4.56502850E-06
      0.09600000      0.00000000      0.00000000 +4.80762863E-06
      0.09700000      0.00000000      0.00000000 +5.07943547E-06
      0.09800000      0.00000000      0.00000000 +5.32971779E-06
      0.09900000      0.00000000      0.00000000 +5.54459416E-06
      0.10000000      0.00000000      0.00000000 +5.73801830E-06
      0.10100000      0.00000000      0.00000000 +5.89094968E-06
      0.10200000      0.00000000      0.00000000 +5.98554150E-06
      0.10300000      0.00000000      0.00000000 +6.05632496E-06
      0.10400000      0.00000000      0.00000000 +6.10032953E-06
      0.10500000      0.00000000      0.00000000 +6.06817661E-06
      0.10600000      0.00000000      0.00000000 +5.93344510E-06
      0.10700000      0.00000000      0.00000000 +5.69667035E-06
      0.10800000      0.00000000      0.00000000 +5.39940575E-06
      0.10900000      0.00000000      0.00000000 +5.10280134E-06
      0.11000000      0.00000000      0.00000000 +4.82726672E-06
      0.11100000      0.00000000      0.00000000 +4.56953420E-06
      0.11200000      0.00000000      0.00000000 +4.34851581E-06
      0.11300000      0.00000000      0.00000000 +4.17548930E-06
      0.11400000      0.00000000      0.00000000 +4.01749441E-06
      0.11500000      0.00000000      0.00000000 +3.85376891E-06
      0.11600000      0.00000000      0.00000000 +3.71871169E-06
      0.11700000      0.00000000      0.00000000 +3.65630757E-06
      0.11800000      0.00000000      0.00000000 +3.66030987E-06
      0.11900000      0.00000000      0.00000000 +3.68814719E-06
      0.12000000      0.00000000      0.00000000 +3.70037995E-06
      0.12100000      0.00000000      0.00000000 +3.66162653E-06
      0.12200000      0.00000000      0.00000000 +3.55965160E-06
      0.12300000      0.00000000      0.00000000 +3.39088063E-06
      0.12400000      0.00000000      0.00000000 +3.13910673E-06
      0.12500000      0.00000000      0.00000000 +2.83693671E-06
      0.12600000      0.00000000      0.00000000 +2.53587887E-06
      0.12700000      0.00000000      0.00000000 +2.20902686E-06
      0.12800000      0.00000000      0.00000000 +1.81289594E-06
      0.12900000      0.00000000      0.00000000 +1.35491665E-06
      0.13000000      0.00000000      0.00000000 +8.68057248E-07
      0.13100000      0.00000000      0.00000000 +3.92934389E-07
      0.13200000      0.00000000      0.00000000      0.00000000
      0.13300000      0.00000000      0.00000000 -4.14556183E-07
      0.13400000      0.00000000      0.00000000 -7.05913058E-07
      0.13500000      0.00000000      0.00000000 -9.16030772E-07
      0.13600000      0.00000000      0.00000000 -1.07480295E-06
      0.13700000      0.00000000      0.00000000 -1.23186321E-06
      0.13800000      0.00000000      0.00000000 -1.39726675E-06
      0.13900000      0.00000000      0.00000000 -1.52069051E-06
      0.14000000      0.00000000      0.00000000 -1.59227140E-06
      0.14100000      0.00000000      0.00000000 -1.65680905E-06
      0.14200000      0.00000000      0.00000000 -1.73534268E-06
      0.14300000      0.00000000      0.00000000 -1.84457482E-06
      0.14400000      0.00000000      0.00000000 -2.01760472E-06
      0.14500000      0.00000000      0.00000000 -2.27433376E-06
      0.14600000      0.00000000      0.00000000 -2.61075008E-06
      0.14700000      0.00000000      0.00000000 -2.99621816E-06
      0.14800000      0.00000000      0.00000000 -3.37025787E-06
      0.14900000      0.00000000      0.00000000 -3.70729666E-06
      0.15000000      0.00000000      0.00000000 -4.04485439E-06
      0.15100000      0.00000000      0.00000000 -4.39574716E-06
      0.15200000      0.00000000      0.00000000 -4.73105811E-06
      0.15300000      0.00000000      0.00000000 -5.02530363E-06
      0.15400000      0.00000000      0.00000000 -5.27161675E-06
      0.15500000      0.00000000      0.00000000 -5.45243061E-06
      0.15600000      0.00000000      0.00000000 -5.52430391E-06
      0.15700000      0.00000000      0.00000000 -5.48920065E-06
      0.15800000      0.00000000      0.00000000 -5.39473016E-06
      0.15900000      0.00000000      0.00000000 -5.28668610E-06
      0.16000000      0.00000000      0.00000000 -5.20606995E-06
      0.16100000      0.00000000      0.00000000 -5.13965763E-06
      0.16200000      0.00000000      0.00000000 -5.05505502E-06
      0.16300000      0.00000000      0.00000000 -4.97756782E-06
      0.16400000      0.00000000      0.00000000 -4.92878558E-06
      0.16500000      0.00000000      0.00000000 -4.89582734E-06
      0.16600000      0.00000000      0.00000000 -4.89359694E-06
      0.16700000      0.00000000      0.00000000 -4.96463407E-06
      0.16800000      0.00000000      0.00000000 -5.11588684E-06
      0.16900000      0.00000000      0.00000000 -5.30356763E-06
      0.17000000      0.00000000      0.00000000 -5.46701782E-06
      0.17100000      0.00000000      0.00000000 -5.57020947E-06
      0.17200000      0.00000000      0.00000000 -5.61431249E-06
      0.17300000      0.00000000      0.00000000 -5.61490041E-06
      0.17400000      0.00000000      0.00000000 -5.57320730E-06
      0.17500000      0.00000000      0.00000000 -5.47449628E-06
      0.17600000      0.00000000      0.00000000 -5.32917567E-06
      0.17700000      0.00000000      0.00000000 -5.14867170E-06
      0.17800000      0.00000000      0.00000000 -4.89166014E-06
      0.17900000      0.00000000      0.00000000 -4.52924797E-06
      0.18000000      0.00000000      0.00000000 -4.11343880E-06
      0.18100000      0.00000000      0.00000000 -3.70737223E-06
      0.18200000      0.00000000      0.00000000 -3.34018470E-06
      0.18300000      0.00000000      0.00000000 -3.02961257E-06
      0.18400000      0.00000000      0.00000000 -2.76383273E-06
      0.18500000      0.00000000      0.00000000 -2.53424771E-06
      0.18600000      0.00000000      0.00000000 -2.34782459E-06
      0.18700000      0.00000000      0.00000000 -2.18027032E-06
      0.18800000      0.00000000      0.00000000 -2.01667507E-06
      0.18900000      0.00000000      0.00000000 -1.88835771E-06
      0.19000000      0.00000000      0.00000000 -1.82719626E-06
      0.19100000      0.00000000      0.00000000 -1.80798798E-06
      0.19200000      0.00000000      0.00000000 -1.75748445E-06
      0.19300000      0.00000000      0.00000000 -1.64122662E-06
      0.19400000      0.00000000      0.00000000 -1.45969295E-06
      0.19500000      0.00000000      0.00000000 -1.20092504E-06
      0.19600000      0.00000000      0.00000000 -8.75473158E-07
      0.19700000      0.00000000      0.00000000 -5.05140554E-07
      0.19800000      0.00000000      0.00000000 -1.10503684E-07
      0.19900000      0.00000000      0.00000000 +2.79621160E-07
      0.20000000      0.00000000      0.00000000 +6.77247995E-07
      0.20100000      0.00000000      0.00000000 +1.12621776E-06
      0.20200000      0.00000000      0.00000000 +1.61101919E-06
      0.20300000      0.00000000      0.00000000 +2.06125384E-06
      0.20400000      0.00000000      0.00000000 +2.44304930E-06
      0.20500000      0.00000000      0.00000000 +2.75254109E-06
      0.20600000      0.00000000      0.00000000 +2.97782976E-06
      0.20700000      0.00000000      0.00000000 +3.11972794E-06
      0.20800000      0.00000000      0.00000000 +3.20249682E-06
      0.20900000      0.00000000      0.00000000 +3.26880622E-06
      0.21000000      0.00000000      0.00000000 +3.34788749E-06
      0.21100000      0.00000000      0.00000000 +3.42909531E-06
      0.21200000      0.00000000      0.00000000 +3.48385260E-06
      0.21300000      0.00000000      0.00000000 +3.50316434E-06
      0.21400000      0.00000000      0.00000000 +3.53665561E-06
      0.21500000      0.00000000      0.00000000 +3.63437701E-06
      0.21600000      0.00000000      0.00000000 +3.78513004E-06
      0.21700000      0.00000000      0.00000000 +3.99572818E-06
      0.21800000      0.00000000      0.00000000 +4.28624135E-06
      0.21900000      0.00000000      0.00000000 +4.61884895E-06
      0.22000000      0.00000000      0.00000000 +4.93851998E-06
      0.22100000      0.00000000      0.00000000 +5.21293899E-06
      0.22200000      0.00000000      0.00000000 +5.43716149E-06
      0.22300000      0.00000000      0.00000000 +5.64172290E-06
      0.22400000      0.00000000      0.00000000 +5.84135736E-06
      0.22500000      0.00000000      0.00000000 +6.00040901E-06
      0.22600000      0.00000000      0.00000000 +6.08453931E-06
      0.22700000      0.00000000      0.00000000 +6.09072003E-06
      0.22800000      0.00000000      0.00000000 +6.02175822E-06
      0.22900000      0.00000000      0.00000000 +5.85965479E-06
      0.23000000      0.00000000      0.00000000 +5.61828028E-06
      0.23100000      0.00000000      0.00000000 +5.37124251E-06
      0.23200000      0.00000000      0.00000000 +5.16707857E-06
      0.23300000      0.00000000      0.00000000 +5.00036139E-06
      0.23400000      0.00000000      0.00000000 +4.85228388E-06
      0.23500000      0.00000000      0.00000000 +4.70913357E-06
      0.23600000      0.00000000      0.00000000 +4.57614961E-06
      0.23700000      0.00000000      0.00000000 +4.48332208E-06
      0.23800000      0.00000000      0.00000000 +4.43563706E-06
      0.23900000      0.00000000      0.00000000 +4.41925741E-06
      0.24000000      0.00000000      0.00000000 +4.46071092E-06
      0.24100000      0.00000000      0.00000000 +4.55502277E-06
      0.24200000      0.00000000      0.00000000 +4.62768467E-06
      0.24300000      0.00000000      0.00000000 +4.62297633E-06
      0.24400000      0.00000000      0.00000000 +4.53438822E-06
      0.24500000      0.00000000      0.00000000 +4.38708637E-06
      0.24600000      0.00000000      0.00000000 +4.19804751E-06
      0.24700000      0.00000000      0.00000000 +3.96314482E-06
      0.24800000      0.00000000      0.00000000 +3.68531285E-06
      0.24900000      0.00000000      0.00000000 +3.36162666E-06
      0.25000000      0.00000000      0.00000000 +2.99400759E-06
      0.25100000      0.00000000      0.00000000 +2.57629198E-06
      0.25200000      0.00000000      0.00000000 +2.09633746E-06
      0.25300000      0.00000000      0.00000000 +1.61181746E-06
      0.25400000      0.00000000      0.00000000 +1.20420136E-06
      0.25500000      0.00000000      0.00000000 +8.79641004E-07
      0.25600000      0.00000000      0.00000000 +6.09467271E-07
      0.25700000      0.00000000      0.00000000 +3.87968884E-07
      0.25800000      0.00000000      0.00000000 +2.04328460E-07
      0.25900000      0.00000000      0.00000000      0.00000000
      0.26000000      0.00000000      0.00000000 -1.00894516E-07
      0.26100000      0.00000000      0.00000000 -2.32796838E-07
      0.26200000      0.00000000      0.00000000 -3.36695747E-07
      0.26300000      0.00000000      0.00000000 -3.99734088E-07
      0.26400000      0.00000000      0.00000000 -4.63595049E-07
      0.26500000      0.00000000      0.00000000 -6.00423223E-07
      0.26600000      0.00000000      0.00000000 -8.34381902E-07
      0.26700000      0.00000000      0.00000000 -1.13652243E-06
      0.26800000      0.00000000      0.00000000 -1.48428993E-06
      0.26900000      0.00000000      0.00000000 -1.87814930E-06
      0.27000000      0.00000000      0.00000000 -2.28708780E-06
      0.27100000      0.00000000      0.00000000 -2.67471513E-06
      0.27200000      0.00000000      0.00000000 -3.04981459E-06
      0.27300000      0.00000000      0.00000000 -3.42613257E-06
      0.27400000      0.00000000      0.00000000 -3.81120948E-06
      0.27500000      0.00000000      0.00000000 -4.18865020E-06
      0.27600000      0.00000000      0.00000000 -4.48863279E-06
      0.27700000      0.00000000      0.00000000 -4.67442496E-06
      0.27800000      0.00000000      0.00000000 -4.77807672E-06
      0.27900000      0.00000000      0.00000000 -4.81527987E-06
      0.28000000      0.00000000      0.00000000 -4.79235146E-06
      0.28100000      0.00000000      0.00000000 -4.74268619E-06
      0.28200000      0.00000000      0.00000000 -4.71116090E-06
      0.28300000      0.00000000      0.00000000 -4.70958716E-06
      0.28400000      0.00000000      0.00000000 -4.70548228E-06
      0.28500000      0.00000000      0.00000000 -4.68342673E-06
      0.28600000      0.00000000      0.00000000 -4.66215375E-06
      0.28700000      0.00000000      0.00000000 -4.68151881E-06
      0.28800000      0.00000000      0.00000000 -4.77951801E-06
      0.28900000      0.00000000      0.00000000 -4.94507091E-06
      0.29000000      0.00000000      0.00000000 -5.14532746E-06
      0.29100000      0.00000000      0.00000000 -5.37606663E-06
      0.29200000      0.00000000      0.00000000 -5.61222817E-06
      0.29300000      0.00000000      0.00000000 -5.78644513E-06
      0.29400000      0.00000000      0.00000000 -5.87739541E-06
      0.29500000      0.00000000      0.00000000 -5.92515970E-06
      0.29600000      0.00000000      0.00000000 -5.94862945E-06
      0.29700000      0.00000000      0.00000000 -5.94093463E-06
      0.29800000      0.00000000      0.00000000 -5.87642730E-06
      0.29900000      0.00000000      0.00000000 -5.72201973E-06
      0.30000000      0.00000000      0.00000000 -5.48803661E-06
      0.30100000      0.00000000      0.00000000 -5.19384636E-06
      0.30200000      0.00000000      0.00000000 -4.85055172E-06
      0.30300000      0.00000000      0.00000000 -4.48665016E-06
      0.30400000      0.00000000      0.00000000 -4.15955509E-06
      0.30500000      0.00000000      0.00000000 -3.91471986E-06
      0.30600000      0.00000000      0.00000000 -3.71970188E-06
      0.30700000      0.00000000      0.00000000 -3.52771589E-06
      0.30800000      0.00000000      0.00000000 -3.34985899E-06
      0.30900000      0.00000000      0.00000000 -3.20433658E-06
      0.31000000      0.00000000      0.00000000 -3.09513923E-06
      0.31100000      0.00000000      0.00000000 -3.03177561E-06
      0.31200000      0.00000000      0.00000000 -2.99983359E-06
      0.31300000      0.00000000      0.00000000 -2.98379516E-06
      0.31400000      0.00000000      0.00000000 -2.96890904E-06
      0.31500000      0.00000000      0.00000000 -2.89326991E-06
      0.31600000      0.00000000      0.00000000 -2.70590684E-06
      0.31700000      0.00000000      0.00000000 -2.43261596E-06
      0.31800000      0.00000000      0.00000000 -2.12516304E-06
      0.31900000      0.00000000      0.00000000 -1.79383203E-06
      0.32000000      0.00000000      0.00000000 -1.42560568E-06
      0.32100000      0.00000000      0.00000000 -1.02434184E-06
      0.32200000      0.00000000      0.00000000 -5.99591506E-07
      0.32300000      0.00000000      0.00000000 -1.48252169E-07
      0.32400000      0.00000000      0.00000000 +3.25460525E-07
      0.32500000      0.00000000      0.00000000 +7.93647155E-07
      0.32600000      0.00000000      0.00000000 +1.20775635E-06
      0.32700000      0.00000000      0.00000000 +1.51714082E-06
      0.32800000      0.00000000      0.00000000 +1.72097258E-06
      0.32900000      0.00000000      0.00000000 +1.88201531E-06
      0.33000000      0.00000000      0.00000000 +2.02721467E-06
      0.33100000      0.00000000      0.00000000 +2.13709394E-06
      0.33200000      0.00000000      0.00000000 +2.23408789E-06
      0.33300000      0.00000000      0.00000000 +2.33357446E-06
      0.33400000      0.00000000      0.00000000 +2.42061629E-06
      0.33500000      0.00000000      0.00000000 +2.49197101E-06
      0.33600000      0.00000000      0.00000000 +2.56147242E-06
      0.33700000      0.00000000      0.00000000 +2.67671185E-06
      0.33800000      0.00000000      0.00000000 +2.88617184E-06
      0.33900000      0.00000000      0.00000000 +3.18831845E-06
      0.34000000      0.00000000      0.00000000 +3.53677667E-06
      0.34100000      0.00000000      0.00000000 +3.88816443E-06
      0.34200000      0.00000000      0.00000000 +4.23936845E-06
      0.34300000      0.00000000      0.00000000 +4.58139529E-06
      0.34400000      0.00000000      0.00000000 +4.87676047E-06
      0.34500000      0.00000000      0.00000000 +5.13292757E-06
      0.34600000      0.00000000      0.00000000 +5.38401748E-06
      0.34700000      0.00000000      0.00000000 +5.61505681E-06
      0.34800000      0.00000000      0.00000000 +5.78020453E-06
      0.34900000      0.00000000      0.00000000 +5.84488573E-06
      0.35000000      0.00000000      0.00000000 +5.79872107E-06
      0.35100000      0.00000000      0.00000000 +5.67770215E-06
      0.35200000      0.00000000      0.00000000 +5.53431057E-06
      0.35300000      0.00000000      0.00000000 +5.37682181E-06
      0.35400000      0.00000000      0.00000000 +5.22175703E-06
      0.35500000      0.00000000      0.00000000 +5.10989987E-06
      0.35600000      0.00000000      0.00000000 +5.03723363E-06
      0.35700000      0.00000000      0.00000000 +4.96467870E-06
      0.35800000      0.00000000      0.00000000 +4.88120819E-06
      0.35900000      0.00000000      0.00000000 +4.82666794E-06
      0.36000000      0.00000000      0.00000000 +4.84191285E-06
      0.36100000      0.00000000      0.00000000 +4.92361653E-06
      0.36200000      0.00000000      0.00000000 +5.04635660E-06
      0.36300000      0.00000000      0.00000000 +5.17581219E-06
      0.36400000      0.00000000      0.00000000 +5.27645318E-06
      0.36500000      0.00000000      0.00000000 +5.33331010E-06
      0.36600000      0.00000000      0.00000000 +5.31367296E-06
      0.36700000      0.00000000      0.00000000 +5.19801104E-06
      0.36800000      0.00000000      0.00000000 +5.04126306E-06
      0.36900000      0.00000000      0.00000000 +4.87644422E-06
      0.37000000      0.00000000      0.00000000 +4.66661729E-06
      0.37100000      0.00000000      0.00000000 +4.38259248E-06
      0.37200000      0.00000000      0.00000000 +4.02576171E-06
      0.37300000      0.00000000      0.00000000 +3.61716299E-06
      0.37400000      0.00000000      0.00000000 +3.18675704E-06
      0.37500000      0.00000000      0.00000000 +2.76217643E-06
      0.37600000      0.00000000      0.00000000 +2.37650043E-06
      0.37700000      0.00000000      0.00000000 +2.06323961E-06
      0.37800000      0.00000000      0.00000000 +1.83603216E-06
      0.37900000      0.00000000      0.00000000 +1.65536301E-06
      0.38000000      0.00000000      0.00000000 +1.46966362E-06
      0.38100000      0.00000000      0.00000000 +1.28909196E-06
      0.38200000      0.00000000      0.00000000 +1.15415870E-06
      0.38300000      0.00000000      0.00000000 +1.06165894E-06
      0.38400000      0.00000000      0.00000000 +9.81485580E-07
      0.38500000      0.00000000      0.00000000 +9.11143130E-07
      0.38600000      0.00000000      0.00000000 +8.26333759E-07
      0.38700000      0.00000000      0.00000000 +6.82773777E-07
      0.38800000      0.00000000      0.00000000 +4.55710113E-07
      0.38900000      0.00000000      0.00000000 +1.26551039E-07
      0.39000000      0.00000000      0.00000000 -2.68357046E-07
      0.39100000      0.00000000      0.00000000 -6.62761825E-07
      0.39200000      0.00000000      0.00000000 -1.05126595E-06
      0.39300000      0.00000000      0.00000000 -1.46073761E-06
      0.39400000      0.00000000      0.00000000 -1.88948507E-06
      0.39500000      0.00000000      0.00000000 -2.31398773E-06
      0.39600000      0.00000000      0.00000000 -2.72501290E-06
      0.39700000      0.00000000      0.00000000 -3.12169350E-06
      0.39800000      0.00000000      0.00000000 -3.46295262E-06
      0.39900000      0.00000000      0.00000000 -3.69946853E-06
      0.40000000      0.00000000      0.00000000 -3.82887690E-06
      0.40100000      0.00000000      0.00000000 -3.88135193E-06
      0.40200000      0.00000000      0.00000000 -3.91039156E-06
      0.40300000      0.00000000      0.00000000 -3.95273949E-06
      0.40400000      0.00000000      0.00000000 -3.98799384E-06
      0.40500000      0.00000000      0.00000000 -4.00720460E-06
      0.40600000      0.00000000      0.00000000 -4.04147669E-06
      0.40700000      0.00000000      0.00000000 -4.08792381E-06
      0.40800000      0.00000000      0.00000000 -4.12990462E-06
      0.40900000      0.00000000      0.00000000 -4.20188902E-06
      0.41000000      0.00000000      0.00000000 -4.35326299E-06
      0.41100000      0.00000000      0.00000000 -4.59312933E-06
      0.41200000      0.00000000      0.00000000 -4.88843746E-06
      0.41300000      0.00000000      0.00000000 -5.18355888E-06
      0.41400000      0.00000000      0.00000000 -5.44053774E-06
      0.41500000      0.00000000      0.00000000 -5.65856156E-06
      0.41600000      0.00000000      0.00000000 -5.83841468E-06
      0.41700000      0.00000000      0.00000000 -5.96832244E-06
      0.41800000      0.00000000      0.00000000 -6.04418165E-06
      0.41900000      0.00000000      0.00000000 -6.09062358E-06
      0.42000000      0.00000000      0.00000000 -6.10553853E-06
      0.42100000      0.00000000      0.00000000 -6.02537864E-06
      0.42200000      0.00000000      0.00000000 -5.83180805E-06
      0.42300000      0.00000000      0.00000000 -5.57114256E-06
      0.42400000      0.00000000      0.00000000 -5.28331084E-06
      0.42500000      0.00000000      0.00000000 -5.00945716E-06
      0.42600000      0.00000000      0.00000000 -4.77092646E-06
      0.42700000      0.00000000      0.00000000 -4.56323037E-06
      0.42800000      0.00000000      0.00000000 -4.40097214E-06
      0.42900000      0.00000000      0.00000000 -4.27914887E-06
      0.43000000      0.00000000      0.00000000 -4.16239107E-06
      0.43100000      0.00000000      0.00000000 -4.04377789E-06
      0.43200000      0.00000000      0.00000000 -3.96780748E-06
      0.43300000      0.00000000      0.00000000 -3.96893050E-06
      0.43400000      0.00000000      0.00000000 -4.01156999E-06
      0.43500000      0.00000000      0.00000000 -4.04311053E-06
      0.43600000      0.00000000      0.00000000 -4.03667768E-06
      0.43700000      0.00000000      0.00000000 -3.97122065E-06
      0.43800000      0.00000000      0.00000000 -3.82551866E-06
      0.43900000      0.00000000      0.00000000 -3.59932980E-06
      0.44000000      0.00000000      0.00000000 -3.30912315E-06
      0.44100000      0.00000000      0.00000000 -2.98479640E-06
      0.44200000      0.00000000      0.00000000 -2.65995741E-06
      0.44300000      0.00000000      0.00000000 -2.30489922E-06
      0.44400000      0.00000000      0.00000000 -1.87308683E-06
      0.44500000      0.00000000      0.00000000 -1.39751877E-06
      0.44600000      0.00000000      0.00000000 -9.29009008E-07
      0.44700000      0.00000000      0.00000000 -4.87594437E-07
      0.44800000      0.00000000      0.00000000      0.00000000
      0.44900000      0.00000000      0.00000000 +2.13746810E-07
      0.45000000      0.00000000      0.00000000 +4.37666411E-07
      0.45100000      0.00000000      0.00000000 +5.94652180E-07
      0.45200000      0.00000000      0.00000000 +7.31892558E-07
      0.45300000      0.00000000      0.00000000 +8.78262089E-07
      0.45400000      0.00000000      0.00000000 +1.02276615E-06
      0.45500000      0.00000000      0.00000000 +1.13021967E-06
      0.45600000      0.00000000      0.00000000 +1.20026579E-06
      0.45700000      0.00000000      0.00000000 +1.28609850E-06
      0.45800000      0.00000000      0.00000000 +1.41075224E-06
      0.45900000      0.00000000      0.00000000 +1.57206084E-06
      0.46000000      0.00000000      0.00000000 +1.81087817E-06
      0.46100000      0.00000000      0.00000000 +2.14621913E-06
      0.46200000      0.00000000      0.00000000 +2.54237412E-06
      0.46300000      0.00000000      0.00000000 +2.95147320E-06
      0.46400000      0.00000000      0.00000000 +3.33239940E-06
      0.46500000      0.00000000      0.00000000 +3.68119901E-06
      0.46600000      0.00000000      0.00000000 +4.02775128E-06
      0.46700000      0.00000000      0.00000000 +4.37761309E-06
      0.46800000      0.00000000      0.00000000 +4.69287253E-06
      0.46900000      0.00000000      0.00000000 +4.95433982E-06
      0.47000000      0.00000000      0.00000000 +5.16286690E-06
      0.47100000      0.00000000      0.00000000 +5.29069171E-06
      0.47200000      0.00000000      0.00000000 +5.30611849E-06
      0.47300000      0.00000000      0.00000000 +5.22928420E-06
      0.47400000      0.00000000      0.00000000 +5.13019572E-06
      0.47500000      0.00000000      0.00000000 +5.05152357E-06
      0.47600000      0.00000000      0.00000000 +4.99392559E-06
      0.47700000      0.00000000      0.00000000 +4.95169434E-06
      0.47800000      0.00000000      0.00000000 +4.90839688E-06
      0.47900000      0.00000000      0.00000000 +4.87615833E-06
      0.48000000      0.00000000      0.00000000 +4.88059271E-06
      0.48100000      0.00000000      0.00000000 +4.90591870E-06
      0.48200000      0.00000000      0.00000000 +4.96814060E-06
      0.48300000      0.00000000      0.00000000 +5.11342326E-06
      0.48400000      0.00000000      0.00000000 +5.32269279E-06
      0.48500000      0.00000000      0.00000000 +5.52818600E-06
      0.48600000      0.00000000      0.00000000 +5.67765893E-06
      0.48700000      0.00000000      0.00000000 +5.76048844E-06
      0.48800000      0.00000000      0.00000000 +5.78650775E-06
      0.48900000      0.00000000      0.00000000 +5.76001069E-06
      0.49000000      0.00000000      0.00000000 +5.68259250E-06
      0.49100000      0.00000000      0.00000000 +5.55600593E-06
      0.49200000      0.00000000      0.00000000 +5.38567666E-06
      0.49300000      0.00000000      0.00000000 +5.16858816E-06
      0.49400000      0.00000000      0.00000000 +4.87095830E-06
      0.49500000      0.00000000      0.00000000 +4.48282775E-06
      0.49600000      0.00000000      0.00000000 +4.07394071E-06
      0.49700000      0.00000000      0.00000000 +3.71222000E-06
      0.49800000      0.00000000      0.00000000 +3.40064853E-06
      0.49900000      0.00000000      0.00000000 +3.13774370E-06
      0.50000000      0.00000000      0.00000000 +2.92947426E-06
      0.50100000      0.00000000      0.00000000 +2.75930262E-06
      0.50200000      0.00000000      0.00000000 +2.61349161E-06
      0.50300000      0.00000000      0.00000000 +2.47886060E-06
      0.50400000      0.00000000      0.00000000 +2.35069002E-06
      0.50500000      0.00000000      0.00000000 +2.26424381E-06
      0.50600000      0.00000000      0.00000000 +2.23435535E-06
      0.50700000      0.00000000      0.00000000 +2.20834428E-06
      0.50800000      0.00000000      0.00000000 +2.12163112E-06
      0.50900000      0.00000000      0.00000000 +1.95410730E-06
      0.51000000      0.00000000      0.00000000 +1.71862743E-06
      0.51100000      0.00000000      0.00000000 +1.41049159E-06
      0.51200000      0.00000000      0.00000000 +1.03067213E-06
      0.51300000      0.00000000      0.00000000 +6.25773385E-07
      0.51400000      0.00000000      0.00000000 +2.22937645E-07
      0.51500000      0.00000000      0.00000000 -1.82764305E-07
      0.51600000      0.00000000      0.00000000 -6.03356513E-07
      0.51700000      0.00000000      0.00000000 -1.06455963E-06
      0.51800000      0.00000000      0.00000000 -1.53484709E-06
      0.51900000      0.00000000      0.00000000 -1.94283695E-06
      0.52000000      0.00000000      0.00000000 -2.26857156E-06
      0.52100000      0.00000000      0.00000000 -2.52246280E-06
      0.52200000      0.00000000      0.00000000 -2.69543914E-06
      0.52300000      0.00000000      0.00000000 -2.78810737E-06
      0.52400000      0.00000000      0.00000000 -2.84816054E-06
      0.52500000      0.00000000      0.00000000 -2.92142780E-06
      0.52600000      0.00000000      0.00000000 -3.01324826E-06
      0.52700000      0.00000000      0.00000000 -3.09922829E-06
      0.52800000      0.00000000      0.00000000 -3.16027849E-06
      0.52900000      0.00000000      0.00000000 -3.21496499E-06
      0.53000000      0.00000000      0.00000000 -3.30642075E-06
      0.53100000      0.00000000      0.00000000 -3.46699617E-06
      0.53200000      0.00000000      0.00000000 -3.68961151E-06
      0.53300000      0.00000000      0.00000000 -3.96707038E-06
      0.53400000      0.00000000      0.00000000 -4.31352655E-06
      0.53500000      0.00000000      0.00000000 -4.68215800E-06
      0.53600000      0.00000000      0.00000000 -4.99815096E-06
      0.53700000      0.00000000      0.00000000 -5.25621069E-06
      0.53800000      0.00000000      0.00000000 -5.47844064E-06
      0.53900000      0.00000000      0.00000000 -5.67871206E-06
      0.54000000      0.00000000      0.00000000 -5.85630802E-06
      0.54100000      0.00000000      0.00000000 -5.97811706E-06
      0.54200000      0.00000000      0.00000000 -6.01938959E-06
      0.54300000      0.00000000      0.00000000 -5.98540756E-06
      0.54400000      0.00000000      0.00000000 -5.87358080E-06
      0.54500000      0.00000000      0.00000000 -5.67950718E-06
      0.54600000      0.00000000      0.00000000 -5.43807156E-06
      0.54700000      0.00000000      0.00000000 -5.22317717E-06
      0.54800000      0.00000000      0.00000000 -5.07309890E-06
      0.54900000      0.00000000      0.00000000 -4.95275416E-06
      0.55000000      0.00000000      0.00000000 -4.84057362E-06
      0.55100000      0.00000000      0.00000000 -4.74664169E-06
      0.55200000      0.00000000      0.00000000 -4.67518956E-06
      0.55300000      0.00000000      0.00000000 -4.63737255E-06
      0.55400000      0.00000000      0.00000000 -4.64098567E-06
      0.55500000      0.00000000      0.00000000 -4.68227774E-06
      0.55600000      0.00000000      0.00000000 -4.76727896E-06
      0.55700000      0.00000000      0.00000000 -4.87601204E-06
      0.55800000      0.00000000      0.00000000 -4.92817089E-06
      0.55900000      0.00000000      0.00000000 -4.87624275E-06
      0.56000000      0.00000000      0.00000000 -4.74887372E-06
      0.56100000      0.00000000      0.00000000 -4.57302546E-06
      0.56200000      0.00000000      0.00000000 -4.34971509E-06
      0.56300000      0.00000000      0.00000000 -4.07995947E-06
      0.56400000      0.00000000      0.00000000 -3.77102106E-06
      0.56500000      0.00000000      0.00000000 -3.42853455E-06
      0.56600000      0.00000000      0.00000000 -3.03873838E-06
      0.56700000      0.00000000      0.00000000 -2.59673789E-06
      0.56800000      0.00000000      0.00000000 -2.12887099E-06
      0.56900000      0.00000000      0.00000000 -1.68974889E-06
      0.57000000      0.00000000      0.00000000 -1.34583444E-06
      0.57100000      0.00000000      0.00000000 -1.08708324E-06
      0.57200000      0.00000000      0.00000000 -8.65933664E-07
      0.57300000      0.00000000      0.00000000 -6.87133082E-07
      0.57400000      0.00000000      0.00000000 -5.46054033E-07
      0.57500000      0.00000000      0.00000000 -4.10838206E-07
      0.57600000      0.00000000      0.00000000 -2.75908721E-07
      0.57700000      0.00000000      0.00000000 -1.57675881E-07
      0.57800000      0.00000000      0.00000000      0.00000000
      0.57900000      0.00000000      0.00000000      0.00000000
      0.58000000      0.00000000      0.00000000 +1.19196626E-07
      0.58100000      0.00000000      0.00000000 +3.24961818E-07
      0.58200000      0.00000000      0.00000000 +6.25463784E-07
      0.58300000      0.00000000      0.00000000 +9.82082309E-07
      0.58400000      0.00000000      0.00000000 +1.37659336E-06
      0.58500000      0.00000000      0.00000000 +1.80373275E-06
      0.58600000      0.00000000      0.00000000 +2.22924467E-06
      0.58700000      0.00000000      0.00000000 +2.61694398E-06
      0.58800000      0.00000000      0.00000000 +2.98788178E-06
      0.58900000      0.00000000      0.00000000 +3.37285041E-06
      0.59000000      0.00000000      0.00000000 +3.75017468E-06
      0.59100000      0.00000000      0.00000000 +4.08156883E-06
      0.59200000      0.00000000      0.00000000 +4.32328395E-06
      0.59300000      0.00000000      0.00000000 +4.45499186E-06
      0.59400000      0.00000000      0.00000000 +4.51235820E-06
      0.59500000      0.00000000      0.00000000 +4.52169557E-06
      0.59600000      0.00000000      0.00000000 +4.48481652E-06
      0.59700000      0.00000000      0.00000000 +4.44639051E-06
      0.59800000      0.00000000      0.00000000 +4.45087043E-06
      0.59900000      0.00000000      0.00000000 +4.48230864E-06
      0.60000000      0.00000000      0.00000000 +4.50522015E-06
      0.60100000      0.00000000      0.00000000 +4.51424578E-06
      0.60200000      0.00000000      0.00000000 +4.55149113E-06
      0.60300000      0.00000000      0.00000000 +4.65026503E-06
      0.60400000      0.00000000      0.00000000 +4.81554394E-06
      0.60500000      0.00000000      0.00000000 +5.03835576E-06
      0.60600000      0.00000000      0.00000000 +5.28729299E-06
      0.60700000      0.00000000      0.00000000 +5.54255387E-06
      0.60800000      0.00000000      0.00000000 +5.77378703E-06
      0.60900000      0.00000000      0.00000000 +5.92148694E-06
      0.61000000      0.00000000      0.00000000 +5.98224299E-06
      0.61100000      0.00000000      0.00000000 +6.01145401E-06
      0.61200000      0.00000000      0.00000000 +6.02263299E-06
      0.61300000      0.00000000      0.00000000 +5.98135143E-06
      0.61400000      0.00000000      0.00000000 +5.86781502E-06
      0.61500000      0.00000000      0.00000000 +5.67830025E-06
      0.61600000      0.00000000      0.00000000 +5.41723864E-06
      0.61700000      0.00000000      0.00000000 +5.10719093E-06
      0.61800000      0.00000000      0.00000000 +4.76817423E-06
      0.61900000      0.00000000      0.00000000 +4.43988843E-06
      0.62000000      0.00000000      0.00000000 +4.17921398E-06
      0.62100000      0.00000000      0.00000000 +3.99683202E-06
      0.62200000      0.00000000      0.00000000 +3.85109665E-06
      0.62300000      0.00000000      0.00000000 +3.70098795E-06
      0.62400000      0.00000000      0.00000000 +3.56699939E-06
      0.62500000      0.00000000      0.00000000 +3.47773203E-06
      0.62600000      0.00000000      0.00000000 +3.41572375E-06
      0.62700000      0.00000000      0.00000000 +3.37872810E-06
      0.62800000      0.00000000      0.00000000 +3.37166854E-06
      0.62900000      0.00000000      0.00000000 +3.36347835E-06
      0.63000000      0.00000000      0.00000000 +3.31652806E-06
      0.63100000      0.00000000      0.00000000 +3.18384265E-06
      0.63200000      0.00000000      0.00000000 +2.93600938E-06
      0.63300000      0.00000000      0.00000000 +2.61895128E-06
      0.63400000      0.00000000      0.00000000 +2.28303330E-06
      0.63500000      0.00000000      0.00000000 +1.92311453E-06
      0.63600000      0.00000000      0.00000000 +1.52544656E-06
      0.63700000      0.00000000      0.00000000 +1.10447765E-06
      0.63800000      0.00000000      0.00000000 +6.73304289E-07
      0.63900000      0.00000000      0.00000000 +2.20978367E-07
      0.64000000      0.00000000      0.00000000 -2.45261031E-07
      0.64100000      0.00000000      0.00000000 -6.75476756E-07
      0.64200000      0.00000000      0.00000000 -1.01830174E-06
      0.64300000      0.00000000      0.00000000 -1.25672111E-06
      0.64400000      0.00000000      0.00000000 -1.41369395E-06
      0.64500000      0.00000000      0.00000000 -1.54255520E-06
      0.64600000      0.00000000      0.00000000 -1.66533230E-06
      0.64700000      0.00000000      0.00000000 -1.76538833E-06
      0.64800000      0.00000000      0.00000000 -1.85911030E-06
      0.64900000      0.00000000      0.00000000 -1.97235515E-06
      0.65000000      0.00000000      0.00000000 -2.07809866E-06
      0.65100000      0.00000000      0.00000000 -2.16599187E-06
      0.65200000      0.00000000      0.00000000 -2.28422065E-06
      0.65300000      0.00000000      0.00000000 -2.47706880E-06
      0.65400000      0.00000000      0.00000000 -2.76652306E-06
      0.65500000      0.00000000      0.00000000 -3.12904563E-06
      0.65600000      0.00000000      0.00000000 -3.51238599E-06
      0.65700000      0.00000000      0.00000000 -3.89067648E-06
      0.65800000      0.00000000      0.00000000 -4.25348354E-06
      0.65900000      0.00000000      0.00000000 -4.58688994E-06
      0.66000000      0.00000000      0.00000000 -4.86951104E-06
      0.66100000      0.00000000      0.00000000 -5.11078707E-06
      0.66200000      0.00000000      0.00000000 -5.34865877E-06
      0.66300000      0.00000000      0.00000000 -5.55381527E-06
      0.66400000      0.00000000      0.00000000 -5.66248591E-06
      0.66500000      0.00000000      0.00000000 -5.66579440E-06
      0.66600000      0.00000000      0.00000000 -5.58458999E-06
      0.66700000      0.00000000      0.00000000 -5.45282596E-06
      0.66800000      0.00000000      0.00000000 -5.30996495E-06
      0.66900000      0.00000000      0.00000000 -5.17599624E-06
      0.67000000      0.00000000      0.00000000 -5.06565146E-06
      0.67100000      0.00000000      0.00000000 -5.00551346E-06
      0.67200000      0.00000000      0.00000000 -4.98157562E-06
      0.67300000      0.00000000      0.00000000 -4.94660967E-06
      0.67400000      0.00000000      0.00000000 -4.91070861E-06
      0.67500000      0.00000000      0.00000000 -4.92517042E-06
      0.67600000      0.00000000      0.00000000 -5.01292909E-06
      0.67700000      0.00000000      0.00000000 -5.14812573E-06
      0.67800000      0.00000000      0.00000000 -5.29583927E-06
      0.67900000      0.00000000      0.00000000 -5.43390782E-06
      0.68000000      0.00000000      0.00000000 -5.52808830E-06
      0.68100000      0.00000000      0.00000000 -5.54657364E-06
      0.68200000      0.00000000      0.00000000 -5.47853789E-06
      0.68300000      0.00000000      0.00000000 -5.33225711E-06
      0.68400000      0.00000000      0.00000000 -5.15209901E-06
      0.68500000      0.00000000      0.00000000 -4.96589862E-06
      0.68600000      0.00000000      0.00000000 -4.72338467E-06
      0.68700000      0.00000000      0.00000000 -4.39652073E-06
      0.68800000      0.00000000      0.00000000 -4.01955084E-06
      0.68900000      0.00000000      0.00000000 -3.61449827E-06
      0.69000000      0.00000000      0.00000000 -3.20073026E-06
      0.69100000      0.00000000      0.00000000 -2.81317710E-06
      0.69200000      0.00000000      0.00000000 -2.48935973E-06
      0.69300000      0.00000000      0.00000000 -2.25270571E-06
      0.69400000      0.00000000      0.00000000 -2.08401494E-06
      0.69500000      0.00000000      0.00000000 -1.93709439E-06
      0.69600000      0.00000000      0.00000000 -1.78193585E-06
      0.69700000      0.00000000      0.00000000 -1.63593736E-06
      0.69800000      0.00000000      0.00000000 -1.53492054E-06
      0.69900000      0.00000000      0.00000000 -1.46124918E-06
      0.70000000      0.00000000      0.00000000 -1.37997444E-06
      0.70100000      0.00000000      0.00000000 -1.29004778E-06
      0.70200000      0.00000000      0.00000000 -1.17237283E-06
      0.70300000      0.00000000      0.00000000 -9.71048685E-07
      0.70400000      0.00000000      0.00000000 -6.63526681E-07
      0.70500000      0.00000000      0.00000000 -2.77834276E-07
      0.70600000      0.00000000      0.00000000 +1.45410998E-07
      0.70700000      0.00000000      0.00000000 +5.60085414E-07
      0.70800000      0.00000000      0.00000000 +9.64581154E-07
      0.70900000      0.00000000      0.00000000 +1.39029127E-06
      0.71000000      0.00000000      0.00000000 +1.82170657E-06
      0.71100000      0.00000000      0.00000000 +2.23243342E-06
      0.71200000      0.00000000      0.00000000 +2.62426847E-06
      0.71300000      0.00000000      0.00000000 +2.98578015E-06
      0.71400000      0.00000000      0.00000000 +3.27166547E-06
      0.71500000      0.00000000      0.00000000 +3.43890372E-06
      0.71600000      0.00000000      0.00000000 +3.51071907E-06
      0.71700000      0.00000000      0.00000000 +3.54711215E-06
      0.71800000      0.00000000      0.00000000 +3.57922988E-06
      0.71900000      0.00000000      0.00000000 +3.62458901E-06
      0.72000000      0.00000000      0.00000000 +3.67558682E-06
      0.72100000      0.00000000      0.00000000 +3.72360620E-06
      0.72200000      0.00000000      0.00000000 +3.79230988E-06
      0.72300000      0.00000000      0.00000000 +3.87982028E-06
      0.72400000      0.00000000      0.00000000 +3.97087310E-06
      0.72500000      0.00000000      0.00000000 +4.10860568E-06
      0.72600000      0.00000000      0.00000000 +4.34349944E-06
      0.72700000      0.00000000      0.00000000 +4.65259042E-06
      0.72800000      0.00000000      0.00000000 +4.97888445E-06
      0.72900000      0.00000000      0.00000000 +5.27985147E-06
      0.73000000      0.00000000      0.00000000 +5.53574858E-06
      0.73100000      0.00000000      0.00000000 +5.74303091E-06
      0.73200000      0.00000000      0.00000000 +5.89856386E-06
      0.73300000      0.00000000      0.00000000 +5.99921417E-06
      0.73400000      0.00000000      0.00000000 +6.05422807E-06
      0.73500000      0.00000000      0.00000000 +6.07811720E-06
      0.73600000      0.00000000      0.00000000 +6.05149937E-06
      0.73700000      0.00000000      0.00000000 +5.92329128E-06
      0.73800000      0.00000000      0.00000000 +5.69054248E-06
      0.73900000      0.00000000      0.00000000 +5.42276060E-06
      0.74000000      0.00000000      0.00000000 +5.16562422E-06
      0.74100000      0.00000000      0.00000000 +4.92722680E-06
      0.74200000      0.00000000      0.00000000 +4.73333544E-06
      0.74300000      0.00000000      0.00000000 +4.59080804E-06
      0.74400000      0.00000000      0.00000000 +4.48709402E-06
      0.74500000      0.00000000      0.00000000 +4.41172606E-06
      0.74600000      0.00000000      0.00000000 +4.33444559E-06
      0.74700000      0.00000000      0.00000000 +4.26361024E-06
      0.74800000      0.00000000      0.00000000 +4.24883514E-06
      0.74900000      0.00000000      0.00000000 +4.29596908E-06
      0.75000000      0.00000000      0.00000000 +4.35605694E-06
      0.75100000      0.00000000      0.00000000 +4.37393335E-06
      0.75200000      0.00000000      0.00000000 +4.33715079E-06
      0.75300000      0.00000000      0.00000000 +4.23387990E-06
      0.75400000      0.00000000      0.00000000 +4.03588038E-06
      0.75500000      0.00000000      0.00000000 +3.75630053E-06
      0.75600000      0.00000000      0.00000000 +3.43545897E-06
      0.75700000      0.00000000      0.00000000 +3.10006416E-06
      0.75800000      0.00000000      0.00000000 +2.75314053E-06
      0.75900000      0.00000000      0.00000000 +2.36820289E-06
      0.76000000      0.00000000      0.00000000 +1.91981027E-06
      0.76100000      0.00000000      0.00000000 +1.44766915E-06
      0.76200000      0.00000000      0.00000000 +1.01182877E-06
      0.76300000      0.00000000      0.00000000 +6.19056184E-07
      0.76400000      0.00000000      0.00000000 +2.82948212E-07
      0.76500000      0.00000000      0.00000000      0.00000000
      0.76600000      0.00000000      0.00000000 -1.19621557E-07
      0.76700000      0.00000000      0.00000000 -2.41025806E-07
      0.76800000      0.00000000      0.00000000 -3.67334396E-07
      0.76900000      0.00000000      0.00000000 -5.07726286E-07
      0.77000000      0.00000000      0.00000000 -6.35849457E-07
      0.77100000      0.00000000      0.00000000 -7.36090607E-07
      0.77200000      0.00000000      0.00000000 -8.26276640E-07
      0.77300000      0.00000000      0.00000000 -9.46880221E-07
      0.77400000      0.00000000      0.00000000 -1.12144057E-06
      0.77500000      0.00000000      0.00000000 -1.34729235E-06
      0.77600000      0.00000000      0.00000000 -1.65431567E-06
      0.77700000      0.00000000      0.00000000 -2.05942639E-06
      0.77800000      0.00000000      0.00000000 -2.49784224E-06
      0.77900000      0.00000000      0.00000000 -2.91048623E-06
      0.78000000      0.00000000      0.00000000 -3.29070878E-06
      0.78100000      0.00000000      0.00000000 -3.64556633E-06
      0.78200000      0.00000000      0.00000000 -3.99135912E-06
      0.78300000      0.00000000      0.00000000 -4.32280286E-06
      0.78400000      0.00000000      0.00000000 -4.60784677E-06
      0.78500000      0.00000000      0.00000000 -4.83332497E-06
      0.78600000      0.00000000      0.00000000 -4.99593079E-06
      0.78700000      0.00000000      0.00000000 -5.06944833E-06
      0.78800000      0.00000000      0.00000000 -5.03514414E-06
      0.78900000      0.00000000      0.00000000 -4.93955587E-06
      0.79000000      0.00000000      0.00000000 -4.85841527E-06
      0.79100000      0.00000000      0.00000000 -4.81538464E-06
      0.79200000      0.00000000      0.00000000 -4.79097060E-06
      0.79300000      0.00000000      0.00000000 -4.77923488E-06
      0.79400000      0.00000000      0.00000000 -4.78592317E-06
      0.79500000      0.00000000      0.00000000 -4.81021467E-06
      0.79600000      0.00000000      0.00000000 -4.86228299E-06
      0.79700000      0.00000000      0.00000000 -4.94926049E-06
      0.79800000      0.00000000      0.00000000 -5.08043572E-06
      0.79900000      0.00000000      0.00000000 -5.28612272E-06
      0.80000000      0.00000000      0.00000000 -5.53287614E-06
      0.80100000      0.00000000      0.00000000 -5.73158468E-06
      0.80200000      0.00000000      0.00000000 -5.85446737E-06
      0.80300000      0.00000000      0.00000000 -5.91286221E-06
      0.80400000      0.00000000      0.00000000 -5.91237864E-06
      0.80500000      0.00000000      0.00000000 -5.85354775E-06
      0.80600000      0.00000000      0.00000000 -5.74035204E-06
      0.80700000      0.00000000      0.00000000 -5.58983617E-06
      0.80800000      0.00000000      0.00000000 -5.39788915E-06
      0.80900000      0.00000000      0.00000000 -5.14442620E-06
      0.81000000      0.00000000      0.00000000 -4.81449721E-06
      0.81100000      0.00000000      0.00000000 -4.42509212E-06
      0.81200000      0.00000000      0.00000000 -4.04881076E-06
      0.81300000      0.00000000      0.00000000 -3.74262864E-06
      0.81400000      0.00000000      0.00000000 -3.49248436E-06
      0.81500000      0.00000000      0.00000000 -3.28432207E-06
      0.81600000      0.00000000      0.00000000 -3.13362106E-06
      0.81700000      0.00000000      0.00000000 -3.01912415E-06
      0.81800000      0.00000000      0.00000000 -2.90607072E-06
      0.81900000      0.00000000      0.00000000 -2.79551580E-06
      0.82000000      0.00000000      0.00000000 -2.70427326E-06
      0.82100000      0.00000000      0.00000000 -2.65156035E-06
      0.82200000      0.00000000      0.00000000 -2.62976082E-06
      0.82300000      0.00000000      0.00000000 -2.57711214E-06
      0.82400000      0.00000000      0.00000000 -2.43947887E-06
      0.82500000      0.00000000      0.00000000 -2.21870560E-06
      0.82600000      0.00000000      0.00000000 -1.92896575E-06
      0.82700000      0.00000000      0.00000000 -1.56823434E-06
      0.82800000      0.00000000      0.00000000 -1.14984852E-06
      0.82900000      0.00000000      0.00000000 -7.24019299E-07
      0.83000000      0.00000000      0.00000000 -3.20321756E-07
      0.83100000      0.00000000      0.00000000      0.00000000
      0.83200000      0.00000000      0.00000000 +5.32923772E-07
      0.83300000      0.00000000      0.00000000 +9.85739005E-07
      0.83400000      0.00000000      0.00000000 +1.41881748E-06
      0.83500000      0.00000000      0.00000000 +1.77560568E-06
      0.83600000      0.00000000      0.00000000 +2.04143026E-06
      0.83700000      0.00000000      0.00000000 +2.24019109E-06
      0.83800000      0.00000000      0.00000000 +2.36235692E-06
      0.83900000      0.00000000      0.00000000 +2.42132789E-06
      0.84000000      0.00000000      0.00000000 +2.47715748E-06
      0.84100000      0.00000000      0.00000000 +2.56923819E-06
      0.84200000      0.00000000      0.00000000 +2.67864727E-06
      0.84300000      0.00000000      0.00000000 +2.77237224E-06
      0.84400000      0.00000000      0.00000000 +2.85584586E-06
      0.84500000      0.00000000      0.00000000 +2.96066119E-06
      0.84600000      0.00000000      0.00000000 +3.11784820E-06
      0.84700000      0.00000000      0.00000000 +3.34268584E-06
      0.84800000      0.00000000      0.00000000 +3.63053783E-06
      0.84900000      0.00000000      0.00000000 +3.97272964E-06
      0.85000000      0.00000000      0.00000000 +4.35799987E-06
      0.85100000      0.00000000      0.00000000 +4.73487544E-06
      0.85200000      0.00000000      0.00000000 +5.03653138E-06
      0.85300000      0.00000000      0.00000000 +5.27116582E-06
      0.85400000      0.00000000      0.00000000 +5.48687481E-06
      0.85500000      0.00000000      0.00000000 +5.67591533E-06
      0.85600000      0.00000000      0.00000000 +5.81681836E-06
      0.85700000      0.00000000      0.00000000 +5.89793542E-06
      0.85800000      0.00000000      0.00000000 +5.90077384E-06
      0.85900000      0.00000000      0.00000000 +5.82833109E-06
      0.86000000      0.00000000      0.00000000 +5.68239007E-06
      0.86100000      0.00000000      0.00000000 +5.47325217E-06
      0.86200000      0.00000000      0.00000000 +5.25626409E-06
      0.86300000      0.00000000      0.00000000 +5.09454845E-06
      0.86400000      0.00000000      0.00000000 +4.99909132E-06
      0.86500000      0.00000000      0.00000000 +4.92749050E-06
      0.86600000      0.00000000      0.00000000 +4.85817061E-06
      0.86700000      0.00000000      0.00000000 +4.81716659E-06
      0.86800000      0.00000000      0.00000000 +4.80818795E-06
      0.86900000      0.00000000      0.00000000 +4.81938555E-06
      0.87000000      0.00000000      0.00000000 +4.86847411E-06
      0.87100000      0.00000000      0.00000000 +4.95954069E-06
      0.87200000      0.00000000      0.00000000 +5.07284500E-06
      0.87300000      0.00000000      0.00000000 +5.16905685E-06
      0.87400000      0.00000000      0.00000000 +5.18072558E-06
      0.87500000      0.00000000      0.00000000 +5.08121483E-06
      0.87600000      0.00000000      0.00000000 +4.91481457E-06
      0.87700000      0.00000000      0.00000000 +4.70991016E-06
      0.87800000      0.00000000      0.00000000 +4.45391660E-06
      0.87900000      0.00000000      0.00000000 +4.15222808E-06
      0.88000000      0.00000000      0.00000000 +3.82580564E-06
      0.88100000      0.00000000      0.00000000 +3.46942723E-06
      0.88200000      0.00000000      0.00000000 +3.06396061E-06
      0.88300000      0.00000000      0.00000000 +2.61832696E-06
      0.88400000      0.00000000      0.00000000 +2.18133431E-06
      0.88500000      0.00000000      0.00000000 +1.81168286E-06
      0.88600000      0.00000000      0.00000000 +1.53476699E-06
      0.88700000      0.00000000      0.00000000 +1.33335896E-06
      0.88800000      0.00000000      0.00000000 +1.16416347E-06
      0.88900000      0.00000000      0.00000000 +1.02150867E-06
      0.89000000      0.00000000      0.00000000 +9.12082001E-07
      0.89100000      0.00000000      0.00000000 +7.91703014E-07
      0.89200000      0.00000000      0.00000000 +6.57707948E-07
      0.89300000      0.00000000      0.00000000 +5.48672530E-07
      0.89400000      0.00000000      0.00000000 +4.59983970E-07
      0.89500000      0.00000000      0.00000000 +3.52537389E-07
      0.89600000      0.00000000      0.00000000 +1.75148939E-07
      0.89700000      0.00000000      0.00000000 -1.01706544E-07
      0.89800000      0.00000000      0.00000000 -4.60301239E-07
      0.89900000      0.00000000      0.00000000 -8.64995678E-07
      0.90000000      0.00000000      0.00000000 -1.29704059E-06
      0.90100000      0.00000000      0.00000000 -1.74282188E-06
      0.90200000      0.00000000      0.00000000 -2.16681252E-06
      0.90300000      0.00000000      0.00000000 -2.54549081E-06
      0.90400000      0.00000000      0.00000000 -2.91116202E-06
      0.90500000      0.00000000      0.00000000 -3.29111788E-06
      0.90600000      0.00000000      0.00000000 -3.64429317E-06
      0.90700000      0.00000000      0.00000000 -3.91679196E-06
      0.90800000      0.00000000      0.00000000 -4.09580926E-06
      0.90900000      0.00000000      0.00000000 -4.18427944E-06
      0.91000000      0.00000000      0.00000000 -4.20575479E-06
      0.91100000      0.00000000      0.00000000 -4.19418282E-06
      0.91200000      0.00000000      0.00000000 -4.16483616E-06
      0.91300000      0.00000000      0.00000000 -4.15591846E-06
      0.91400000      0.00000000      0.00000000 -4.20283494E-06
      0.91500000      0.00000000      0.00000000 -4.27168386E-06
      0.91600000      0.00000000      0.00000000 -4.32224929E-06
      0.91700000      0.00000000      0.00000000 -4.37813633E-06
      0.91800000      0.00000000      0.00000000 -4.48345600E-06
      0.91900000      0.00000000      0.00000000 -4.65660555E-06
      0.92000000      0.00000000      0.00000000 -4.88356395E-06
      0.92100000      0.00000000      0.00000000 -5.14841597E-06
      0.92200000      0.00000000      0.00000000 -5.43346168E-06
      0.92300000      0.00000000      0.00000000 -5.69557890E-06
      0.92400000      0.00000000      0.00000000 -5.89778337E-06
      0.92500000      0.00000000      0.00000000 -6.01087727E-06
      0.92600000      0.00000000      0.00000000 -6.04388134E-06
      0.92700000      0.00000000      0.00000000 -6.05430554E-06
      0.92800000      0.00000000      0.00000000 -6.04482174E-06
      0.92900000      0.00000000      0.00000000 -5.96525269E-06
      0.93000000      0.00000000      0.00000000 -5.80873836E-06
      0.93100000      0.00000000      0.00000000 -5.59258902E-06
      0.93200000      0.00000000      0.00000000 -5.31971405E-06
      0.93300000      0.00000000      0.00000000 -5.00592260E-06
      0.93400000      0.00000000      0.00000000 -4.69098106E-06
      0.93500000      0.00000000      0.00000000 -4.42307110E-06
      0.93600000      0.00000000      0.00000000 -4.23449169E-06
      0.93700000      0.00000000      0.00000000 -4.11394833E-06
      0.93800000      0.00000000      0.00000000 -4.01067769E-06
      0.93900000      0.00000000      0.00000000 -3.90357883E-06
      0.94000000      0.00000000      0.00000000 -3.81880079E-06
      0.94100000      0.00000000      0.00000000 -3.77346439E-06
      0.94200000      0.00000000      0.00000000 -3.74828703E-06
      0.94300000      0.00000000      0.00000000 -3.72957088E-06
      0.94400000      0.00000000      0.00000000 -3.73053619E-06
      0.94500000      0.00000000      0.00000000 -3.71407822E-06
      0.94600000      0.00000000      0.00000000 -3.61527702E-06
      0.94700000      0.00000000      0.00000000 -3.41395035E-06
      0.94800000      0.00000000      0.00000000 -3.11605924E-06
      0.94900000      0.00000000      0.00000000 -2.76416638E-06
      0.95000000      0.00000000      0.00000000 -2.40351680E-06
      0.95100000      0.00000000      0.00000000 -2.02017890E-06
      0.95200000      0.00000000      0.00000000 -1.60339011E-06
      0.95300000      0.00000000      0.00000000 -1.17768066E-06
      0.95400000      0.00000000      0.00000000 -7.49485128E-07
      0.95500000      0.00000000      0.00000000 -3.06182037E-07
      0.95600000      0.00000000      0.00000000 +1.33702479E-07
      0.95700000      0.00000000      0.00000000 +5.06869088E-07
      0.95800000      0.00000000      0.00000000 +7.71372345E-07
      0.95900000      0.00000000      0.00000000 +9.45523237E-07
      0.96000000      0.00000000      0.00000000 +1.06906974E-06
      0.96100000      0.00000000      0.00000000 +1.17505299E-06
      0.96200000      0.00000000      0.00000000 +1.28177236E-06
      0.96300000      0.00000000      0.00000000 +1.38374695E-06
      0.96400000      0.00000000      0.00000000 +1.49111235E-06
      0.96500000      0.00000000      0.00000000 +1.62251181E-06
      0.96600000      0.00000000      0.00000000 +1.75169743E-06
      0.96700000      0.00000000      0.00000000 +1.87367908E-06
      0.96800000      0.00000000      0.00000000 +2.05127531E-06
      0.96900000      0.00000000      0.00000000 +2.32991053E-06
      0.97000000      0.00000000      0.00000000 +2.68915432E-06
      0.97100000      0.00000000      0.00000000 +3.09215082E-06
      0.97200000      0.00000000      0.00000000 +3.50195496E-06
      0.97300000      0.00000000      0.00000000 +3.89145696E-06
      0.97400000      0.00000000      0.00000000 +4.25199322E-06
      0.97500000      0.00000000      0.00000000 +4.56373806E-06
      0.97600000      0.00000000      0.00000000 +4.82349184E-06
      0.97700000      0.00000000      0.00000000 +5.05321506E-06
      0.97800000      0.00000000      0.00000000 +5.26692589E-06
      0.97900000      0.00000000      0.00000000 +5.43125800E-06
      0.98000000      0.00000000      0.00000000 +5.48386801E-06
      0.98100000      0.00000000      0.00000000 +5.43437947E-06
      0.98200000      0.00000000      0.00000000 +5.33639171E-06
      0.98300000      0.00000000      0.00000000 +5.20902887E-06
      0.98400000      0.00000000      0.00000000 +5.08071733E-06
      0.98500000      0.00000000      0.00000000 +4.98567440E-06
      0.98600000      0.00000000      0.00000000 +4.93429735E-06
      0.98700000      0.00000000      0.00000000 +4.93032746E-06
      0.98800000      0.00000000      0.00000000 +4.94855548E-06
      0.98900000      0.00000000      0.00000000 +4.95638676E-06
      0.99000000      0.00000000      0.00000000 +4.97564305E-06
      0.99100000      0.00000000      0.00000000 +5.05962158E-06
      0.99200000      0.00000000      0.00000000 +5.20855565E-06
      0.99300000      0.00000000      0.00000000 +5.37709334E-06
      0.99400000      0.00000000      0.00000000 +5.53613147E-06
      0.99500000      0.00000000      0.00000000 +5.66775469E-06
      0.99600000      0.00000000      0.00000000 +5.73650847E-06
      0.99700000      0.00000000      0.00000000 +5.70690188E-06
      0.99800000      0.00000000      0.00000000 +5.58862888E-06
      0.99900000      0.00000000      0.00000000 +5.41819066E-06
      1.00000000      0.00000000      0.00000000 +5.22338269E-06
      1.00100000      0.00000000      0.00000000 +5.00814134E-06
      1.00200000      0.00000000      0.00000000 +4.73500720E-06
      1.00300000      0.00000000      0.00000000 +4.38274403E-06
      1.00400000      0.00000000      0.00000000 +3.99927285E-06
      1.00500000      0.00000000      0.00000000 +3.61544426E-06
      1.00600000      0.00000000      0.00000000 +3.23311456E-06
      1.00700000      0.00000000      0.00000000 +2.89766058E-06
      1.00800000      0.00000000      0.00000000 +2.65085691E-06
      1.00900000      0.00000000      0.00000000 +2.48666007E-06
      1.01000000      0.00000000      0.00000000 +2.36560878E-06
      1.01100000      0.00000000      0.00000000 +2.24429601E-06
      1.01200000      0.00000000      0.00000000 +2.11596259E-06
      1.01300000      0.00000000      0.00000000 +2.00443897E-06
      1.01400000      0.00000000      0.00000000 +1.92235434E-06
      1.01500000      0.00000000      0.00000000 +1.85103905E-06
      1.01600000      0.00000000      0.00000000 +1.75764106E-06
      1.01700000      0.00000000      0.00000000 +1.63663740E-06
      1.01800000      0.00000000      0.00000000 +1.47088635E-06
      1.01900000      0.00000000      0.00000000 +1.20060450E-06
      1.02000000      0.00000000      0.00000000 +8.20944933E-07
      1.02100000      0.00000000      0.00000000 +3.91436716E-07
      1.02200000      0.00000000      0.00000000      0.00000000
      1.02300000      0.00000000      0.00000000 -4.69657214E-07
      1.02400000      0.00000000      0.00000000 -8.88295124E-07
      1.02500000      0.00000000      0.00000000 -1.31237510E-06
      1.02600000      0.00000000      0.00000000 -1.73238994E-06
      1.02700000      0.00000000      0.00000000 -2.12160780E-06
      1.02800000      0.00000000      0.00000000 -2.48202637E-06
      1.02900000      0.00000000      0.00000000 -2.79911766E-06
      1.03000000      0.00000000      0.00000000 -3.01761654E-06
      1.03100000      0.00000000      0.00000000 -3.12110137E-06
      1.03200000      0.00000000      0.00000000 -3.15764159E-06
      1.03300000      0.00000000      0.00000000 -3.19040518E-06
      1.03400000      0.00000000      0.00000000 -3.23888598E-06
      1.03500000      0.00000000      0.00000000 -3.29548505E-06
      1.03600000      0.00000000      0.00000000 -3.37108053E-06
      1.03700000      0.00000000      0.00000000 -3.46292081E-06
      1.03800000      0.00000000      0.00000000 -3.57007847E-06
      1.03900000      0.00000000      0.00000000 -3.70025652E-06
      1.04000000      0.00000000      0.00000000 -3.85020767E-06
      1.04100000      0.00000000      0.00000000 -4.06098886E-06
      1.04200000      0.00000000      0.00000000 -4.37014125E-06
      1.04300000      0.00000000      0.00000000 -4.72827511E-06
      1.04400000      0.00000000      0.00000000 -5.06483006E-06
      1.04500000      0.00000000      0.00000000 -5.35825308E-06
      1.04600000      0.00000000      0.00000000 -5.60321296E-06
      1.04700000      0.00000000      0.00000000 -5.78802160E-06
      1.04800000      0.00000000      0.00000000 -5.91016084E-06
      1.04900000      0.00000000      0.00000000 -5.98093899E-06
      1.05000000      0.00000000      0.00000000 -6.01685754E-06
      1.05100000      0.00000000      0.00000000 -6.01395455E-06
      1.05200000      0.00000000      0.00000000 -5.94226570E-06
      1.05300000      0.00000000      0.00000000 -5.77140934E-06
      1.05400000      0.00000000      0.00000000 -5.52329697E-06
      1.05500000      0.00000000      0.00000000 -5.27120439E-06
      1.05600000      0.00000000      0.00000000 -5.05434081E-06
      1.05700000      0.00000000      0.00000000 -4.86694468E-06
      1.05800000      0.00000000      0.00000000 -4.72702509E-06
      1.05900000      0.00000000      0.00000000 -4.65237015E-06
      1.06000000      0.00000000      0.00000000 -4.60891079E-06
      1.06100000      0.00000000      0.00000000 -4.56797250E-06
      1.06200000      0.00000000      0.00000000 -4.53079848E-06
      1.06300000      0.00000000      0.00000000 -4.51222814E-06
      1.06400000      0.00000000      0.00000000 -4.54696887E-06
      1.06500000      0.00000000      0.00000000 -4.62369002E-06
      1.06600000      0.00000000      0.00000000 -4.67657584E-06
      1.06700000      0.00000000      0.00000000 -4.66876505E-06
      1.06800000      0.00000000      0.00000000 -4.59364581E-06
      1.06900000      0.00000000      0.00000000 -4.43976500E-06
      1.07000000      0.00000000      0.00000000 -4.19008024E-06
      1.07100000      0.00000000      0.00000000 -3.86551827E-06
      1.07200000      0.00000000      0.00000000 -3.52675278E-06
      1.07300000      0.00000000      0.00000000 -3.18683134E-06
      1.07400000      0.00000000      0.00000000 -2.81970899E-06
      1.07500000      0.00000000      0.00000000 -2.41237019E-06
      1.07600000      0.00000000      0.00000000 -1.96572006E-06
      1.07700000      0.00000000      0.00000000 -1.52052215E-06
      1.07800000      0.00000000      0.00000000 -1.12703667E-06
      1.07900000      0.00000000      0.00000000 -7.91557021E-07
      1.08000000      0.00000000      0.00000000 -5.20490261E-07
      1.08100000      0.00000000      0.00000000 -3.43060872E-07
      1.08200000      0.00000000      0.00000000 -2.37834653E-07
      1.08300000      0.00000000      0.00000000 -1.35278334E-07
      1.08400000      0.00000000      0.00000000      0.00000000
      1.08500000      0.00000000      0.00000000 +1.26399645E-07
      1.08600000      0.00000000      0.00000000 +2.47281477E-07
      1.08700000      0.00000000      0.00000000 +3.55597811E-07
      1.08800000      0.00000000      0.00000000 +4.80049702E-07
      1.08900000      0.00000000      0.00000000 +6.48031056E-07
      1.09000000      0.00000000      0.00000000 +8.74424811E-07
      1.09100000      0.00000000      0.00000000 +1.17032071E-06
      1.09200000      0.00000000      0.00000000 +1.54758758E-06
      1.09300000      0.00000000      0.00000000 +2.00158904E-06
      1.09400000      0.00000000      0.00000000 +2.46144499E-06
      1.09500000      0.00000000      0.00000000 +2.86530630E-06
      1.09600000      0.00000000      0.00000000 +3.23535458E-06
      1.09700000      0.00000000      0.00000000 +3.59194915E-06
      1.09800000      0.00000000      0.00000000 +3.92321908E-06
      1.09900000      0.00000000      0.00000000 +4.22242279E-06
      1.10000000      0.00000000      0.00000000 +4.47305018E-06
      1.10100000      0.00000000      0.00000000 +4.65870044E-06
      1.10200000      0.00000000      0.00000000 +4.77268977E-06
      1.10300000      0.00000000      0.00000000 +4.79301331E-06
      1.10400000      0.00000000      0.00000000 +4.72652396E-06
      1.10500000      0.00000000      0.00000000 +4.63750832E-06
      1.10600000      0.00000000      0.00000000 +4.59028157E-06
      1.10700000      0.00000000      0.00000000 +4.58971938E-06
      1.10800000      0.00000000      0.00000000 +4.60301972E-06
      1.10900000      0.00000000      0.00000000 +4.63319025E-06
      1.11000000      0.00000000      0.00000000 +4.69484553E-06
      1.11100000      0.00000000      0.00000000 +4.77595100E-06
      1.11200000      0.00000000      0.00000000 +4.87734522E-06
      1.11300000      0.00000000      0.00000000 +5.02154550E-06
      1.11400000      0.00000000      0.00000000 +5.22187886E-06
      1.11500000      0.00000000      0.00000000 +5.47125251E-06
      1.11600000      0.00000000      0.00000000 +5.72407125E-06
      1.11700000      0.00000000      0.00000000 +5.90308848E-06
      1.11800000      0.00000000      0.00000000 +5.98908598E-06
      1.11900000      0.00000000      0.00000000 +6.01858824E-06
      1.12000000      0.00000000      0.00000000 +5.98837968E-06
      1.12100000      0.00000000      0.00000000 +5.89116077E-06
      1.12200000      0.00000000      0.00000000 +5.75128656E-06
      1.12300000      0.00000000      0.00000000 +5.58086305E-06
      1.12400000      0.00000000      0.00000000 +5.36848774E-06
      1.12500000      0.00000000      0.00000000 +5.08550951E-06
      1.12600000      0.00000000      0.00000000 +4.73735404E-06
      1.12700000      0.00000000      0.00000000 +4.37362689E-06
      1.12800000      0.00000000      0.00000000 +4.05086085E-06
      1.12900000      0.00000000      0.00000000 +3.80584500E-06
      1.13000000      0.00000000      0.00000000 +3.61966389E-06
      1.13100000      0.00000000      0.00000000 +3.47157433E-06
      1.13200000      0.00000000      0.00000000 +3.37485363E-06
      1.13300000      0.00000000      0.00000000 +3.30492101E-06
      1.13400000      0.00000000      0.00000000 +3.21657289E-06
      1.13500000      0.00000000      0.00000000 +3.12549607E-06
      1.13600000      0.00000000      0.00000000 +3.06668867E-06
      1.13700000      0.00000000      0.00000000 +3.03544932E-06
      1.13800000      0.00000000      0.00000000 +2.99732588E-06
      1.13900000      0.00000000      0.00000000 +2.89973955E-06
      1.14000000      0.00000000      0.00000000 +2.70749583E-06
      1.14100000      0.00000000      0.00000000 +2.43147054E-06
      1.14200000      0.00000000      0.00000000 +2.08924202E-06
      1.14300000      0.00000000      0.00000000 +1.68271403E-06
      1.14400000      0.00000000      0.00000000 +1.24029217E-06
      1.14500000      0.00000000      0.00000000 +8.12470157E-07
      1.14600000      0.00000000      0.00000000 +4.11214937E-07
      1.14700000      0.00000000      0.00000000      0.00000000
      1.14800000      0.00000000      0.00000000 -4.48225635E-07
      1.14900000      0.00000000      0.00000000 -8.78307722E-07
      1.15000000      0.00000000      0.00000000 -1.25397666E-06
      1.15100000      0.00000000      0.00000000 -1.55423553E-06
      1.15200000      0.00000000      0.00000000 -1.76579978E-06
      1.15300000      0.00000000      0.00000000 -1.90621578E-06
      1.15400000      0.00000000      0.00000000 -1.98970319E-06
      1.15500000      0.00000000      0.00000000 -2.03355478E-06
      1.15600000      0.00000000      0.00000000 -2.10284530E-06
      1.15700000      0.00000000      0.00000000 -2.22281894E-06
      1.15800000      0.00000000      0.00000000 -2.34972412E-06
      1.15900000      0.00000000      0.00000000 -2.46148379E-06
      1.16000000      0.00000000      0.00000000 -2.58158231E-06
      1.16100000      0.00000000      0.00000000 -2.74742399E-06
      1.16200000      0.00000000      0.00000000 -2.97230036E-06
      1.16300000      0.00000000      0.00000000 -3.25703717E-06
      1.16400000      0.00000000      0.00000000 -3.60544754E-06
      1.16500000      0.00000000      0.00000000 -3.99969360E-06
      1.16600000      0.00000000      0.00000000 -4.40331133E-06
      1.16700000      0.00000000      0.00000000 -4.76469290E-06
      1.16800000      0.00000000      0.00000000 -5.04071483E-06
      1.16900000      0.00000000      0.00000000 -5.25525724E-06
      1.17000000      0.00000000      0.00000000 -5.45457785E-06
      1.17100000      0.00000000      0.00000000 -5.62292767E-06
      1.17200000      0.00000000      0.00000000 -5.72331599E-06
      1.17300000      0.00000000      0.00000000 -5.76047260E-06
      1.17400000      0.00000000      0.00000000 -5.73432211E-06
      1.17500000      0.00000000      0.00000000 -5.62805955E-06
      1.17600000      0.00000000      0.00000000 -5.45867784E-06
      1.17700000      0.00000000      0.00000000 -5.26016607E-06
      1.17800000      0.00000000      0.00000000 -5.08888907E-06
      1.17900000      0.00000000      0.00000000 -4.99232581E-06
      1.18000000      0.00000000      0.00000000 -4.95167831E-06
      1.18100000      0.00000000      0.00000000 -4.92688865E-06
      1.18200000      0.00000000      0.00000000 -4.90910624E-06
      1.18300000      0.00000000      0.00000000 -4.92168715E-06
      1.18400000      0.00000000      0.00000000 -4.96657345E-06
      1.18500000      0.00000000      0.00000000 -5.02333721E-06
      1.18600000      0.00000000      0.00000000 -5.10942069E-06
      1.18700000      0.00000000      0.00000000 -5.23784542E-06
      1.18800000      0.00000000      0.00000000 -5.35953679E-06
      1.18900000      0.00000000      0.00000000 -5.41795895E-06
      1.19000000      0.00000000      0.00000000 -5.37807071E-06
      1.19100000      0.00000000      0.00000000 -5.23438332E-06
      1.19200000      0.00000000      0.00000000 -5.03235715E-06
      1.19300000      0.00000000      0.00000000 -4.79742026E-06
      1.19400000      0.00000000      0.00000000 -4.51338477E-06
      1.19500000      0.00000000      0.00000000 -4.19143200E-06
      1.19600000      0.00000000      0.00000000 -3.85613969E-06
      1.19700000      0.00000000      0.00000000 -3.49355701E-06
      1.19800000      0.00000000      0.00000000 -3.08265874E-06
      1.19900000      0.00000000      0.00000000 -2.65373333E-06
      1.20000000      0.00000000      0.00000000 -2.27281696E-06
      1.20100000      0.00000000      0.00000000 -1.97961666E-06
      1.20200000      0.00000000      0.00000000 -1.77072696E-06
      1.20300000      0.00000000      0.00000000 -1.61860023E-06
      1.20400000      0.00000000      0.00000000 -1.49471037E-06
      1.20500000      0.00000000      0.00000000 -1.38693306E-06
      1.20600000      0.00000000      0.00000000 -1.28836006E-06
      1.20700000      0.00000000      0.00000000 -1.17387241E-06
      1.20800000      0.00000000      0.00000000 -1.03851460E-06
      1.20900000      0.00000000      0.00000000 -9.26831257E-07
      1.21000000      0.00000000      0.00000000 -8.26369238E-07
      1.21100000      0.00000000      0.00000000 -6.65325503E-07
      1.21200000      0.00000000      0.00000000 -4.14142938E-07
      1.21300000      0.00000000      0.00000000      0.00000000
      1.21400000      0.00000000      0.00000000 +3.35177771E-07
      1.21500000      0.00000000      0.00000000 +7.77600533E-07
      1.21600000      0.00000000      0.00000000 +1.23508018E-06
      1.21700000      0.00000000      0.00000000 +1.68174331E-06
      1.21800000      0.00000000      0.00000000 +2.08831456E-06
      1.21900000      0.00000000      0.00000000 +2.45410660E-06
      1.22000000      0.00000000      0.00000000 +2.81062699E-06
      1.22100000      0.00000000      0.00000000 +3.17186311E-06
      1.22200000      0.00000000      0.00000000 +3.48310966E-06
      1.22300000      0.00000000      0.00000000 +3.69251178E-06
      1.22400000      0.00000000      0.00000000 +3.81416315E-06
      1.22500000      0.00000000      0.00000000 +3.86861063E-06
      1.22600000      0.00000000      0.00000000 +3.86848562E-06
      1.22700000      0.00000000      0.00000000 +3.84830279E-06
      1.22800000      0.00000000      0.00000000 +3.84589888E-06
      1.22900000      0.00000000      0.00000000 +3.88461864E-06
      1.23000000      0.00000000      0.00000000 +3.97422118E-06
      1.23100000      0.00000000      0.00000000 +4.07986569E-06
      1.23200000      0.00000000      0.00000000 +4.16780515E-06
      1.23300000      0.00000000      0.00000000 +4.27882589E-06
      1.23400000      0.00000000      0.00000000 +4.45732549E-06
      1.23500000      0.00000000      0.00000000 +4.69513792E-06
      1.23600000      0.00000000      0.00000000 +4.96965062E-06
      1.23700000      0.00000000      0.00000000 +5.26810775E-06
      1.23800000      0.00000000      0.00000000 +5.56750456E-06
      1.23900000      0.00000000      0.00000000 +5.81752033E-06
      1.24000000      0.00000000      0.00000000 +5.97589275E-06
      1.24100000      0.00000000      0.00000000 +6.04768373E-06
      1.24200000      0.00000000      0.00000000 +6.06213194E-06
      1.24300000      0.00000000      0.00000000 +6.05067466E-06
      1.24400000      0.00000000      0.00000000 +6.01188550E-06
      1.24500000      0.00000000      0.00000000 +5.89789250E-06
      1.24600000      0.00000000      0.00000000 +5.70749855E-06
      1.24700000      0.00000000      0.00000000 +5.47767813E-06
      1.24800000      0.00000000      0.00000000 +5.20546017E-06
      1.24900000      0.00000000      0.00000000 +4.90497970E-06
      1.25000000      0.00000000      0.00000000 +4.63641009E-06
      1.25100000      0.00000000      0.00000000 +4.44360843E-06
      1.25200000      0.00000000      0.00000000 +4.33031568E-06
      1.25300000      0.00000000      0.00000000 +4.26124060E-06
      1.25400000      0.00000000      0.00000000 +4.19791574E-06
      1.25500000      0.00000000      0.00000000 +4.13514554E-06
      1.25600000      0.00000000      0.00000000 +4.09442763E-06
      1.25700000      0.00000000      0.00000000 +4.08378805E-06
      1.25800000      0.00000000      0.00000000 +4.07863298E-06
      1.25900000      0.00000000      0.00000000 +4.07202765E-06
      1.26000000      0.00000000      0.00000000 +4.06577545E-06
      1.26100000      0.00000000      0.00000000 +4.01667793E-06
      1.26200000      0.00000000      0.00000000 +3.85735282E-06
      1.26300000      0.00000000      0.00000000 +3.58503049E-06
      1.26400000      0.00000000      0.00000000 +3.24832219E-06
      1.26500000      0.00000000      0.00000000 +2.87545598E-06
      1.26600000      0.00000000      0.00000000 +2.49054152E-06
      1.26700000      0.00000000      0.00000000 +2.09359860E-06
      1.26800000      0.00000000      0.00000000 +1.67313428E-06
      1.26900000      0.00000000      0.00000000 +1.25315327E-06
      1.27000000      0.00000000      0.00000000 +8.38457733E-07
      1.27100000      0.00000000      0.00000000 +4.14839817E-07
      1.27200000      0.00000000      0.00000000      0.00000000
      1.27300000      0.00000000      0.00000000 -2.80394836E-07
      1.27400000      0.00000000      0.00000000 -4.70594100E-07
      1.27500000      0.00000000      0.00000000 -5.93250811E-07
      1.27600000      0.00000000      0.00000000 -6.95170415E-07
      1.27700000      0.00000000      0.00000000 -7.88847777E-07
      1.27800000      0.00000000      0.00000000 -8.88623482E-07
      1.27900000      0.00000000      0.00000000 -1.00598545E-06
      1.28000000      0.00000000      0.00000000 -1.14006106E-06
      1.28100000      0.00000000      0.00000000 -1.29234054E-06
      1.28200000      0.00000000      0.00000000 -1.45109738E-06
      1.28300000      0.00000000      0.00000000 -1.62245663E-06
      1.28400000      0.00000000      0.00000000 -1.87108683E-06
      1.28500000      0.00000000      0.00000000 -2.22793483E-06
      1.28600000      0.00000000      0.00000000 -2.64289895E-06
      1.28700000      0.00000000      0.00000000 -3.06968957E-06
      1.28800000      0.00000000      0.00000000 -3.49057082E-06
      1.28900000      0.00000000      0.00000000 -3.88168523E-06
      1.29000000      0.00000000      0.00000000 -4.22012019E-06
      1.29100000      0.00000000      0.00000000 -4.50224897E-06
      1.29200000      0.00000000      0.00000000 -4.73842476E-06
      1.29300000      0.00000000      0.00000000 -4.95118525E-06
      1.29400000      0.00000000      0.00000000 -5.13572513E-06
      1.29500000      0.00000000      0.00000000 -5.24616469E-06
      1.29600000      0.00000000      0.00000000 -5.24867800E-06
      1.29700000      0.00000000      0.00000000 -5.16792929E-06
      1.29800000      0.00000000      0.00000000 -5.06468435E-06
      1.29900000      0.00000000      0.00000000 -4.95920716E-06
      1.30000000      0.00000000      0.00000000 -4.86117573E-06
      1.30100000      0.00000000      0.00000000 -4.81731323E-06
      1.30200000      0.00000000      0.00000000 -4.83603844E-06
      1.30300000      0.00000000      0.00000000 -4.88355376E-06
      1.30400000      0.00000000      0.00000000 -4.94056507E-06
      1.30500000      0.00000000      0.00000000 -4.99494585E-06
      1.30600000      0.00000000      0.00000000 -5.07513137E-06
      1.30700000      0.00000000      0.00000000 -5.22185941E-06
      1.30800000      0.00000000      0.00000000 -5.41273311E-06
      1.30900000      0.00000000      0.00000000 -5.59840714E-06
      1.31000000      0.00000000      0.00000000 -5.75339490E-06
      1.31100000      0.00000000      0.00000000 -5.86408259E-06
      1.31200000      0.00000000      0.00000000 -5.89111429E-06
      1.31300000      0.00000000      0.00000000 -5.80762921E-06
      1.31400000      0.00000000      0.00000000 -5.64778896E-06
      1.31500000      0.00000000      0.00000000 -5.46002023E-06
      1.31600000      0.00000000      0.00000000 -5.25380688E-06
      1.31700000      0.00000000      0.00000000 -5.01007731E-06
      1.31800000      0.00000000      0.00000000 -4.71017264E-06
      1.31900000      0.00000000      0.00000000 -4.35419250E-06
      1.32000000      0.00000000      0.00000000 -3.98147969E-06
      1.32100000      0.00000000      0.00000000 -3.62815403E-06
      1.32200000      0.00000000      0.00000000 -3.29684976E-06
      1.32300000      0.00000000      0.00000000 -3.02631213E-06
      1.32400000      0.00000000      0.00000000 -2.86027832E-06
      1.32500000      0.00000000      0.00000000 -2.76115633E-06
      1.32600000      0.00000000      0.00000000 -2.67120995E-06
      1.32700000      0.00000000      0.00000000 -2.57055778E-06
      1.32800000      0.00000000      0.00000000 -2.46735690E-06
      1.32900000      0.00000000      0.00000000 -2.37974665E-06
      1.33000000      0.00000000      0.00000000 -2.30415341E-06
      1.33100000      0.00000000      0.00000000 -2.21818231E-06
      1.33200000      0.00000000      0.00000000 -2.10290562E-06
      1.33300000      0.00000000      0.00000000 -1.94268210E-06
      1.33400000      0.00000000      0.00000000 -1.71183813E-06
      1.33500000      0.00000000      0.00000000 -1.37279764E-06
      1.33600000      0.00000000      0.00000000 -9.35240085E-07
      1.33700000      0.00000000      0.00000000 -4.79683787E-07
      1.33800000      0.00000000      0.00000000      0.00000000
      1.33900000      0.00000000      0.00000000 +3.85500263E-07
      1.34000000      0.00000000      0.00000000 +8.07642739E-07
      1.34100000      0.00000000      0.00000000 +1.21763476E-06
      1.34200000      0.00000000      0.00000000 +1.61094027E-06
      1.34300000      0.00000000      0.00000000 +1.97349324E-06
      1.34400000      0.00000000      0.00000000 +2.29517816E-06
      1.34500000      0.00000000      0.00000000 +2.55308058E-06
      1.34600000      0.00000000      0.00000000 +2.70614249E-06
      1.34700000      0.00000000      0.00000000 +2.75836646E-06
      1.34800000      0.00000000      0.00000000 +2.78140445E-06
      1.34900000      0.00000000      0.00000000 +2.82741321E-06
      1.35000000      0.00000000      0.00000000 +2.89558633E-06
      1.35100000      0.00000000      0.00000000 +2.97840699E-06
      1.35200000      0.00000000      0.00000000 +3.08806830E-06
      1.35300000      0.00000000      0.00000000 +3.22872320E-06
      1.35400000      0.00000000      0.00000000 +3.38123067E-06
      1.35500000      0.00000000      0.00000000 +3.55213535E-06
      1.35600000      0.00000000      0.00000000 +3.76987500E-06
      1.35700000      0.00000000      0.00000000 +4.05564513E-06
      1.35800000      0.00000000      0.00000000 +4.41948002E-06
      1.35900000      0.00000000      0.00000000 +4.80393458E-06
      1.36000000      0.00000000      0.00000000 +5.13380262E-06
      1.36100000      0.00000000      0.00000000 +5.40843298E-06
      1.36200000      0.00000000      0.00000000 +5.63237276E-06
      1.36300000      0.00000000      0.00000000 +5.78453699E-06
      1.36400000      0.00000000      0.00000000 +5.86966177E-06
      1.36500000      0.00000000      0.00000000 +5.91470198E-06
      1.36600000      0.00000000      0.00000000 +5.93201345E-06
      1.36700000      0.00000000      0.00000000 +5.89904616E-06
      1.36800000      0.00000000      0.00000000 +5.78350588E-06
      1.36900000      0.00000000      0.00000000 +5.58516178E-06
      1.37000000      0.00000000      0.00000000 +5.34650831E-06
      1.37100000      0.00000000      0.00000000 +5.12917396E-06
      1.37200000      0.00000000      0.00000000 +4.96187109E-06
      1.37300000      0.00000000      0.00000000 +4.83492759E-06
      1.37400000      0.00000000      0.00000000 +4.76001000E-06
      1.37500000      0.00000000      0.00000000 +4.74911532E-06
      1.37600000      0.00000000      0.00000000 +4.75737942E-06
      1.37700000      0.00000000      0.00000000 +4.74755064E-06
      1.37800000      0.00000000      0.00000000 +4.74604128E-06
      1.37900000      0.00000000      0.00000000 +4.78071156E-06
      1.38000000      0.00000000      0.00000000 +4.85083611E-06
      1.38100000      0.00000000      0.00000000 +4.93068593E-06
      1.38200000      0.00000000      0.00000000 +4.96337265E-06
      1.38300000      0.00000000      0.00000000 +4.91727290E-06
      1.38400000      0.00000000      0.00000000 +4.79655901E-06
      1.38500000      0.00000000      0.00000000 +4.58825426E-06
      1.38600000      0.00000000      0.00000000 +4.28753267E-06
      1.38700000      0.00000000      0.00000000 +3.93777943E-06
      1.38800000      0.00000000      0.00000000 +3.59092341E-06
      1.38900000      0.00000000      0.00000000 +3.24876906E-06
      1.39000000      0.00000000      0.00000000 +2.86937812E-06
      1.39100000      0.00000000      0.00000000 +2.44985432E-06
      1.39200000      0.00000000      0.00000000 +2.02686500E-06
      1.39300000      0.00000000      0.00000000 +1.62571666E-06
      1.39400000      0.00000000      0.00000000 +1.28203251E-06
      1.39500000      0.00000000      0.00000000 +1.01053806E-06
      1.39600000      0.00000000      0.00000000 +8.09594987E-07
      1.39700000      0.00000000      0.00000000 +6.92087792E-07
      1.39800000      0.00000000      0.00000000 +6.19984887E-07
      1.39900000      0.00000000      0.00000000 +5.22093243E-07
      1.40000000      0.00000000      0.00000000 +3.87186955E-07
      1.40100000      0.00000000      0.00000000 +2.53865206E-07
      1.40200000      0.00000000      0.00000000 +1.32068825E-07
      1.40300000      0.00000000      0.00000000      0.00000000
      1.40400000      0.00000000      0.00000000 -1.71963467E-07
      1.40500000      0.00000000      0.00000000 -3.91318956E-07
      1.40600000      0.00000000      0.00000000 -6.75889296E-07
      1.40700000      0.00000000      0.00000000 -1.03926496E-06
      1.40800000      0.00000000      0.00000000 -1.48033952E-06
      1.40900000      0.00000000      0.00000000 -1.96086794E-06
      1.41000000      0.00000000      0.00000000 -2.41699941E-06
      1.41100000      0.00000000      0.00000000 -2.80721386E-06
      1.41200000      0.00000000      0.00000000 -3.16064945E-06
      1.41300000      0.00000000      0.00000000 -3.50723950E-06
      1.41400000      0.00000000      0.00000000 -3.81501747E-06
      1.41500000      0.00000000      0.00000000 -4.07208899E-06
      1.41600000      0.00000000      0.00000000 -4.28594405E-06
      1.41700000      0.00000000      0.00000000 -4.43294597E-06
      1.41800000      0.00000000      0.00000000 -4.49489773E-06
      1.41900000      0.00000000      0.00000000 -4.47361206E-06
      1.42000000      0.00000000      0.00000000 -4.39803420E-06
      1.42100000      0.00000000      0.00000000 -4.33771725E-06
      1.42200000      0.00000000      0.00000000 -4.33780314E-06
      1.42300000      0.00000000      0.00000000 -4.38040867E-06
      1.42400000      0.00000000      0.00000000 -4.43950298E-06
      1.42500000      0.00000000      0.00000000 -4.51981606E-06
      1.42600000      0.00000000      0.00000000 -4.63649900E-06
      1.42700000      0.00000000      0.00000000 -4.77184188E-06
      1.42800000      0.00000000      0.00000000 -4.92063354E-06
      1.42900000      0.00000000      0.00000000 -5.12098627E-06
      1.43000000      0.00000000      0.00000000 -5.37813565E-06
      1.43100000      0.00000000      0.00000000 -5.65032649E-06
      1.43200000      0.00000000      0.00000000 -5.88340703E-06
      1.43300000      0.00000000      0.00000000 -6.02794693E-06
      1.43400000      0.00000000      0.00000000 -6.07910165E-06
      1.43500000      0.00000000      0.00000000 -6.07162053E-06
      1.43600000      0.00000000      0.00000000 -6.00886817E-06
      1.43700000      0.00000000      0.00000000 -5.88000891E-06
      1.43800000      0.00000000      0.00000000 -5.71734899E-06
      1.43900000      0.00000000      0.00000000 -5.53700553E-06
      1.44000000      0.00000000      0.00000000 -5.30384265E-06
      1.44100000      0.00000000      0.00000000 -5.00123926E-06
      1.44200000      0.00000000      0.00000000 -4.66056060E-06
      1.44300000      0.00000000      0.00000000 -4.34158013E-06
      1.44400000      0.00000000      0.00000000 -4.08918534E-06
      1.44500000      0.00000000      0.00000000 -3.90693096E-06
      1.44600000      0.00000000      0.00000000 -3.78313896E-06
      1.44700000      0.00000000      0.00000000 -3.69882822E-06
      1.44800000      0.00000000      0.00000000 -3.64646170E-06
      1.44900000      0.00000000      0.00000000 -3.60608342E-06
      1.45000000      0.00000000      0.00000000 -3.53634125E-06
      1.45100000      0.00000000      0.00000000 -3.46169831E-06
      1.45200000      0.00000000      0.00000000 -3.42634626E-06
      1.45300000      0.00000000      0.00000000 -3.39837122E-06
      1.45400000      0.00000000      0.00000000 -3.32304782E-06
      1.45500000      0.00000000      0.00000000 -3.16884098E-06
      1.45600000      0.00000000      0.00000000 -2.92218698E-06
      1.45700000      0.00000000      0.00000000 -2.59382013E-06
      1.45800000      0.00000000      0.00000000 -2.20199296E-06
      1.45900000      0.00000000      0.00000000 -1.76397902E-06
      1.46000000      0.00000000      0.00000000 -1.31581778E-06
      1.46100000      0.00000000      0.00000000 -8.98756258E-07
      1.46200000      0.00000000      0.00000000 -5.04492096E-07
      1.46300000      0.00000000      0.00000000      0.00000000
      1.46400000      0.00000000      0.00000000 +3.37819286E-07
      1.46500000      0.00000000      0.00000000 +7.27106009E-07
      1.46600000      0.00000000      0.00000000 +1.03926642E-06
      1.46700000      0.00000000      0.00000000 +1.27932887E-06
      1.46800000      0.00000000      0.00000000 +1.44204203E-06
      1.46900000      0.00000000      0.00000000 +1.53251183E-06
      1.47000000      0.00000000      0.00000000 +1.58711856E-06
      1.47100000      0.00000000      0.00000000 +1.64223014E-06
      1.47200000      0.00000000      0.00000000 +1.73840977E-06
      1.47300000      0.00000000      0.00000000 +1.88667274E-06
      1.47400000      0.00000000      0.00000000 +2.03787135E-06
      1.47500000      0.00000000      0.00000000 +2.17523615E-06
      1.47600000      0.00000000      0.00000000 +2.34720780E-06
      1.47700000      0.00000000      0.00000000 +2.57813280E-06
      1.47800000      0.00000000      0.00000000 +2.86490083E-06
      1.47900000      0.00000000      0.00000000 +3.20712912E-06
      1.48000000      0.00000000      0.00000000 +3.60454608E-06
      1.48100000      0.00000000      0.00000000 +4.03358678E-06
      1.48200000      0.00000000      0.00000000 +4.43258679E-06
      1.48300000      0.00000000      0.00000000 +4.75887696E-06
      1.48400000      0.00000000      0.00000000 +5.00644498E-06
      1.48500000      0.00000000      0.00000000 +5.20079144E-06
      1.48600000      0.00000000      0.00000000 +5.37739656E-06
      1.48700000      0.00000000      0.00000000 +5.51439157E-06
      1.48800000      0.00000000      0.00000000 +5.57560716E-06
      1.48900000      0.00000000      0.00000000 +5.57596117E-06
      1.49000000      0.00000000      0.00000000 +5.52304220E-06
      1.49100000      0.00000000      0.00000000 +5.39677685E-06
      1.49200000      0.00000000      0.00000000 +5.21908078E-06
      1.49300000      0.00000000      0.00000000 +5.05541423E-06
      1.49400000      0.00000000      0.00000000 +4.95145244E-06
      1.49500000      0.00000000      0.00000000 +4.91910413E-06
      1.49600000      0.00000000      0.00000000 +4.93336361E-06
      1.49700000      0.00000000      0.00000000 +4.95564750E-06
      1.49800000      0.00000000      0.00000000 +4.99137526E-06
      1.49900000      0.00000000      0.00000000 +5.05650229E-06
      1.50000000      0.00000000      0.00000000 +5.14236072E-06
      1.50100000      0.00000000      0.00000000 +5.23822113E-06
      1.50200000      0.00000000      0.00000000 +5.35597772E-06
      1.50300000      0.00000000      0.00000000 +5.50061357E-06
      1.50400000      0.00000000      0.00000000 +5.60863714E-06
      1.50500000      0.00000000      0.00000000 +5.61312963E-06
      1.50600000      0.00000000      0.00000000 +5.51545111E-06
      1.50700000      0.00000000      0.00000000 +5.33667734E-06
      1.50800000      0.00000000      0.00000000 +5.10236402E-06
      1.50900000      0.00000000      0.00000000 +4.83830086E-06
      1.51000000      0.00000000      0.00000000 +4.53692252E-06
      1.51100000      0.00000000      0.00000000 +4.20720323E-06
      1.51200000      0.00000000      0.00000000 +3.87187768E-06
      1.51300000      0.00000000      0.00000000 +3.50959172E-06
      1.51400000      0.00000000      0.00000000 +3.10833944E-06
      1.51500000      0.00000000      0.00000000 +2.71960662E-06
      1.51600000      0.00000000      0.00000000 +2.41078148E-06
      1.51700000      0.00000000      0.00000000 +2.19648807E-06
      1.51800000      0.00000000      0.00000000 +2.04756482E-06
      1.51900000      0.00000000      0.00000000 +1.93843015E-06
      1.52000000      0.00000000      0.00000000 +1.85229514E-06
      1.52100000      0.00000000      0.00000000 +1.76679434E-06
      1.52200000      0.00000000      0.00000000 +1.66695596E-06
      1.52300000      0.00000000      0.00000000 +1.54477965E-06
      1.52400000      0.00000000      0.00000000 +1.40855084E-06
      1.52500000      0.00000000      0.00000000 +1.28436124E-06
      1.52600000      0.00000000      0.00000000 +1.14842522E-06
      1.52700000      0.00000000      0.00000000 +9.26513072E-07
      1.52800000      0.00000000      0.00000000 +5.98596489E-07
      1.52900000      0.00000000      0.00000000 +2.04099883E-07
      1.53000000      0.00000000      0.00000000 -2.40166249E-07
      1.53100000      0.00000000      0.00000000 -7.12782068E-07
      1.53200000      0.00000000      0.00000000 -1.17608278E-06
      1.53300000      0.00000000      0.00000000 -1.60644003E-06
      1.53400000      0.00000000      0.00000000 -1.98702051E-06
      1.53500000      0.00000000      0.00000000 -2.33503881E-06
      1.53600000      0.00000000      0.00000000 -2.67947322E-06
      1.53700000      0.00000000      0.00000000 -3.00544301E-06
      1.53800000      0.00000000      0.00000000 -3.26195349E-06
      1.53900000      0.00000000      0.00000000 -3.41322839E-06
      1.54000000      0.00000000      0.00000000 -3.48703661E-06
      1.54100000      0.00000000      0.00000000 -3.51921704E-06
      1.54200000      0.00000000      0.00000000 -3.51094013E-06
      1.54300000      0.00000000      0.00000000 -3.50150357E-06
      1.54400000      0.00000000      0.00000000 -3.54262872E-06
      1.54500000      0.00000000      0.00000000 -3.63917502E-06
      1.54600000      0.00000000      0.00000000 -3.77107230E-06
      1.54700000      0.00000000      0.00000000 -3.91037261E-06
      1.54800000      0.00000000      0.00000000 -4.04748198E-06
      1.54900000      0.00000000      0.00000000 -4.21992308E-06
      1.55000000      0.00000000      0.00000000 -4.46494769E-06
      1.55100000      0.00000000      0.00000000 -4.75625423E-06
      1.55200000      0.00000000      0.00000000 -5.06382360E-06
      1.55300000      0.00000000      0.00000000 -5.38185666E-06
      1.55400000      0.00000000      0.00000000 -5.67679900E-06
      1.55500000      0.00000000      0.00000000 -5.89196662E-06
      1.55600000      0.00000000      0.00000000 -6.00093592E-06
      1.55700000      0.00000000      0.00000000 -6.03455912E-06
      1.55800000      0.00000000      0.00000000 -6.03243929E-06
      1.55900000      0.00000000      0.00000000 -6.00128166E-06
      1.56000000      0.00000000      0.00000000 -5.92611929E-06
      1.56100000      0.00000000      0.00000000 -5.78511328E-06
      1.56200000      0.00000000      0.00000000 -5.57889473E-06
      1.56300000      0.00000000      0.00000000 -5.34330914E-06
      1.56400000      0.00000000      0.00000000 -5.08720713E-06
      1.56500000      0.00000000      0.00000000 -4.82091729E-06
      1.56600000      0.00000000      0.00000000 -4.61586324E-06
      1.56700000      0.00000000      0.00000000 -4.50847792E-06
      1.56800000      0.00000000      0.00000000 -4.46193926E-06
      1.56900000      0.00000000      0.00000000 -4.43620753E-06
      1.57000000      0.00000000      0.00000000 -4.41020287E-06
      1.57100000      0.00000000      0.00000000 -4.38886826E-06
      1.57200000      0.00000000      0.00000000 -4.38546304E-06
      1.57300000      0.00000000      0.00000000 -4.39289834E-06
      1.57400000      0.00000000      0.00000000 -4.39838066E-06
      1.57500000      0.00000000      0.00000000 -4.39222908E-06
      1.57600000      0.00000000      0.00000000 -4.36296424E-06
      1.57700000      0.00000000      0.00000000 -4.26205727E-06
      1.57800000      0.00000000      0.00000000 -4.03491280E-06
      1.57900000      0.00000000      0.00000000 -3.70591758E-06
      1.58000000      0.00000000      0.00000000 -3.33898721E-06
      1.58100000      0.00000000      0.00000000 -2.95610117E-06
      1.58200000      0.00000000      0.00000000 -2.55578026E-06
      1.58300000      0.00000000      0.00000000 -2.15217451E-06
      1.58400000      0.00000000      0.00000000 -1.74727254E-06
      1.58500000      0.00000000      0.00000000 -1.34202318E-06
      1.58600000      0.00000000      0.00000000 -9.46223314E-07
      1.58700000      0.00000000      0.00000000 -5.60321180E-07
      1.58800000      0.00000000      0.00000000 -2.26162492E-07
      1.58900000      0.00000000      0.00000000      0.00000000
      1.59000000      0.00000000      0.00000000 +1.22737626E-07
      1.59100000      0.00000000      0.00000000 +2.12708917E-07
      1.59200000      0.00000000      0.00000000 +3.01044956E-07
      1.59300000      0.00000000      0.00000000 +3.94077123E-07
      1.59400000      0.00000000      0.00000000 +5.00727611E-07
      1.59500000      0.00000000      0.00000000 +6.44027832E-07
      1.59600000      0.00000000      0.00000000 +8.13295940E-07
      1.59700000      0.00000000      0.00000000 +9.89635191E-07
      1.59800000      0.00000000      0.00000000 +1.18383502E-06
      1.59900000      0.00000000      0.00000000 +1.41954017E-06
      1.60000000      0.00000000      0.00000000 +1.74217884E-06
      1.60100000      0.00000000      0.00000000 +2.16191556E-06
      1.60200000      0.00000000      0.00000000 +2.61430845E-06
      1.60300000      0.00000000      0.00000000 +3.05022010E-06
      1.60400000      0.00000000      0.00000000 +3.46844802E-06
      1.60500000      0.00000000      0.00000000 +3.84508766E-06
      1.60600000      0.00000000      0.00000000 +4.15013269E-06
      1.60700000      0.00000000      0.00000000 +4.39623324E-06
      1.60800000      0.00000000      0.00000000 +4.61145661E-06
      1.60900000      0.00000000      0.00000000 +4.80369530E-06
      1.61000000      0.00000000      0.00000000 +4.94807449E-06
      1.61100000      0.00000000      0.00000000 +5.00577454E-06
      1.61200000      0.00000000      0.00000000 +4.96855195E-06
      1.61300000      0.00000000      0.00000000 +4.87851424E-06
      1.61400000      0.00000000      0.00000000 +4.78699252E-06
      1.61500000      0.00000000      0.00000000 +4.71229014E-06
      1.61600000      0.00000000      0.00000000 +4.66543802E-06
      1.61700000      0.00000000      0.00000000 +4.68298643E-06
      1.61800000      0.00000000      0.00000000 +4.76887505E-06
      1.61900000      0.00000000      0.00000000 +4.86714701E-06
      1.62000000      0.00000000      0.00000000 +4.95577043E-06
      1.62100000      0.00000000      0.00000000 +5.06212247E-06
      1.62200000      0.00000000      0.00000000 +5.20459957E-06
      1.62300000      0.00000000      0.00000000 +5.39668512E-06
      1.62400000      0.00000000      0.00000000 +5.61256334E-06
      1.62500000      0.00000000      0.00000000 +5.79732095E-06
      1.62600000      0.00000000      0.00000000 +5.93626297E-06
      1.62700000      0.00000000      0.00000000 +6.01065815E-06
      1.62800000      0.00000000      0.00000000 +5.98357622E-06
      1.62900000      0.00000000      0.00000000 +5.85061295E-06
      1.63000000      0.00000000      0.00000000 +5.66020398E-06
      1.63100000      0.00000000      0.00000000 +5.46339787E-06
      1.63200000      0.00000000      0.00000000 +5.24576579E-06
      1.63300000      0.00000000      0.00000000 +4.97829007E-06
      1.63400000      0.00000000      0.00000000 +4.66478341E-06
      1.63500000      0.00000000      0.00000000 +4.32241287E-06
      1.63600000      0.00000000      0.00000000 +3.97871079E-06
      1.63700000      0.00000000      0.00000000 +3.66482002E-06
      1.63800000      0.00000000      0.00000000 +3.39861648E-06
      1.63900000      0.00000000      0.00000000 +3.20703212E-06
      1.64000000      0.00000000      0.00000000 +3.11269898E-06
      1.64100000      0.00000000      0.00000000 +3.06480711E-06
      1.64200000      0.00000000      0.00000000 +2.99463961E-06
      1.64300000      0.00000000      0.00000000 +2.90727313E-06
      1.64400000      0.00000000      0.00000000 +2.82700182E-06
      1.64500000      0.00000000      0.00000000 +2.74949134E-06
      1.64600000      0.00000000      0.00000000 +2.66416112E-06
      1.64700000      0.00000000      0.00000000 +2.55477311E-06
      1.64800000      0.00000000      0.00000000 +2.40656281E-06
      1.64900000      0.00000000      0.00000000 +2.19768350E-06
      1.65000000      0.00000000      0.00000000 +1.89541626E-06
      1.65100000      0.00000000      0.00000000 +1.49053956E-06
      1.65200000      0.00000000      0.00000000 +1.01982558E-06
      1.65300000      0.00000000      0.00000000 +5.54822042E-07
      1.65400000      0.00000000      0.00000000 +1.26573599E-07
      1.65500000      0.00000000      0.00000000 -2.96119206E-07
      1.65600000      0.00000000      0.00000000 -7.12077534E-07
      1.65700000      0.00000000      0.00000000 -1.09393017E-06
      1.65800000      0.00000000      0.00000000 -1.45217955E-06
      1.65900000      0.00000000      0.00000000 -1.78316097E-06
      1.66000000      0.00000000      0.00000000 -2.05753554E-06
      1.66100000      0.00000000      0.00000000 -2.25026099E-06
      1.66200000      0.00000000      0.00000000 -2.34331504E-06
      1.66300000      0.00000000      0.00000000 -2.36808499E-06
      1.66400000      0.00000000      0.00000000 -2.39664818E-06
      1.66500000      0.00000000      0.00000000 -2.46655764E-06
      1.66600000      0.00000000      0.00000000 -2.56362602E-06
      1.66700000      0.00000000      0.00000000 -2.68115626E-06
      1.66800000      0.00000000      0.00000000 -2.83713451E-06
      1.66900000      0.00000000      0.00000000 -3.02588633E-06
      1.67000000      0.00000000      0.00000000 -3.22319015E-06
      1.67100000      0.00000000      0.00000000 -3.44250233E-06
      1.67200000      0.00000000      0.00000000 -3.72572136E-06
      1.67300000      0.00000000      0.00000000 -4.08190666E-06
      1.67400000      0.00000000      0.00000000 -4.47809739E-06
      1.67500000      0.00000000      0.00000000 -4.86105289E-06
      1.67600000      0.00000000      0.00000000 -5.17656659E-06
      1.67700000      0.00000000      0.00000000 -5.42084560E-06
      1.67800000      0.00000000      0.00000000 -5.61288286E-06
      1.67900000      0.00000000      0.00000000 -5.72859165E-06
      1.68000000      0.00000000      0.00000000 -5.77708838E-06
      1.68100000      0.00000000      0.00000000 -5.80352673E-06
      1.68200000      0.00000000      0.00000000 -5.80174878E-06
      1.68300000      0.00000000      0.00000000 -5.73626160E-06
      1.68400000      0.00000000      0.00000000 -5.58714774E-06
      1.68500000      0.00000000      0.00000000 -5.38173039E-06
      1.68600000      0.00000000      0.00000000 -5.17544192E-06
      1.68700000      0.00000000      0.00000000 -5.00791592E-06
      1.68800000      0.00000000      0.00000000 -4.89681242E-06
      1.68900000      0.00000000      0.00000000 -4.83856449E-06
      1.69000000      0.00000000      0.00000000 -4.83335382E-06
      1.69100000      0.00000000      0.00000000 -4.87757966E-06
      1.69200000      0.00000000      0.00000000 -4.92492323E-06
      1.69300000      0.00000000      0.00000000 -4.94416292E-06
      1.69400000      0.00000000      0.00000000 -4.97731435E-06
      1.69500000      0.00000000      0.00000000 -5.05491774E-06
      1.69600000      0.00000000      0.00000000 -5.14384123E-06
      1.69700000      0.00000000      0.00000000 -5.20406679E-06
      1.69800000      0.00000000      0.00000000 -5.20299575E-06
      1.69900000      0.00000000      0.00000000 -5.11502455E-06
      1.70000000      0.00000000      0.00000000 -4.94006044E-06
      1.70100000      0.00000000      0.00000000 -4.67813625E-06
      1.70200000      0.00000000      0.00000000 -4.34010011E-06
      1.70300000      0.00000000      0.00000000 -3.97948962E-06
      1.70400000      0.00000000      0.00000000 -3.63772246E-06
      1.70500000      0.00000000      0.00000000 -3.29309532E-06
      1.70600000      0.00000000      0.00000000 -2.90927663E-06
      1.70700000      0.00000000      0.00000000 -2.49993769E-06
      1.70800000      0.00000000      0.00000000 -2.11277247E-06
      1.70900000      0.00000000      0.00000000 -1.77082347E-06
      1.71000000      0.00000000      0.00000000 -1.48267482E-06
      1.71100000      0.00000000      0.00000000 -1.27572458E-06
      1.71200000      0.00000000      0.00000000 -1.14796290E-06
      1.71300000      0.00000000      0.00000000 -1.07325427E-06
      1.71400000      0.00000000      0.00000000 -1.01349330E-06
      1.71500000      0.00000000      0.00000000 -9.08169058E-07
      1.71600000      0.00000000      0.00000000 -7.62488586E-07
      1.71700000      0.00000000      0.00000000 -6.24407514E-07
      1.71800000      0.00000000      0.00000000 -4.86455668E-07
      1.71900000      0.00000000      0.00000000 -3.13315853E-07
      1.72000000      0.00000000      0.00000000      0.00000000
      1.72100000      0.00000000      0.00000000 +1.80038243E-07
      1.72200000      0.00000000      0.00000000 +5.23618984E-07
      1.72300000      0.00000000      0.00000000 +9.51666097E-07
      1.72400000      0.00000000      0.00000000 +1.43646643E-06
      1.72500000      0.00000000      0.00000000 +1.92144455E-06
      1.72600000      0.00000000      0.00000000 +2.35519857E-06
      1.72700000      0.00000000      0.00000000 +2.72502324E-06
      1.72800000      0.00000000      0.00000000 +3.06118988E-06
      1.72900000      0.00000000      0.00000000 +3.38173778E-06
      1.73000000      0.00000000      0.00000000 +3.65828271E-06
      1.73100000      0.00000000      0.00000000 +3.87369150E-06
      1.73200000      0.00000000      0.00000000 +4.04705432E-06
      1.73300000      0.00000000      0.00000000 +4.15776150E-06
      1.73400000      0.00000000      0.00000000 +4.17289302E-06
      1.73500000      0.00000000      0.00000000 +4.12495133E-06
      1.73600000      0.00000000      0.00000000 +4.06863570E-06
      1.73700000      0.00000000      0.00000000 +4.05424852E-06
      1.73800000      0.00000000      0.00000000 +4.10638299E-06
      1.73900000      0.00000000      0.00000000 +4.19694113E-06
      1.74000000      0.00000000      0.00000000 +4.30517933E-06
      1.74100000      0.00000000      0.00000000 +4.44224777E-06
      1.74200000      0.00000000      0.00000000 +4.60959200E-06
      1.74300000      0.00000000      0.00000000 +4.79138189E-06
      1.74400000      0.00000000      0.00000000 +4.98930480E-06
      1.74500000      0.00000000      0.00000000 +5.23802048E-06
      1.74600000      0.00000000      0.00000000 +5.53383298E-06
      1.74700000      0.00000000      0.00000000 +5.80468971E-06
      1.74800000      0.00000000      0.00000000 +5.99783194E-06
      1.74900000      0.00000000      0.00000000 +6.10125188E-06
      1.75000000      0.00000000      0.00000000 +6.11747299E-06
      1.75100000      0.00000000      0.00000000 +6.07140043E-06
      1.75200000      0.00000000      0.00000000 +5.97447912E-06
      1.75300000      0.00000000      0.00000000 +5.82459541E-06
      1.75400000      0.00000000      0.00000000 +5.65019392E-06
      1.75500000      0.00000000      0.00000000 +5.46045453E-06
      1.75600000      0.00000000      0.00000000 +5.21500377E-06
      1.75700000      0.00000000      0.00000000 +4.90741336E-06
      1.75800000      0.00000000      0.00000000 +4.59804938E-06
      1.75900000      0.00000000      0.00000000 +4.34526079E-06
      1.76000000      0.00000000      0.00000000 +4.16440913E-06
      1.76100000      0.00000000      0.00000000 +4.04863198E-06
      1.76200000      0.00000000      0.00000000 +3.98435222E-06
      1.76300000      0.00000000      0.00000000 +3.95679779E-06
      1.76400000      0.00000000      0.00000000 +3.94104566E-06
      1.76500000      0.00000000      0.00000000 +3.91066262E-06
      1.76600000      0.00000000      0.00000000 +3.85613287E-06
      1.76700000      0.00000000      0.00000000 +3.79717696E-06
      1.76800000      0.00000000      0.00000000 +3.76777636E-06
      1.76900000      0.00000000      0.00000000 +3.72490091E-06
      1.77000000      0.00000000      0.00000000 +3.59668913E-06
      1.77100000      0.00000000      0.00000000 +3.38117036E-06
      1.77200000      0.00000000      0.00000000 +3.08451575E-06
      1.77300000      0.00000000      0.00000000 +2.70772437E-06
      1.77400000      0.00000000      0.00000000 +2.27640823E-06
      1.77500000      0.00000000      0.00000000 +1.82423843E-06
      1.77600000      0.00000000      0.00000000 +1.38938419E-06
      1.77700000      0.00000000      0.00000000 +9.91243164E-07
      1.77800000      0.00000000      0.00000000 +6.06335090E-07
      1.77900000      0.00000000      0.00000000 +2.05371553E-07
      1.78000000      0.00000000      0.00000000 -1.91022129E-07
      1.78100000      0.00000000      0.00000000 -5.24780091E-07
      1.78200000      0.00000000      0.00000000 -7.74005833E-07
      1.78300000      0.00000000      0.00000000 -9.56974411E-07
      1.78400000      0.00000000      0.00000000 -1.07470832E-06
      1.78500000      0.00000000      0.00000000 -1.12990276E-06
      1.78600000      0.00000000      0.00000000 -1.17387091E-06
      1.78700000      0.00000000      0.00000000 -1.25900430E-06
      1.78800000      0.00000000      0.00000000 -1.39463090E-06
      1.78900000      0.00000000      0.00000000 -1.56848198E-06
      1.79000000      0.00000000      0.00000000 -1.74800330E-06
      1.79100000      0.00000000      0.00000000 -1.92702040E-06
      1.79200000      0.00000000      0.00000000 -2.15436383E-06
      1.79300000      0.00000000      0.00000000 -2.45050608E-06
      1.79400000      0.00000000      0.00000000 -2.79235721E-06
      1.79500000      0.00000000      0.00000000 -3.18195511E-06
      1.79600000      0.00000000      0.00000000 -3.61905581E-06
      1.79700000      0.00000000      0.00000000 -4.05569808E-06
      1.79800000      0.00000000      0.00000000 -4.42970387E-06
      1.79900000      0.00000000      0.00000000 -4.71181496E-06
      1.80000000      0.00000000      0.00000000 -4.92744534E-06
      1.80100000      0.00000000      0.00000000 -5.10494988E-06
      1.80200000      0.00000000      0.00000000 -5.25002556E-06
      1.80300000      0.00000000      0.00000000 -5.35034461E-06
      1.80400000      0.00000000      0.00000000 -5.38007514E-06
      1.80500000      0.00000000      0.00000000 -5.35103806E-06
      1.80600000      0.00000000      0.00000000 -5.27858219E-06
      1.80700000      0.00000000      0.00000000 -5.14454393E-06
      1.80800000      0.00000000      0.00000000 -4.98317006E-06
      1.80900000      0.00000000      0.00000000 -4.87524117E-06
      1.81000000      0.00000000      0.00000000 -4.84841715E-06
      1.81100000      0.00000000      0.00000000 -4.88037410E-06
      1.81200000      0.00000000      0.00000000 -4.94194425E-06
      1.81300000      0.00000000      0.00000000 -5.01569633E-06
      1.81400000      0.00000000      0.00000000 -5.10244168E-06
      1.81500000      0.00000000      0.00000000 -5.20995542E-06
      1.81600000      0.00000000      0.00000000 -5.32906895E-06
      1.81700000      0.00000000      0.00000000 -5.45295306E-06
      1.81800000      0.00000000      0.00000000 -5.59465541E-06
      1.81900000      0.00000000      0.00000000 -5.73374256E-06
      1.82000000      0.00000000      0.00000000 -5.80274302E-06
      1.82100000      0.00000000      0.00000000 -5.74896465E-06
      1.82200000      0.00000000      0.00000000 -5.59569880E-06
      1.82300000      0.00000000      0.00000000 -5.38746583E-06
      1.82400000      0.00000000      0.00000000 -5.12980618E-06
      1.82500000      0.00000000      0.00000000 -4.83947469E-06
      1.82600000      0.00000000      0.00000000 -4.53421702E-06
      1.82700000      0.00000000      0.00000000 -4.21171903E-06
      1.82800000      0.00000000      0.00000000 -3.88041373E-06
      1.82900000      0.00000000      0.00000000 -3.52874541E-06
      1.83000000      0.00000000      0.00000000 -3.15550398E-06
      1.83100000      0.00000000      0.00000000 -2.82760211E-06
      1.83200000      0.00000000      0.00000000 -2.59982618E-06
      1.83300000      0.00000000      0.00000000 -2.45744507E-06
      1.83400000      0.00000000      0.00000000 -2.35934297E-06
      1.83500000      0.00000000      0.00000000 -2.28597010E-06
      1.83600000      0.00000000      0.00000000 -2.22561962E-06
      1.83700000      0.00000000      0.00000000 -2.14812782E-06
      1.83800000      0.00000000      0.00000000 -2.03429392E-06
      1.83900000      0.00000000      0.00000000 -1.89837353E-06
      1.84000000      0.00000000      0.00000000 -1.75717491E-06
      1.84100000      0.00000000      0.00000000 -1.60846161E-06
      1.84200000      0.00000000      0.00000000 -1.41910405E-06
      1.84300000      0.00000000      0.00000000 -1.12926223E-06
      1.84400000      0.00000000      0.00000000 -7.37863249E-07
      1.84500000      0.00000000      0.00000000 -2.98282218E-07
      1.84600000      0.00000000      0.00000000 +1.68988706E-07
      1.84700000      0.00000000      0.00000000 +6.53873428E-07
      1.84800000      0.00000000      0.00000000 +1.10923494E-06
      1.84900000      0.00000000      0.00000000 +1.50410333E-06
      1.85000000      0.00000000      0.00000000 +1.85600511E-06
      1.85100000      0.00000000      0.00000000 +2.18635713E-06
      1.85200000      0.00000000      0.00000000 +2.50628682E-06
      1.85300000      0.00000000      0.00000000 +2.78793571E-06
      1.85400000      0.00000000      0.00000000 +2.98240276E-06
      1.85500000      0.00000000      0.00000000 +3.08520917E-06
      1.85600000      0.00000000      0.00000000 +3.12859077E-06
      1.85700000      0.00000000      0.00000000 +3.14546396E-06
      1.85800000      0.00000000      0.00000000 +3.14840091E-06
      1.85900000      0.00000000      0.00000000 +3.16984498E-06
      1.86000000      0.00000000      0.00000000 +3.26632634E-06
      1.86100000      0.00000000      0.00000000 +3.42451092E-06
      1.86200000      0.00000000      0.00000000 +3.59423709E-06
      1.86300000      0.00000000      0.00000000 +3.76967885E-06
      1.86400000      0.00000000      0.00000000 +3.96220925E-06
      1.86500000      0.00000000      0.00000000 +4.19891570E-06
      1.86600000      0.00000000      0.00000000 +4.49690821E-06
      1.86700000      0.00000000      0.00000000 +4.82647975E-06
      1.86800000      0.00000000      0.00000000 +5.15584338E-06
      1.86900000      0.00000000      0.00000000 +5.47461397E-06
      1.87000000      0.00000000      0.00000000 +5.74532268E-06
      1.87100000      0.00000000      0.00000000 +5.91037224E-06
      1.87200000      0.00000000      0.00000000 +5.96944020E-06
      1.87300000      0.00000000      0.00000000 +5.97404418E-06
      1.87400000      0.00000000      0.00000000 +5.95655550E-06
      1.87500000      0.00000000      0.00000000 +5.90378282E-06
      1.87600000      0.00000000      0.00000000 +5.79720194E-06
      1.87700000      0.00000000      0.00000000 +5.63747808E-06
      1.87800000      0.00000000      0.00000000 +5.43330911E-06
      1.87900000      0.00000000      0.00000000 +5.20488962E-06
      1.88000000      0.00000000      0.00000000 +4.97543669E-06
      1.88100000      0.00000000      0.00000000 +4.76870481E-06
      1.88200000      0.00000000      0.00000000 +4.63982077E-06
      1.88300000      0.00000000      0.00000000 +4.61368875E-06
      1.88400000      0.00000000      0.00000000 +4.62638646E-06
      1.88500000      0.00000000      0.00000000 +4.63285502E-06
      1.88600000      0.00000000      0.00000000 +4.64236764E-06
      1.88700000      0.00000000      0.00000000 +4.65771048E-06
      1.88800000      0.00000000      0.00000000 +4.67595948E-06
      1.88900000      0.00000000      0.00000000 +4.69138571E-06
      1.89000000      0.00000000      0.00000000 +4.69505109E-06
      1.89100000      0.00000000      0.00000000 +4.67846242E-06
      1.89200000      0.00000000      0.00000000 +4.60996464E-06
      1.89300000      0.00000000      0.00000000 +4.44176322E-06
      1.89400000      0.00000000      0.00000000 +4.15294135E-06
      1.89500000      0.00000000      0.00000000 +3.78224962E-06
      1.89600000      0.00000000      0.00000000 +3.39874167E-06
      1.89700000      0.00000000      0.00000000 +3.01207404E-06
      1.89800000      0.00000000      0.00000000 +2.60828421E-06
      1.89900000      0.00000000      0.00000000 +2.21230500E-06
      1.90000000      0.00000000      0.00000000 +1.83249776E-06
      1.90100000      0.00000000      0.00000000 +1.45371738E-06
      1.90200000      0.00000000      0.00000000 +1.08262666E-06
      1.90300000      0.00000000      0.00000000 +7.48584539E-07
      1.90400000      0.00000000      0.00000000 +4.89903001E-07
      1.90500000      0.00000000      0.00000000 +3.37297610E-07
      1.90600000      0.00000000      0.00000000 +2.59730483E-07
      1.90700000      0.00000000      0.00000000 +1.87038337E-07
      1.90800000      0.00000000      0.00000000      0.00000000
      1.90900000      0.00000000      0.00000000      0.00000000
      1.91000000      0.00000000      0.00000000 -1.32289676E-07
      1.91100000      0.00000000      0.00000000 -3.09125221E-07
      1.91200000      0.00000000      0.00000000 -5.13810697E-07
      1.91300000      0.00000000      0.00000000 -7.21748368E-07
      1.91400000      0.00000000      0.00000000 -9.56970421E-07
      1.91500000      0.00000000      0.00000000 -1.26582343E-06
      1.91600000      0.00000000      0.00000000 -1.65824410E-06
      1.91700000      0.00000000      0.00000000 -2.11867773E-06
      1.91800000      0.00000000      0.00000000 -2.58966088E-06
      1.91900000      0.00000000      0.00000000 -3.02302433E-06
      1.92000000      0.00000000      0.00000000 -3.42286369E-06
      1.92100000      0.00000000      0.00000000 -3.76999816E-06
      1.92200000      0.00000000      0.00000000 -4.03446160E-06
      1.92300000      0.00000000      0.00000000 -4.24528366E-06
      1.92400000      0.00000000      0.00000000 -4.44128871E-06
      1.92500000      0.00000000      0.00000000 -4.60768788E-06
      1.92600000      0.00000000      0.00000000 -4.70656762E-06
      1.92700000      0.00000000      0.00000000 -4.71775732E-06
      1.92800000      0.00000000      0.00000000 -4.66038545E-06
      1.92900000      0.00000000      0.00000000 -4.57986203E-06
      1.93000000      0.00000000      0.00000000 -4.51471128E-06
      1.93100000      0.00000000      0.00000000 -4.48388186E-06
      1.93200000      0.00000000      0.00000000 -4.50137508E-06
      1.93300000      0.00000000      0.00000000 -4.58909602E-06
      1.93400000      0.00000000      0.00000000 -4.73252902E-06
      1.93500000      0.00000000      0.00000000 -4.87358200E-06
      1.93600000      0.00000000      0.00000000 -4.99784124E-06
      1.93700000      0.00000000      0.00000000 -5.15219616E-06
      1.93800000      0.00000000      0.00000000 -5.35225448E-06
      1.93900000      0.00000000      0.00000000 -5.57253295E-06
      1.94000000      0.00000000      0.00000000 -5.78948245E-06
      1.94100000      0.00000000      0.00000000 -5.96538454E-06
      1.94200000      0.00000000      0.00000000 -6.07186507E-06
      1.94300000      0.00000000      0.00000000 -6.09720728E-06
      1.94400000      0.00000000      0.00000000 -6.01408413E-06
      1.94500000      0.00000000      0.00000000 -5.83851985E-06
      1.94600000      0.00000000      0.00000000 -5.63529761E-06
      1.94700000      0.00000000      0.00000000 -5.43207653E-06
      1.94800000      0.00000000      0.00000000 -5.20466963E-06
      1.94900000      0.00000000      0.00000000 -4.92450576E-06
      1.95000000      0.00000000      0.00000000 -4.61268511E-06
      1.95100000      0.00000000      0.00000000 -4.30135134E-06
      1.95200000      0.00000000      0.00000000 -3.99896206E-06
      1.95300000      0.00000000      0.00000000 -3.73622633E-06
      1.95400000      0.00000000      0.00000000 -3.54540847E-06
      1.95500000      0.00000000      0.00000000 -3.43694574E-06
      1.95600000      0.00000000      0.00000000 -3.40184770E-06
      1.95700000      0.00000000      0.00000000 -3.38403098E-06
      1.95800000      0.00000000      0.00000000 -3.32721013E-06
      1.95900000      0.00000000      0.00000000 -3.24864233E-06
      1.96000000      0.00000000      0.00000000 -3.18018338E-06
      1.96100000      0.00000000      0.00000000 -3.10149275E-06
      1.96200000      0.00000000      0.00000000 -2.99115886E-06
      1.96300000      0.00000000      0.00000000 -2.85135657E-06
      1.96400000      0.00000000      0.00000000 -2.66372312E-06
      1.96500000      0.00000000      0.00000000 -2.39463593E-06
      1.96600000      0.00000000      0.00000000 -2.02392640E-06
      1.96700000      0.00000000      0.00000000 -1.56751144E-06
      1.96800000      0.00000000      0.00000000 -1.08520986E-06
      1.96900000      0.00000000      0.00000000 -6.29222893E-07
      1.97000000      0.00000000      0.00000000 -2.10837117E-07
      1.97100000      0.00000000      0.00000000 +1.93958518E-07
      1.97200000      0.00000000      0.00000000 +5.86698203E-07
      1.97300000      0.00000000      0.00000000 +9.35914459E-07
      1.97400000      0.00000000      0.00000000 +1.25252019E-06
      1.97500000      0.00000000      0.00000000 +1.54604644E-06
      1.97600000      0.00000000      0.00000000 +1.76912239E-06
      1.97700000      0.00000000      0.00000000 +1.89425203E-06
      1.97800000      0.00000000      0.00000000 +1.94493277E-06
      1.97900000      0.00000000      0.00000000 +1.96581518E-06
      1.98000000      0.00000000      0.00000000 +2.01657288E-06
      1.98100000      0.00000000      0.00000000 +2.11877172E-06
      1.98200000      0.00000000      0.00000000 +2.25174038E-06
      1.98300000      0.00000000      0.00000000 +2.41556224E-06
      1.98400000      0.00000000      0.00000000 +2.62125401E-06
      1.98500000      0.00000000      0.00000000 +2.85559220E-06
      1.98600000      0.00000000      0.00000000 +3.09704152E-06
      1.98700000      0.00000000      0.00000000 +3.36839572E-06
      1.98800000      0.00000000      0.00000000 +3.71527401E-06
      1.98900000      0.00000000      0.00000000 +4.12211256E-06
      1.99000000      0.00000000      0.00000000 +4.52880656E-06
      1.99100000      0.00000000      0.00000000 +4.88997414E-06
      1.99200000      0.00000000      0.00000000 +5.17873793E-06
      1.99300000      0.00000000      0.00000000 +5.39082736E-06
      1.99400000      0.00000000      0.00000000 +5.53744082E-06
      1.99500000      0.00000000      0.00000000 +5.61738608E-06
      1.99600000      0.00000000      0.00000000 +5.64032492E-06
      1.99700000      0.00000000      0.00000000 +5.64818980E-06
      1.99800000      0.00000000      0.00000000 +5.63082829E-06
      1.99900000      0.00000000      0.00000000 +5.53370427E-06
      2.00000000      0.00000000      0.00000000 +5.36678666E-06
